-- MySQL dump 10.13  Distrib 8.0.17, for macos10.14 (x86_64)
--
-- Host: localhost    Database: vk
-- ------------------------------------------------------
-- Server version	8.0.17

/*!40101 SET @OLD_CHARACTER_SET_CLIENT=@@CHARACTER_SET_CLIENT */;
/*!40101 SET @OLD_CHARACTER_SET_RESULTS=@@CHARACTER_SET_RESULTS */;
/*!40101 SET @OLD_COLLATION_CONNECTION=@@COLLATION_CONNECTION */;
/*!50503 SET NAMES utf8mb4 */;
/*!40103 SET @OLD_TIME_ZONE=@@TIME_ZONE */;
/*!40103 SET TIME_ZONE='+00:00' */;
/*!40014 SET @OLD_UNIQUE_CHECKS=@@UNIQUE_CHECKS, UNIQUE_CHECKS=0 */;
/*!40014 SET @OLD_FOREIGN_KEY_CHECKS=@@FOREIGN_KEY_CHECKS, FOREIGN_KEY_CHECKS=0 */;
/*!40101 SET @OLD_SQL_MODE=@@SQL_MODE, SQL_MODE='NO_AUTO_VALUE_ON_ZERO' */;
/*!40111 SET @OLD_SQL_NOTES=@@SQL_NOTES, SQL_NOTES=0 */;

--
-- Table structure for table `agg`
--

DROP TABLE IF EXISTS `agg`;
/*!40101 SET @saved_cs_client     = @@character_set_client */;
/*!50503 SET character_set_client = utf8mb4 */;
CREATE TABLE `agg` (
  `likes_item_id` int(10) unsigned NOT NULL,
  `likes_count` int(10) unsigned NOT NULL
) ENGINE=InnoDB DEFAULT CHARSET=utf8 COLLATE=utf8_unicode_ci;
/*!40101 SET character_set_client = @saved_cs_client */;

--
-- Dumping data for table `agg`
--

LOCK TABLES `agg` WRITE;
/*!40000 ALTER TABLE `agg` DISABLE KEYS */;
INSERT INTO `agg` VALUES (1,59674),(2,969596),(3,23284730),(4,0),(5,938),(6,1550),(7,198),(8,17294514),(9,0),(10,78274559),(11,372355),(12,312610056),(13,541),(14,5342),(15,5551817),(16,0),(17,9858),(18,603118270),(19,44),(20,78),(21,1361),(22,4),(23,166),(24,882121053),(25,4168),(26,11),(27,99554728),(28,0),(29,7984),(30,0),(31,914998),(32,96118492),(33,350),(34,758),(35,690),(36,4526170),(37,30),(38,83),(39,7304),(40,56411977),(41,5790),(42,1695360),(43,893),(44,554765),(45,158),(46,69893),(47,7446942),(48,0),(49,0),(50,325),(51,34),(52,2),(53,31074),(54,4),(55,5907652),(56,93091),(57,7416866),(58,4973972),(59,383852),(60,63),(61,6),(62,481586),(63,9614),(64,9),(65,40),(66,5389),(67,69),(68,71),(69,27310031),(70,76859),(71,5254190),(72,512),(73,463468),(74,17),(75,2171),(76,0),(77,8),(78,944848),(79,0),(80,699854656),(81,53015975),(82,390256335),(83,7746343),(84,2),(85,4897964),(86,653),(87,0),(88,1),(89,794607332),(90,0),(91,491),(92,80),(93,75677),(94,117390),(95,49426227),(96,0),(97,0),(98,38175334),(99,969046),(100,0);
/*!40000 ALTER TABLE `agg` ENABLE KEYS */;
UNLOCK TABLES;

--
-- Table structure for table `communities`
--

DROP TABLE IF EXISTS `communities`;
/*!40101 SET @saved_cs_client     = @@character_set_client */;
/*!50503 SET character_set_client = utf8mb4 */;
CREATE TABLE `communities` (
  `id` int(10) unsigned NOT NULL AUTO_INCREMENT,
  `name` varchar(150) CHARACTER SET utf8 COLLATE utf8_unicode_ci NOT NULL,
  PRIMARY KEY (`id`),
  UNIQUE KEY `name` (`name`)
) ENGINE=InnoDB AUTO_INCREMENT=101 DEFAULT CHARSET=utf8 COLLATE=utf8_unicode_ci;
/*!40101 SET character_set_client = @saved_cs_client */;

--
-- Dumping data for table `communities`
--

LOCK TABLES `communities` WRITE;
/*!40000 ALTER TABLE `communities` DISABLE KEYS */;
INSERT INTO `communities` VALUES (48,'a'),(85,'ab'),(96,'accusantium'),(53,'aliquid'),(66,'amet'),(55,'animi'),(3,'architecto'),(50,'at'),(94,'atque'),(37,'aut'),(70,'autem'),(64,'consectetur'),(36,'consequatur'),(41,'consequuntur'),(35,'culpa'),(13,'cupiditate'),(97,'deleniti'),(63,'dicta'),(86,'dignissimos'),(67,'distinctio'),(19,'dolor'),(92,'dolorem'),(60,'doloremque'),(7,'dolores'),(45,'dolorum'),(42,'ea'),(5,'eaque'),(10,'eligendi'),(39,'enim'),(21,'et'),(72,'eum'),(9,'ex'),(15,'exercitationem'),(83,'expedita'),(69,'fugit'),(47,'id'),(80,'illo'),(62,'in'),(82,'incidunt'),(89,'inventore'),(25,'ipsa'),(99,'ipsam'),(79,'ipsum'),(59,'iste'),(16,'iusto'),(57,'laboriosam'),(32,'laudantium'),(40,'minus'),(14,'molestiae'),(68,'molestias'),(38,'nam'),(52,'natus'),(90,'nemo'),(29,'nesciunt'),(65,'nihil'),(61,'nobis'),(31,'non'),(54,'nulla'),(74,'numquam'),(98,'odio'),(49,'odit'),(17,'officia'),(87,'officiis'),(33,'omnis'),(71,'optio'),(30,'pariatur'),(91,'perferendis'),(78,'perspiciatis'),(76,'placeat'),(26,'possimus'),(6,'provident'),(2,'qui'),(81,'quis'),(34,'quisquam'),(20,'quo'),(28,'quos'),(44,'ratione'),(11,'recusandae'),(22,'rem'),(75,'repellat'),(12,'repellendus'),(77,'reprehenderit'),(95,'repudiandae'),(58,'rerum'),(51,'saepe'),(8,'sapiente'),(24,'sequi'),(46,'sint'),(1,'sit'),(56,'temporibus'),(88,'unde'),(73,'ut'),(43,'vel'),(23,'velit'),(84,'veritatis'),(4,'vero'),(27,'voluptas'),(18,'voluptate'),(93,'voluptatem'),(100,'voluptatum');
/*!40000 ALTER TABLE `communities` ENABLE KEYS */;
UNLOCK TABLES;

--
-- Table structure for table `communities_users`
--

DROP TABLE IF EXISTS `communities_users`;
/*!40101 SET @saved_cs_client     = @@character_set_client */;
/*!50503 SET character_set_client = utf8mb4 */;
CREATE TABLE `communities_users` (
  `community_id` int(10) unsigned NOT NULL,
  `user_id` int(10) unsigned NOT NULL,
  `user_role` varchar(20) CHARACTER SET utf8 COLLATE utf8_unicode_ci NOT NULL,
  PRIMARY KEY (`community_id`,`user_id`)
) ENGINE=InnoDB DEFAULT CHARSET=utf8 COLLATE=utf8_unicode_ci;
/*!40101 SET character_set_client = @saved_cs_client */;

--
-- Dumping data for table `communities_users`
--

LOCK TABLES `communities_users` WRITE;
/*!40000 ALTER TABLE `communities_users` DISABLE KEYS */;
INSERT INTO `communities_users` VALUES (1,1,''),(2,2,''),(3,3,''),(4,4,''),(5,5,''),(6,6,''),(7,7,''),(8,8,''),(9,9,''),(10,10,''),(11,11,''),(12,12,''),(13,13,''),(14,14,''),(15,15,''),(16,16,''),(17,17,''),(18,18,''),(19,19,''),(20,20,''),(21,21,''),(22,22,''),(23,23,''),(24,24,''),(25,25,''),(26,26,''),(27,27,''),(28,28,''),(29,29,''),(30,30,''),(31,31,''),(32,32,''),(33,33,''),(34,34,''),(35,35,''),(36,36,''),(37,37,''),(38,38,''),(39,39,''),(40,40,''),(41,41,''),(42,42,''),(43,43,''),(44,44,''),(45,45,''),(46,46,''),(47,47,''),(48,48,''),(49,49,''),(50,50,''),(51,51,''),(52,52,''),(53,53,''),(54,54,''),(55,55,''),(56,56,''),(57,57,''),(58,58,''),(59,59,''),(60,60,''),(61,61,''),(62,62,''),(63,63,''),(64,64,''),(65,65,''),(66,66,''),(67,67,''),(68,68,''),(69,69,''),(70,70,''),(71,71,''),(72,72,''),(73,73,''),(74,74,''),(75,75,''),(76,76,''),(77,77,''),(78,78,''),(79,79,''),(80,80,''),(81,81,''),(82,82,''),(83,83,''),(84,84,''),(85,85,''),(86,86,''),(87,87,''),(88,88,''),(89,89,''),(90,90,''),(91,91,''),(92,92,''),(93,93,''),(94,94,''),(95,95,''),(96,96,''),(97,97,''),(98,98,''),(99,99,''),(100,100,'');
/*!40000 ALTER TABLE `communities_users` ENABLE KEYS */;
UNLOCK TABLES;

--
-- Table structure for table `friendship`
--

DROP TABLE IF EXISTS `friendship`;
/*!40101 SET @saved_cs_client     = @@character_set_client */;
/*!50503 SET character_set_client = utf8mb4 */;
CREATE TABLE `friendship` (
  `user_id` int(10) unsigned NOT NULL,
  `friend_id` int(10) unsigned NOT NULL,
  `status` varchar(20) CHARACTER SET utf8 COLLATE utf8_unicode_ci NOT NULL,
  `requested_at` datetime DEFAULT CURRENT_TIMESTAMP,
  `confirmed_at` datetime DEFAULT NULL,
  PRIMARY KEY (`user_id`,`friend_id`)
) ENGINE=InnoDB DEFAULT CHARSET=utf8 COLLATE=utf8_unicode_ci;
/*!40101 SET character_set_client = @saved_cs_client */;

--
-- Dumping data for table `friendship`
--

LOCK TABLES `friendship` WRITE;
/*!40000 ALTER TABLE `friendship` DISABLE KEYS */;
INSERT INTO `friendship` VALUES (1,1,'Necessitatibus nam v','2010-03-14 00:21:40','2009-05-06 17:02:16'),(2,2,'At quibusdam sint ni','1975-01-01 19:14:19','2001-10-06 16:39:21'),(3,3,'Vitae facere velit c','1989-12-02 14:32:19','2008-06-05 21:33:05'),(4,4,'Qui quibusdam dolore','1977-11-12 17:05:45','1997-07-27 05:25:44'),(5,5,'Qui ut quaerat nobis','1978-11-17 04:58:57','1994-02-04 02:29:45'),(6,6,'Nemo asperiores corr','1998-09-25 19:24:09','2015-06-11 17:46:45'),(7,7,'Temporibus sint aut ','1995-01-09 11:45:48','1979-09-12 23:19:55'),(8,8,'Ut consectetur imped','2010-01-28 01:46:31','1999-02-20 02:54:31'),(9,9,'Asperiores voluptas ','1978-03-12 10:15:37','1999-12-09 22:19:19'),(10,10,'Corrupti et sunt acc','2009-09-12 02:33:31','1972-05-26 09:37:39'),(11,11,'Esse facilis hic ea ','2010-11-04 00:57:28','1979-11-26 00:25:23'),(12,12,'Doloribus aut nihil ','1998-08-14 01:16:05','1974-09-01 09:53:58'),(13,13,'Libero vitae itaque ','2000-08-29 13:20:37','2009-03-18 15:43:14'),(14,14,'Voluptas neque corru','1970-06-09 15:21:23','1985-11-01 09:19:29'),(15,15,'Non ullam non hic co','2007-10-15 17:10:07','1980-11-21 21:40:25'),(16,16,'Cumque voluptatem co','1996-08-26 11:20:23','1973-05-15 22:56:16'),(17,17,'Ipsa veniam consecte','1974-02-15 02:26:24','2015-07-16 04:09:34'),(18,18,'Nihil recusandae mol','2002-09-11 07:14:18','1999-08-18 20:27:07'),(19,19,'Rerum aut excepturi ','1996-07-22 05:19:58','1992-05-09 20:36:39'),(20,20,'Consequuntur tempori','1979-04-20 03:33:49','2014-05-26 07:40:15'),(21,21,'Nam asperiores accus','1983-04-17 21:27:19','1996-02-24 00:26:59'),(22,22,'Ratione tempore a na','2016-05-08 08:46:07','2015-03-09 10:52:33'),(23,23,'Ut nihil placeat dol','1973-06-12 00:33:02','2009-04-06 02:49:29'),(24,24,'Repellendus aut dist','1975-04-08 23:44:15','2005-06-18 00:33:10'),(25,25,'Eaque quaerat vero v','2019-03-01 20:53:59','1973-03-23 12:10:46'),(26,26,'Voluptatem non est q','1998-06-10 19:33:04','2019-07-28 20:17:46'),(27,27,'Qui dolores adipisci','1995-09-19 17:10:09','2006-04-08 19:21:02'),(28,28,'Dolorem minus non no','1973-07-05 16:30:09','1973-09-27 08:43:00'),(29,29,'Beatae inventore und','1986-03-11 05:17:18','2018-06-01 22:32:17'),(30,30,'Mollitia molestiae q','1992-07-31 17:06:41','2015-04-14 14:35:38'),(31,31,'Dolorum fugit ut rec','2009-09-20 09:55:28','2019-05-03 15:13:34'),(32,32,'Error iure commodi o','1982-03-14 01:23:06','2000-12-24 00:02:08'),(33,33,'Omnis deserunt optio','2018-11-05 16:09:17','1983-01-11 18:48:23'),(34,34,'Veniam ratione magni','1996-03-06 18:22:45','1993-04-05 05:27:49'),(35,35,'Earum beatae in eos ','1977-11-14 06:59:54','2004-05-31 05:46:38'),(36,36,'Ea id ut suscipit ea','1994-02-10 04:16:34','2019-08-07 17:24:45'),(37,37,'Adipisci non adipisc','1984-12-27 14:01:43','1970-02-04 21:12:19'),(38,38,'Incidunt et rerum qu','2012-07-19 05:33:25','2010-06-05 10:01:44'),(39,39,'Et minus vel ullam f','2000-04-24 04:58:46','1997-06-17 02:05:57'),(40,40,'Error consequatur su','1985-02-21 18:20:38','2009-03-28 12:47:41'),(41,41,'Esse qui enim fugit.','1987-05-04 11:24:08','2002-01-05 10:58:51'),(42,42,'Qui ut consequatur v','1982-02-02 11:01:32','1985-04-29 01:39:53'),(43,43,'Nesciunt dolore prov','2013-04-29 10:35:02','1975-01-10 21:20:16'),(44,44,'Voluptas qui sed atq','1984-05-12 21:33:39','1986-10-14 01:10:07'),(45,45,'Voluptatem sit conse','1992-12-12 05:50:43','1976-11-15 20:30:14'),(46,46,'Incidunt voluptatem ','2001-03-12 22:07:56','2009-01-02 14:12:40'),(47,47,'Et accusantium eum r','1975-09-26 06:17:20','1997-10-26 19:27:06'),(48,48,'Reiciendis eum cupid','1972-11-26 02:13:35','2018-05-15 19:48:55'),(49,49,'Facilis velit pariat','1994-09-01 00:50:56','2006-04-25 17:24:57'),(50,50,'Quia atque amet odio','2014-03-20 04:23:27','1994-05-08 22:23:55'),(51,51,'Non ducimus voluptas','1997-06-24 20:54:24','1990-06-25 23:22:17'),(52,52,'Voluptatem assumenda','2008-02-05 18:04:31','1973-02-12 02:00:48'),(53,53,'Et dolorum amet tota','1986-05-08 23:15:35','2002-08-30 09:55:52'),(54,54,'Quisquam omnis volup','1998-11-25 08:19:10','1987-08-11 04:38:47'),(55,55,'Sit ipsum blanditiis','2013-09-01 04:00:31','2006-08-23 01:00:14'),(56,56,'Rerum non velit a po','1996-07-19 20:14:01','2001-04-27 03:59:47'),(57,57,'Doloremque fugiat vo','1971-04-16 16:36:44','1976-05-20 19:48:45'),(58,58,'Sed aut et sint qui ','1998-01-16 13:37:30','2014-05-22 20:47:46'),(59,59,'Dignissimos cupidita','1970-11-10 14:08:20','1978-02-03 03:12:03'),(60,60,'Nisi qui harum volup','1990-02-14 13:11:14','1982-01-22 20:03:25'),(61,61,'Molestias labore qui','2010-05-19 00:55:55','1982-11-01 03:48:24'),(62,62,'Non aut possimus quo','1987-01-25 19:55:31','2004-09-12 01:25:10'),(63,63,'Labore explicabo lau','1997-04-18 21:28:02','1990-02-23 19:05:27'),(64,64,'Non et ut pariatur c','1994-09-25 14:42:14','2014-09-02 21:39:19'),(65,65,'Rerum ut placeat fac','1990-09-08 03:04:01','2017-05-06 12:02:00'),(66,66,'Rerum qui sint numqu','2015-05-14 07:45:54','1982-04-25 20:06:17'),(67,67,'Magni consequatur es','2017-02-01 09:49:17','1974-11-26 16:53:54'),(68,68,'Tenetur non asperior','1977-07-14 10:16:22','1983-09-07 15:49:42'),(69,69,'Dolorem quam et at n','1988-11-26 23:27:28','1970-08-24 21:20:51'),(70,70,'Et et sit nostrum la','1999-05-13 02:51:31','2019-05-28 12:59:24'),(71,71,'Minima repellendus q','1999-11-10 20:11:35','1986-05-09 02:42:10'),(72,72,'Fuga nihil excepturi','1979-05-14 07:45:27','2016-08-14 21:42:36'),(73,73,'Temporibus nisi quod','1974-02-06 15:39:43','1972-10-11 16:40:01'),(74,74,'Dicta enim quas corp','2002-04-19 23:03:33','2009-04-07 20:00:00'),(75,75,'Vel ad perspiciatis ','2008-01-31 13:22:59','2015-03-24 06:13:51'),(76,76,'Corrupti ut cum nece','1971-03-11 15:34:02','1976-02-29 20:03:03'),(77,77,'Ad voluptatibus et m','2003-02-25 12:06:04','1993-03-17 19:34:55'),(78,78,'Possimus odit suscip','1976-12-04 23:06:07','1979-01-27 21:06:32'),(79,79,'Tempora nulla magnam','1972-06-25 16:38:03','1992-03-03 21:13:32'),(80,80,'Ex tempore numquam e','1985-04-21 03:28:54','1990-08-13 16:15:17'),(81,81,'Assumenda in alias t','2010-02-02 05:24:37','2014-12-08 02:56:40'),(82,82,'Laudantium velit dol','1971-06-02 06:29:05','2015-02-01 18:34:06'),(83,83,'Necessitatibus ut an','1976-03-30 16:12:12','1978-10-13 18:57:54'),(84,84,'Et molestias consect','1974-08-07 09:13:53','1998-08-14 09:22:35'),(85,85,'Excepturi quia rem q','2016-08-01 23:16:47','2003-08-02 16:54:36'),(86,86,'Recusandae et doloru','1987-08-16 21:48:47','1998-07-10 19:43:23'),(87,87,'Magni temporibus ea ','2011-08-21 02:28:06','2015-09-13 09:22:03'),(88,88,'Vel delectus expedit','2004-05-28 12:34:05','2019-08-20 15:28:34'),(89,89,'Accusantium quaerat ','1980-10-25 15:55:51','1980-12-22 23:29:23'),(90,90,'Quidem rerum rem qui','2003-07-15 03:22:08','1992-08-09 14:48:42'),(91,91,'Magni in aut id tota','2016-11-05 14:13:28','2004-11-02 11:11:22'),(92,92,'Est ad dicta nesciun','2016-12-09 00:16:39','1996-07-24 00:19:03'),(93,93,'Et quis explicabo fu','1970-12-24 13:39:37','1987-09-07 22:07:19'),(94,94,'Autem labore aut et ','2003-04-26 12:21:57','2013-08-25 15:20:06'),(95,95,'Doloremque quaerat o','1970-10-25 11:38:29','2014-06-26 03:35:27'),(96,96,'Omnis nisi eum tempo','1990-02-08 06:22:58','2013-09-26 15:22:29'),(97,97,'Minus sed eaque et s','1983-09-04 06:04:20','1988-08-08 15:35:28'),(98,98,'Ratione commodi maio','2019-04-12 01:43:33','1992-11-06 07:44:57'),(99,99,'Et sit quia ab aut a','2000-10-23 22:53:58','1985-01-28 23:48:37'),(100,100,'Eum similique ut ut ','2012-02-16 18:55:54','1989-11-01 14:38:33');
/*!40000 ALTER TABLE `friendship` ENABLE KEYS */;
UNLOCK TABLES;

--
-- Table structure for table `like_types`
--

DROP TABLE IF EXISTS `like_types`;
/*!40101 SET @saved_cs_client     = @@character_set_client */;
/*!50503 SET character_set_client = utf8mb4 */;
CREATE TABLE `like_types` (
  `id` int(10) unsigned NOT NULL AUTO_INCREMENT,
  `name` varchar(255) CHARACTER SET utf8 COLLATE utf8_unicode_ci NOT NULL,
  PRIMARY KEY (`id`),
  UNIQUE KEY `name` (`name`)
) ENGINE=InnoDB AUTO_INCREMENT=101 DEFAULT CHARSET=utf8 COLLATE=utf8_unicode_ci;
/*!40101 SET character_set_client = @saved_cs_client */;

--
-- Dumping data for table `like_types`
--

LOCK TABLES `like_types` WRITE;
/*!40000 ALTER TABLE `like_types` DISABLE KEYS */;
INSERT INTO `like_types` VALUES (89,'accusamus'),(97,'accusantium'),(46,'adipisci'),(54,'aliquam'),(96,'animi'),(5,'aperiam'),(39,'assumenda'),(61,'at'),(44,'aut'),(56,'blanditiis'),(2,'commodi'),(100,'consequatur'),(52,'corporis'),(85,'corrupti'),(45,'cumque'),(75,'debitis'),(82,'delectus'),(91,'dicta'),(16,'dignissimos'),(3,'distinctio'),(95,'dolor'),(29,'dolore'),(13,'dolorem'),(69,'doloremque'),(7,'earum'),(12,'eius'),(47,'eligendi'),(67,'enim'),(49,'eos'),(35,'error'),(31,'est'),(18,'et'),(60,'eum'),(17,'eveniet'),(28,'ex'),(20,'excepturi'),(14,'fuga'),(65,'harum'),(76,'in'),(64,'inventore'),(24,'ipsum'),(27,'iste'),(9,'itaque'),(11,'iusto'),(48,'labore'),(73,'laborum'),(72,'laudantium'),(83,'libero'),(66,'magni'),(86,'maiores'),(6,'maxime'),(37,'modi'),(30,'molestias'),(80,'mollitia'),(92,'natus'),(50,'necessitatibus'),(74,'neque'),(32,'nihil'),(99,'nisi'),(71,'nobis'),(62,'non'),(40,'nostrum'),(63,'numquam'),(51,'odit'),(55,'officia'),(98,'omnis'),(23,'optio'),(77,'placeat'),(94,'praesentium'),(4,'provident'),(19,'quae'),(25,'quaerat'),(81,'quam'),(42,'quas'),(41,'qui'),(59,'quia'),(58,'quidem'),(21,'quis'),(33,'quo'),(88,'quos'),(26,'ratione'),(68,'recusandae'),(15,'rem'),(78,'reprehenderit'),(38,'rerum'),(1,'saepe'),(70,'sapiente'),(57,'sed'),(34,'sit'),(43,'soluta'),(93,'sunt'),(10,'tempora'),(22,'temporibus'),(84,'tenetur'),(90,'ut'),(79,'velit'),(87,'veritatis'),(53,'voluptas'),(8,'voluptate'),(36,'voluptates');
/*!40000 ALTER TABLE `like_types` ENABLE KEYS */;
UNLOCK TABLES;

--
-- Table structure for table `likes`
--

DROP TABLE IF EXISTS `likes`;
/*!40101 SET @saved_cs_client     = @@character_set_client */;
/*!50503 SET character_set_client = utf8mb4 */;
CREATE TABLE `likes` (
  `id` int(10) unsigned NOT NULL AUTO_INCREMENT,
  `likes_type_id` int(10) unsigned NOT NULL,
  `user_id` int(10) unsigned NOT NULL,
  `metadata` longtext CHARACTER SET utf8mb4 COLLATE utf8mb4_bin,
  `created_at` datetime DEFAULT CURRENT_TIMESTAMP,
  `updated_at` datetime DEFAULT CURRENT_TIMESTAMP ON UPDATE CURRENT_TIMESTAMP,
  PRIMARY KEY (`id`)
) ENGINE=InnoDB AUTO_INCREMENT=101 DEFAULT CHARSET=utf8 COLLATE=utf8_unicode_ci;
/*!40101 SET character_set_client = @saved_cs_client */;

--
-- Dumping data for table `likes`
--

LOCK TABLES `likes` WRITE;
/*!40000 ALTER TABLE `likes` DISABLE KEYS */;
INSERT INTO `likes` VALUES (1,1,1,NULL,'1991-05-02 02:51:37','2016-04-19 01:44:05'),(2,2,2,NULL,'2008-07-10 17:57:29','2015-11-26 07:11:33'),(3,3,3,NULL,'1976-04-08 23:38:37','1997-12-16 03:24:37'),(4,4,4,NULL,'1999-06-18 00:21:07','1973-04-29 07:16:32'),(5,5,5,NULL,'1996-06-28 06:04:19','2000-08-21 16:06:16'),(6,6,6,NULL,'2015-05-01 03:44:19','1994-02-03 21:51:46'),(7,7,7,NULL,'2016-08-29 10:45:27','1975-09-06 00:47:31'),(8,8,8,NULL,'2019-01-01 11:08:32','1993-04-26 07:32:16'),(9,9,9,NULL,'1997-02-07 00:54:33','1999-08-31 00:17:17'),(10,10,10,NULL,'1984-04-02 12:12:20','2012-06-07 23:08:32'),(11,11,11,NULL,'1997-04-13 06:14:24','2007-09-16 11:23:56'),(12,12,12,NULL,'1978-05-08 05:14:43','2006-11-02 16:56:07'),(13,13,13,NULL,'1992-05-04 01:09:03','1990-01-08 12:35:42'),(14,14,14,NULL,'1982-04-26 00:47:37','1995-02-20 11:29:00'),(15,15,15,NULL,'1988-08-15 04:30:13','1984-03-28 23:19:08'),(16,16,16,NULL,'1972-09-07 18:53:03','1999-10-20 13:03:42'),(17,17,17,NULL,'1990-08-08 03:12:43','1978-11-18 06:24:19'),(18,18,18,NULL,'2012-02-28 21:42:44','1997-07-08 22:04:16'),(19,19,19,NULL,'1979-08-08 22:56:13','1996-05-03 19:33:11'),(20,20,20,NULL,'1970-07-19 09:46:11','2016-01-10 03:56:34'),(21,21,21,NULL,'2008-04-21 20:38:27','1985-02-10 19:18:11'),(22,22,22,NULL,'1980-08-18 18:27:30','1996-03-01 15:25:59'),(23,23,23,NULL,'2017-12-05 03:16:11','2009-08-04 16:00:01'),(24,24,24,NULL,'2005-08-01 08:42:23','1993-07-16 00:12:59'),(25,25,25,NULL,'1975-12-21 01:33:26','2005-10-07 11:38:59'),(26,26,26,NULL,'2002-01-27 00:16:18','2003-01-21 10:36:46'),(27,27,27,NULL,'1978-10-11 22:05:48','1982-03-17 22:58:05'),(28,28,28,NULL,'2005-09-18 14:56:40','2013-08-02 11:41:47'),(29,29,29,NULL,'2008-01-07 04:58:39','1981-07-05 11:57:29'),(30,30,30,NULL,'1975-03-05 06:56:46','2017-02-08 00:55:36'),(31,31,31,NULL,'2014-09-17 22:38:45','1992-06-26 08:28:42'),(32,32,32,NULL,'2015-12-14 09:29:32','1975-02-20 12:11:19'),(33,33,33,NULL,'1984-04-12 08:27:46','1993-04-04 00:40:24'),(34,34,34,NULL,'1990-07-04 10:54:36','1984-02-24 06:24:15'),(35,35,35,NULL,'1979-02-14 22:34:51','1999-07-16 16:47:04'),(36,36,36,NULL,'1996-05-24 00:36:15','2015-10-31 14:32:00'),(37,37,37,NULL,'1999-03-29 03:51:54','1983-10-01 02:30:36'),(38,38,38,NULL,'2001-06-17 12:07:13','1970-03-24 06:48:26'),(39,39,39,NULL,'1995-04-10 14:27:09','2002-03-23 22:33:56'),(40,40,40,NULL,'1974-06-10 11:20:21','1980-09-26 09:31:13'),(41,41,41,NULL,'2007-02-12 03:01:24','1977-08-09 03:01:55'),(42,42,42,NULL,'1983-11-02 15:14:35','1978-12-11 06:09:30'),(43,43,43,NULL,'2003-08-28 12:48:29','2005-03-18 18:37:50'),(44,44,44,NULL,'1997-05-14 00:45:29','2012-02-13 23:22:48'),(45,45,45,NULL,'1996-12-13 02:34:40','1984-04-02 15:48:24'),(46,46,46,NULL,'2003-12-25 00:25:28','2002-07-02 18:23:24'),(47,47,47,NULL,'1977-10-18 21:12:19','2002-03-16 19:28:17'),(48,48,48,NULL,'1994-08-12 03:07:03','2015-05-17 02:57:35'),(49,49,49,NULL,'2012-05-19 13:38:30','1970-04-28 03:46:35'),(50,50,50,NULL,'1980-10-06 17:37:39','2017-05-24 09:05:08'),(51,51,51,NULL,'2000-06-07 07:06:34','1974-02-05 13:40:50'),(52,52,52,NULL,'1971-03-01 05:58:21','2015-03-18 09:33:57'),(53,53,53,NULL,'2005-10-29 20:11:59','2015-07-10 15:07:49'),(54,54,54,NULL,'1971-03-03 09:55:17','2015-10-19 17:26:53'),(55,55,55,NULL,'1990-04-22 16:29:06','1986-10-17 02:36:24'),(56,56,56,NULL,'1973-11-06 16:22:32','1984-04-11 19:37:58'),(57,57,57,NULL,'1974-10-27 01:09:07','1973-09-19 14:17:52'),(58,58,58,NULL,'2001-05-21 20:32:51','2000-06-27 19:06:15'),(59,59,59,NULL,'1989-01-13 06:58:58','2003-08-13 10:40:47'),(60,60,60,NULL,'1978-03-28 21:54:18','2005-09-11 05:05:57'),(61,61,61,NULL,'1991-03-12 08:20:53','1973-12-14 16:41:16'),(62,62,62,NULL,'2009-02-25 02:51:44','2014-12-08 18:37:34'),(63,63,63,NULL,'2000-06-19 04:10:52','2016-07-17 01:30:34'),(64,64,64,NULL,'1975-10-29 13:52:02','1984-05-12 07:46:05'),(65,65,65,NULL,'2011-07-10 16:45:53','1999-04-26 02:14:29'),(66,66,66,NULL,'1998-11-11 19:43:09','1985-02-11 14:12:22'),(67,67,67,NULL,'2015-11-04 19:06:15','2015-03-16 08:14:22'),(68,68,68,NULL,'2010-06-26 13:14:35','1977-01-22 16:43:59'),(69,69,69,NULL,'1998-04-07 23:03:14','1994-11-04 14:00:05'),(70,70,70,NULL,'1983-01-27 18:19:05','1990-03-06 14:16:26'),(71,71,71,NULL,'1980-07-07 21:07:15','2012-02-29 19:55:17'),(72,72,72,NULL,'1981-08-14 07:15:26','1977-12-20 04:19:12'),(73,73,73,NULL,'2010-08-02 10:34:47','1977-10-20 03:24:39'),(74,74,74,NULL,'1996-10-15 01:41:45','1973-08-09 23:45:43'),(75,75,75,NULL,'1991-01-29 06:19:31','1976-06-03 17:36:51'),(76,76,76,NULL,'1975-02-28 21:22:03','1971-11-04 08:35:21'),(77,77,77,NULL,'2009-08-23 21:27:29','2006-06-01 22:46:43'),(78,78,78,NULL,'1999-07-26 03:38:51','2007-11-11 23:10:28'),(79,79,79,NULL,'2001-05-06 03:02:58','1983-05-07 10:12:56'),(80,80,80,NULL,'2004-09-26 05:02:36','1973-09-01 15:44:24'),(81,81,81,NULL,'2011-03-04 15:16:13','1982-11-24 12:34:45'),(82,82,82,NULL,'2003-11-25 13:33:17','2016-10-08 17:13:53'),(83,83,83,NULL,'1977-07-28 08:40:42','2000-07-28 15:55:38'),(84,84,84,NULL,'2003-10-28 01:09:15','1990-02-11 23:06:36'),(85,85,85,NULL,'1984-01-22 20:20:48','1995-11-14 08:08:45'),(86,86,86,NULL,'1987-06-16 15:35:31','1981-10-30 06:55:22'),(87,87,87,NULL,'2000-07-21 02:02:48','1990-12-14 20:34:29'),(88,88,88,NULL,'1990-08-05 16:33:45','1988-09-17 16:40:46'),(89,89,89,NULL,'2001-08-07 12:22:29','2017-05-04 06:06:21'),(90,90,90,NULL,'1999-12-16 16:20:35','1998-01-09 03:15:15'),(91,91,91,NULL,'2011-12-22 15:09:59','1972-09-09 14:03:58'),(92,92,92,NULL,'2006-07-26 12:08:24','1990-03-04 09:21:14'),(93,93,93,NULL,'1984-04-22 03:12:11','2017-06-14 23:31:33'),(94,94,94,NULL,'2011-03-08 03:55:28','1988-03-14 06:56:22'),(95,95,95,NULL,'2019-03-12 23:06:53','2003-04-20 20:23:36'),(96,96,96,NULL,'1994-01-25 15:11:39','2011-09-24 05:45:45'),(97,97,97,NULL,'2014-02-08 00:36:41','2010-10-26 00:48:50'),(98,98,98,NULL,'1994-11-18 01:50:59','1985-04-28 05:08:39'),(99,99,99,NULL,'1996-12-25 01:47:53','2006-01-06 13:08:31'),(100,100,100,NULL,'2013-07-25 00:41:53','1973-09-22 02:26:37');
/*!40000 ALTER TABLE `likes` ENABLE KEYS */;
UNLOCK TABLES;

--
-- Table structure for table `likes_types`
--

DROP TABLE IF EXISTS `likes_types`;
/*!40101 SET @saved_cs_client     = @@character_set_client */;
/*!50503 SET character_set_client = utf8mb4 */;
CREATE TABLE `likes_types` (
  `id` int(10) unsigned NOT NULL AUTO_INCREMENT,
  `name` varchar(255) CHARACTER SET utf8 COLLATE utf8_unicode_ci NOT NULL,
  PRIMARY KEY (`id`),
  UNIQUE KEY `name` (`name`)
) ENGINE=InnoDB AUTO_INCREMENT=101 DEFAULT CHARSET=utf8 COLLATE=utf8_unicode_ci;
/*!40101 SET character_set_client = @saved_cs_client */;

--
-- Dumping data for table `likes_types`
--

LOCK TABLES `likes_types` WRITE;
/*!40000 ALTER TABLE `likes_types` DISABLE KEYS */;
INSERT INTO `likes_types` VALUES (37,'ad'),(67,'adipisci'),(47,'aliquam'),(78,'aliquid'),(2,'amet'),(22,'animi'),(94,'aperiam'),(26,'architecto'),(73,'assumenda'),(21,'at'),(46,'aut'),(74,'blanditiis'),(15,'commodi'),(95,'consectetur'),(18,'consequatur'),(24,'corporis'),(11,'corrupti'),(99,'cumque'),(25,'deleniti'),(34,'distinctio'),(65,'dolore'),(30,'dolorem'),(41,'doloremque'),(48,'dolores'),(88,'doloribus'),(16,'ducimus'),(49,'ea'),(42,'earum'),(79,'eligendi'),(72,'enim'),(84,'eos'),(50,'error'),(29,'est'),(12,'et'),(39,'eveniet'),(60,'excepturi'),(36,'explicabo'),(7,'facere'),(76,'hic'),(82,'id'),(14,'illo'),(70,'illum'),(93,'impedit'),(58,'in'),(91,'ipsa'),(28,'ipsam'),(43,'itaque'),(3,'iure'),(35,'laudantium'),(17,'magni'),(100,'maiores'),(57,'minus'),(69,'molestiae'),(8,'mollitia'),(89,'nam'),(40,'natus'),(23,'necessitatibus'),(77,'nemo'),(97,'nihil'),(71,'non'),(59,'nostrum'),(52,'nulla'),(51,'numquam'),(19,'odit'),(98,'officia'),(33,'omnis'),(31,'optio'),(55,'pariatur'),(96,'porro'),(81,'possimus'),(92,'quaerat'),(53,'quam'),(68,'quas'),(38,'quasi'),(20,'qui'),(90,'quia'),(83,'quo'),(87,'quod'),(54,'quos'),(75,'ratione'),(63,'reiciendis'),(32,'rem'),(80,'repellendus'),(86,'reprehenderit'),(10,'rerum'),(4,'sapiente'),(66,'sed'),(44,'similique'),(64,'sint'),(61,'sit'),(5,'tempora'),(27,'tempore'),(9,'ut'),(56,'vel'),(45,'vero'),(85,'vitae'),(6,'voluptas'),(1,'voluptate'),(13,'voluptatem'),(62,'voluptatum');
/*!40000 ALTER TABLE `likes_types` ENABLE KEYS */;
UNLOCK TABLES;

--
-- Table structure for table `media`
--

DROP TABLE IF EXISTS `media`;
/*!40101 SET @saved_cs_client     = @@character_set_client */;
/*!50503 SET character_set_client = utf8mb4 */;
CREATE TABLE `media` (
  `id` int(10) unsigned NOT NULL AUTO_INCREMENT,
  `media_type_id` int(10) unsigned NOT NULL,
  `user_id` int(10) unsigned NOT NULL,
  `filename` varchar(255) CHARACTER SET utf8 COLLATE utf8_unicode_ci NOT NULL,
  `size` int(11) NOT NULL,
  `metadata` longtext CHARACTER SET utf8mb4 COLLATE utf8mb4_bin,
  `created_at` datetime DEFAULT CURRENT_TIMESTAMP,
  `updated_at` datetime DEFAULT CURRENT_TIMESTAMP ON UPDATE CURRENT_TIMESTAMP,
  PRIMARY KEY (`id`)
) ENGINE=InnoDB AUTO_INCREMENT=101 DEFAULT CHARSET=utf8 COLLATE=utf8_unicode_ci;
/*!40101 SET character_set_client = @saved_cs_client */;

--
-- Dumping data for table `media`
--

LOCK TABLES `media` WRITE;
/*!40000 ALTER TABLE `media` DISABLE KEYS */;
INSERT INTO `media` VALUES (1,1,1,'aut',143670835,NULL,'2005-06-23 12:40:14','1972-10-07 10:48:35'),(2,2,2,'quos',15399,NULL,'2000-06-17 05:00:17','1997-07-03 09:20:19'),(3,3,3,'debitis',25,NULL,'2015-04-04 10:43:52','2007-09-08 22:44:45'),(4,4,4,'necessitatibus',36318,NULL,'1998-02-22 04:17:00','1985-06-09 14:18:22'),(5,5,5,'qui',59289030,NULL,'2004-01-09 12:40:18','1996-05-21 23:40:01'),(6,6,6,'et',0,NULL,'2001-09-02 05:17:15','1982-03-05 08:15:12'),(7,7,7,'minima',347,NULL,'1990-07-06 04:49:26','2018-06-04 01:33:06'),(8,8,8,'consequatur',41137848,NULL,'2011-07-10 16:53:42','2011-04-28 19:42:25'),(9,9,9,'id',4,NULL,'1970-09-10 20:49:16','1989-10-18 05:59:35'),(10,10,10,'natus',87947,NULL,'2015-01-30 09:31:30','2006-10-26 13:10:16'),(11,11,11,'pariatur',38897566,NULL,'2012-09-28 14:30:47','2011-02-01 05:19:23'),(12,12,12,'rerum',534,NULL,'2015-08-08 09:55:59','2002-05-29 06:13:34'),(13,13,13,'quo',6108,NULL,'1970-08-20 00:33:14','1998-12-13 04:02:06'),(14,14,14,'repellat',132470,NULL,'2009-03-28 01:27:38','1999-04-01 14:24:15'),(15,15,15,'ducimus',980,NULL,'1977-10-04 16:13:46','2003-03-16 15:55:04'),(16,16,16,'ut',6983324,NULL,'1987-06-30 10:28:36','1990-05-15 01:53:14'),(17,17,17,'numquam',31,NULL,'2001-03-27 15:08:26','1983-05-21 02:15:13'),(18,18,18,'odit',6,NULL,'2011-07-17 15:52:02','2014-05-09 06:03:24'),(19,19,19,'dolor',12946,NULL,'2017-04-12 14:18:40','1993-07-07 13:58:43'),(20,20,20,'facere',4024334,NULL,'1971-07-05 01:25:11','2013-02-04 14:19:19'),(21,21,21,'ipsum',8540825,NULL,'1996-11-14 00:02:28','1989-04-25 17:48:06'),(22,22,22,'sint',409,NULL,'1990-11-07 17:44:46','2002-03-19 03:42:35'),(23,23,23,'fugiat',12738,NULL,'1990-10-16 07:08:23','1984-04-28 05:34:08'),(24,24,24,'dolorem',797241604,NULL,'2015-12-26 08:16:44','1971-01-08 08:29:04'),(25,25,25,'odio',643180,NULL,'1980-04-17 14:02:27','1978-11-28 02:41:19'),(26,26,26,'voluptatem',6194994,NULL,'2009-05-30 13:26:36','2010-04-13 15:50:01'),(27,27,27,'illo',806598472,NULL,'2000-10-06 22:58:12','2019-04-11 04:07:25'),(28,28,28,'nemo',2917430,NULL,'2010-11-23 07:27:42','1999-07-25 00:22:56'),(29,29,29,'ut',0,NULL,'2011-06-28 13:22:38','2005-01-08 13:06:10'),(30,30,30,'asperiores',461618513,NULL,'1988-02-04 17:02:18','1976-08-15 08:40:23'),(31,31,31,'rerum',630255,NULL,'1971-10-28 21:08:55','1998-12-31 22:07:24'),(32,32,32,'deserunt',24,NULL,'2002-07-20 05:30:35','1987-10-26 19:22:25'),(33,33,33,'et',878,NULL,'2012-02-29 00:48:41','1979-03-01 04:58:56'),(34,34,34,'corporis',4144,NULL,'1975-12-11 21:20:53','1974-01-10 13:54:28'),(35,35,35,'alias',833,NULL,'1973-07-17 11:08:53','2013-04-09 16:14:55'),(36,36,36,'autem',7705478,NULL,'2018-04-12 20:44:39','2009-05-16 02:23:55'),(37,37,37,'fuga',6539290,NULL,'1995-05-05 22:30:34','2001-08-20 12:51:11'),(38,38,38,'sit',679096837,NULL,'2016-03-12 23:49:47','1992-04-03 18:46:42'),(39,39,39,'nobis',334128069,NULL,'2005-07-30 00:13:46','2017-02-06 17:49:16'),(40,40,40,'autem',67236,NULL,'1991-11-16 11:13:26','1976-08-14 21:53:46'),(41,41,41,'ut',859437202,NULL,'1993-07-30 21:20:28','1993-03-13 00:29:08'),(42,42,42,'asperiores',3054443,NULL,'1992-10-21 07:21:15','2000-05-09 02:34:51'),(43,43,43,'aliquam',59,NULL,'1994-11-30 14:04:48','2005-05-14 13:00:04'),(44,44,44,'quam',0,NULL,'2004-12-05 15:56:02','2017-12-16 19:19:08'),(45,45,45,'rerum',616166432,NULL,'2005-02-05 04:16:28','1983-10-08 16:50:08'),(46,46,46,'nulla',8,NULL,'1993-10-04 04:08:42','1990-05-22 09:26:26'),(47,47,47,'molestiae',0,NULL,'2016-06-04 04:28:42','2015-12-23 04:15:24'),(48,48,48,'ducimus',12050927,NULL,'1999-12-13 15:44:11','1974-05-10 08:27:31'),(49,49,49,'modi',0,NULL,'2011-05-13 19:05:14','2019-06-03 12:33:00'),(50,50,50,'laboriosam',10430,NULL,'1978-04-07 19:54:06','2004-09-02 00:45:41'),(51,51,51,'odio',42086,NULL,'1975-09-10 22:29:44','1973-08-01 18:14:55'),(52,52,52,'eaque',90,NULL,'1980-04-16 23:04:12','1998-01-17 00:12:27'),(53,53,53,'est',8355,NULL,'2018-06-21 13:25:18','2005-01-23 17:50:37'),(54,54,54,'distinctio',7,NULL,'2015-12-07 02:26:01','1986-10-21 11:05:08'),(55,55,55,'dolore',25559,NULL,'1972-06-22 20:28:12','2010-01-16 23:49:58'),(56,56,56,'expedita',8335,NULL,'1993-10-01 04:27:52','1996-03-18 06:02:01'),(57,57,57,'et',85003235,NULL,'1975-02-02 03:13:42','1997-11-09 19:32:50'),(58,58,58,'quas',1200,NULL,'2009-08-18 12:12:03','2016-08-17 04:01:29'),(59,59,59,'numquam',881490,NULL,'1986-10-11 16:33:37','2012-11-03 19:16:04'),(60,60,60,'soluta',889,NULL,'2017-05-30 10:51:23','2008-06-08 02:07:21'),(61,61,61,'harum',81,NULL,'1991-12-24 07:45:41','1993-04-06 18:31:38'),(62,62,62,'perspiciatis',122,NULL,'2019-03-17 05:31:41','2006-06-08 21:51:13'),(63,63,63,'rerum',781302,NULL,'1976-10-12 00:17:00','1979-05-22 09:24:56'),(64,64,64,'sit',968701070,NULL,'1989-06-08 22:25:43','1982-05-16 06:16:00'),(65,65,65,'soluta',163926013,NULL,'1989-11-25 23:59:24','1975-08-07 11:47:17'),(66,66,66,'dolorum',0,NULL,'1988-11-14 21:46:41','2011-01-10 22:02:05'),(67,67,67,'ut',40421,NULL,'2014-01-19 05:30:58','1979-07-20 19:07:22'),(68,68,68,'modi',7697592,NULL,'1980-10-10 10:21:34','2002-02-24 16:30:19'),(69,69,69,'laborum',29,NULL,'1971-02-19 03:45:37','1989-03-22 07:21:54'),(70,70,70,'illum',6,NULL,'1977-04-19 09:51:40','2000-03-04 07:05:46'),(71,71,71,'sed',0,NULL,'1992-10-08 23:06:28','1971-10-18 00:16:55'),(72,72,72,'laborum',165843,NULL,'1996-03-15 15:21:22','2006-11-01 09:15:45'),(73,73,73,'nihil',5801,NULL,'2003-09-17 06:16:22','2003-11-29 05:48:35'),(74,74,74,'ut',16435056,NULL,'1971-05-08 16:40:25','1988-07-30 19:22:37'),(75,75,75,'quis',15133,NULL,'1978-03-10 06:43:26','1994-02-19 11:07:47'),(76,76,76,'et',218,NULL,'2006-01-07 20:52:26','1996-06-13 20:00:46'),(77,77,77,'qui',31406,NULL,'2009-03-29 14:51:30','2017-07-04 14:12:02'),(78,78,78,'sunt',47528,NULL,'2007-04-21 17:45:08','1985-01-08 08:07:05'),(79,79,79,'eius',304505,NULL,'2016-12-06 01:18:12','2018-07-20 23:04:48'),(80,80,80,'officia',791,NULL,'1977-05-22 19:37:37','1997-09-11 04:26:17'),(81,81,81,'sunt',544853232,NULL,'2002-09-19 00:04:24','2019-07-02 19:44:07'),(82,82,82,'sint',35969991,NULL,'1971-09-20 16:29:20','1970-11-26 18:46:34'),(83,83,83,'maxime',40,NULL,'1973-05-11 15:41:30','2017-12-14 10:37:46'),(84,84,84,'unde',0,NULL,'2002-06-26 09:08:34','2006-04-09 21:41:36'),(85,85,85,'consequatur',0,NULL,'2018-09-10 16:42:59','1989-09-07 05:43:48'),(86,86,86,'qui',309,NULL,'1985-06-04 08:40:46','1981-07-18 21:24:04'),(87,87,87,'voluptate',78055,NULL,'1986-12-20 02:30:31','2001-11-06 21:21:56'),(88,88,88,'aliquam',94727033,NULL,'1991-12-24 17:31:50','1983-03-06 17:59:55'),(89,89,89,'ex',810,NULL,'1997-02-16 10:55:19','2000-03-16 15:03:29'),(90,90,90,'rerum',386051,NULL,'2000-06-13 08:04:52','2016-05-24 20:58:04'),(91,91,91,'asperiores',71,NULL,'2001-11-29 10:59:11','2006-01-05 01:34:45'),(92,92,92,'ut',1869917,NULL,'1992-12-03 11:10:58','1979-03-20 11:59:40'),(93,93,93,'quae',0,NULL,'1990-03-26 18:02:40','1988-06-25 01:24:25'),(94,94,94,'praesentium',0,NULL,'1992-12-01 21:21:14','2001-06-25 00:57:35'),(95,95,95,'enim',1,NULL,'1990-02-19 22:19:24','1989-03-03 07:55:40'),(96,96,96,'architecto',0,NULL,'1971-12-03 19:23:35','2011-04-30 03:25:14'),(97,97,97,'pariatur',7070,NULL,'2013-02-09 08:25:59','1975-12-24 06:11:48'),(98,98,98,'dolores',6,NULL,'1971-11-30 06:37:32','1999-12-01 20:25:03'),(99,99,99,'aliquid',5217266,NULL,'2011-08-23 18:25:58','2007-04-26 10:52:53'),(100,100,100,'sint',229922496,NULL,'1992-12-26 13:32:55','1982-03-08 14:29:50');
/*!40000 ALTER TABLE `media` ENABLE KEYS */;
UNLOCK TABLES;

--
-- Table structure for table `media_types`
--

DROP TABLE IF EXISTS `media_types`;
/*!40101 SET @saved_cs_client     = @@character_set_client */;
/*!50503 SET character_set_client = utf8mb4 */;
CREATE TABLE `media_types` (
  `id` int(10) unsigned NOT NULL AUTO_INCREMENT,
  `name` varchar(255) CHARACTER SET utf8 COLLATE utf8_unicode_ci NOT NULL,
  PRIMARY KEY (`id`),
  UNIQUE KEY `name` (`name`)
) ENGINE=InnoDB AUTO_INCREMENT=101 DEFAULT CHARSET=utf8 COLLATE=utf8_unicode_ci;
/*!40101 SET character_set_client = @saved_cs_client */;

--
-- Dumping data for table `media_types`
--

LOCK TABLES `media_types` WRITE;
/*!40000 ALTER TABLE `media_types` DISABLE KEYS */;
INSERT INTO `media_types` VALUES (51,'a'),(75,'alias'),(56,'aliquid'),(55,'amet'),(16,'asperiores'),(15,'aut'),(20,'blanditiis'),(62,'consectetur'),(44,'consequatur'),(97,'consequuntur'),(86,'corporis'),(93,'culpa'),(35,'cumque'),(14,'cupiditate'),(1,'delectus'),(71,'deleniti'),(37,'deserunt'),(90,'dicta'),(7,'distinctio'),(40,'dolor'),(96,'dolore'),(8,'dolores'),(73,'doloribus'),(22,'ea'),(85,'eius'),(34,'enim'),(23,'eos'),(53,'error'),(39,'est'),(26,'et'),(67,'eum'),(72,'eveniet'),(69,'excepturi'),(94,'exercitationem'),(60,'explicabo'),(88,'harum'),(66,'hic'),(92,'id'),(52,'illum'),(82,'impedit'),(68,'in'),(49,'incidunt'),(27,'ipsa'),(99,'ipsam'),(31,'iure'),(91,'iusto'),(50,'laboriosam'),(80,'laborum'),(83,'laudantium'),(13,'libero'),(9,'magnam'),(42,'maxime'),(87,'minus'),(74,'molestiae'),(32,'nam'),(58,'natus'),(46,'necessitatibus'),(65,'nemo'),(77,'neque'),(3,'nisi'),(45,'nobis'),(12,'non'),(41,'nulla'),(63,'numquam'),(76,'odio'),(47,'odit'),(59,'perspiciatis'),(28,'porro'),(25,'quaerat'),(61,'quasi'),(6,'qui'),(38,'quia'),(4,'quis'),(21,'quisquam'),(89,'quo'),(54,'quos'),(5,'ratione'),(17,'recusandae'),(79,'reiciendis'),(98,'rem'),(70,'repellat'),(78,'reprehenderit'),(57,'repudiandae'),(48,'saepe'),(29,'sed'),(36,'sint'),(2,'sit'),(10,'soluta'),(81,'sunt'),(100,'suscipit'),(64,'tempora'),(84,'tenetur'),(18,'totam'),(30,'ut'),(43,'vel'),(11,'velit'),(19,'vero'),(24,'voluptas'),(95,'voluptatem'),(33,'voluptates');
/*!40000 ALTER TABLE `media_types` ENABLE KEYS */;
UNLOCK TABLES;

--
-- Table structure for table `messages`
--

DROP TABLE IF EXISTS `messages`;
/*!40101 SET @saved_cs_client     = @@character_set_client */;
/*!50503 SET character_set_client = utf8mb4 */;
CREATE TABLE `messages` (
  `from_user_id` int(10) unsigned NOT NULL,
  `to_user_id` int(10) unsigned NOT NULL,
  `body` text CHARACTER SET utf8 COLLATE utf8_unicode_ci NOT NULL,
  `important` tinyint(1) DEFAULT NULL,
  `delivered` tinyint(1) DEFAULT NULL,
  `created_at` datetime NOT NULL DEFAULT CURRENT_TIMESTAMP,
  PRIMARY KEY (`from_user_id`,`to_user_id`,`created_at`)
) ENGINE=InnoDB DEFAULT CHARSET=utf8 COLLATE=utf8_unicode_ci;
/*!40101 SET character_set_client = @saved_cs_client */;

--
-- Dumping data for table `messages`
--

LOCK TABLES `messages` WRITE;
/*!40000 ALTER TABLE `messages` DISABLE KEYS */;
INSERT INTO `messages` VALUES (1,1,'Magnam quis et id aut. Dolores harum voluptatibus laborum eos eveniet ut fugiat exercitationem. Sed possimus sed est assumenda quia.',NULL,NULL,'1973-08-07 11:50:16'),(2,2,'Dignissimos nemo consequatur sed facilis architecto porro. Et nihil enim sint dolores quia nam. Magni praesentium unde quibusdam laborum assumenda est quibusdam.',NULL,NULL,'2005-07-19 13:53:06'),(3,3,'Qui velit fugit qui soluta est ut commodi. Et id quasi sed repellat. Eum velit dolorem qui architecto facilis. Sit iusto quaerat qui sit dolorum.',NULL,NULL,'1995-03-03 21:57:31'),(4,4,'Ratione at corrupti corporis non. Ea provident totam dolor quam sit nulla magnam. Dolor et qui eos doloremque deleniti omnis voluptas nihil. Perferendis quos libero omnis. Similique amet quo ullam ut.',NULL,NULL,'2019-06-28 12:24:06'),(5,5,'Sed ut excepturi eius repellendus. Et ullam nemo et enim quisquam nobis ut pariatur. Dolores id quibusdam sit. In earum repellat voluptas animi iure sint ipsam accusamus.',NULL,NULL,'1970-09-05 16:16:05'),(6,6,'Harum eos vel eveniet non. Quia doloremque sed sint fugit. Dicta est voluptates deserunt qui nulla accusantium. Sunt dicta esse sint ducimus nihil quae.',NULL,NULL,'2013-04-12 01:55:34'),(7,7,'Tempore quam et qui iure est et quidem. Autem odit quia modi aut et explicabo officiis aliquam. Quod assumenda eius in esse minus. Ea voluptatem ratione sint enim numquam.',NULL,NULL,'1977-11-26 01:30:12'),(8,8,'Consequatur ut rem magnam qui repellat dolor ut accusantium. Enim sed consequatur nulla dolore. Perspiciatis temporibus in voluptatem et accusantium optio suscipit.',NULL,NULL,'1995-09-18 08:40:44'),(9,9,'Quaerat error omnis veniam explicabo minus. Eum voluptate est molestiae eaque et. Consequatur aut nesciunt autem officia ducimus magnam.',NULL,NULL,'1988-12-20 15:04:41'),(10,10,'Magnam commodi nam nihil. Doloremque molestiae dolor porro eum nihil. Pariatur temporibus laudantium blanditiis. Consequatur laudantium nobis sed voluptatem.',NULL,NULL,'1996-07-16 02:57:41'),(11,11,'Nisi corporis in laborum et. Impedit in voluptatibus et iste voluptatem nam deleniti. Sint voluptatibus sit rerum quisquam.',NULL,NULL,'2007-02-02 21:34:28'),(12,12,'Error nulla non doloribus delectus quia repudiandae facilis. Eum aut velit aut esse blanditiis aliquid. Dolorum ipsam dicta soluta corporis. Autem maxime aut et qui qui soluta. Officia rerum rerum sed et eum.',NULL,NULL,'1982-01-21 06:50:59'),(13,13,'Voluptatum ut est quis id quia corrupti aspernatur. Cum eaque nisi ut illo perspiciatis cupiditate.',NULL,NULL,'2001-09-01 16:07:17'),(14,14,'Soluta sit molestiae totam sed. Magni quidem laboriosam eum. Non non dolor totam quia. Blanditiis error ut qui architecto libero.',NULL,NULL,'1995-04-23 14:04:31'),(15,15,'Consequatur delectus molestiae aut nostrum qui facere est id. Nemo et doloribus totam tempora quas. Ipsam aut in ea at nihil magnam.',NULL,NULL,'2013-07-25 09:48:59'),(16,16,'Corporis rerum distinctio provident maiores nisi. Fugit soluta dolorem molestiae suscipit nostrum ut quod atque. Occaecati nam doloremque repudiandae non.',NULL,NULL,'1983-08-04 10:41:46'),(17,17,'At quod nobis quasi ipsum voluptas quo distinctio. Explicabo sint nam pariatur aut debitis. Voluptas omnis itaque non fugit illum. Rerum nisi consectetur aliquid aperiam.',NULL,NULL,'1987-05-18 20:39:56'),(18,18,'Voluptas quae nihil non aperiam impedit. Temporibus inventore quia aperiam ut saepe. Aspernatur tempora totam quas odit debitis maiores.',NULL,NULL,'2009-06-18 22:04:21'),(19,19,'Aperiam deleniti provident nam corrupti nihil rerum. Eaque commodi neque quaerat ab voluptas autem. Quia aut et quam labore soluta optio. Provident est aliquam excepturi eaque libero. Ullam illum fuga autem consequatur.',NULL,NULL,'2004-09-16 04:44:28'),(20,20,'Earum consequuntur eligendi repellat eum et voluptas. Eos nam quod cupiditate animi dolores perspiciatis. Odit neque nemo omnis deserunt temporibus.',NULL,NULL,'1981-06-30 00:40:22'),(21,21,'Beatae voluptas asperiores repellat consectetur repellat veritatis corrupti. Iste et consectetur magnam culpa. Officia quia eum placeat eligendi.',NULL,NULL,'2007-04-08 22:42:03'),(22,22,'Deserunt similique officia ut optio officiis. Sed est maiores laborum saepe ratione exercitationem nostrum. Tempora explicabo a repellat iste.',NULL,NULL,'1976-08-09 07:39:53'),(23,23,'Voluptate et quidem in non incidunt explicabo. Facilis est non minima sint quibusdam. Culpa officiis ipsam non et sed explicabo corrupti. Fugit veniam numquam et ea facilis incidunt expedita non.',NULL,NULL,'1991-11-02 00:45:20'),(24,24,'Autem omnis consequatur voluptatem laudantium. Delectus quae laboriosam harum vel recusandae atque. Repellendus ut voluptas omnis ut.',NULL,NULL,'2005-03-19 23:05:41'),(25,25,'Cum molestiae consequuntur ipsum quasi quisquam. Praesentium dolore saepe qui. Incidunt laboriosam nemo et sunt sequi corrupti. Voluptatem mollitia nihil quaerat.',NULL,NULL,'1981-12-17 09:37:27'),(26,26,'Blanditiis mollitia odit eaque. Aut quia voluptas itaque quo reprehenderit. Velit doloremque molestiae quo odit ut. Cum labore ea quo dolorum est et.',NULL,NULL,'2013-07-23 18:36:49'),(27,27,'Voluptatem amet quibusdam repellendus sint omnis. Rerum doloremque et excepturi distinctio corporis. Omnis aut et itaque culpa laborum facere sed.',NULL,NULL,'2005-03-25 13:09:15'),(28,28,'Et ab eos quia saepe quaerat enim totam. Consequatur reprehenderit sequi eum voluptatem sit. Velit distinctio expedita dolor odio aut officia. Mollitia recusandae vel soluta.',NULL,NULL,'1970-07-24 18:43:12'),(29,29,'Quo mollitia repellat similique. Sapiente est non enim. Consequatur rem iure ut dolores alias omnis odio.',NULL,NULL,'1994-09-25 07:26:33'),(30,30,'In dicta dolores ut dolores dolorum qui sunt quisquam. Eius nobis perspiciatis delectus earum. Eum laboriosam eveniet voluptas.',NULL,NULL,'1998-11-16 03:22:24'),(31,31,'Aut fugit nulla voluptatem ducimus. Quo quis neque voluptas veritatis magni alias est. Molestiae dicta sequi neque adipisci commodi. Cum occaecati rerum eligendi est est fugit dolor earum. Nobis illo impedit quis est.',NULL,NULL,'2012-08-04 15:33:19'),(32,32,'Optio deleniti voluptatem eum quas mollitia id similique accusantium. Aut quis est nesciunt odit. Vel minus aliquid quas tempora. Eos quis quis possimus.',NULL,NULL,'1979-12-19 15:08:20'),(33,33,'Dolor dolores voluptatem quod voluptas nemo quod. Minus ut quas voluptate delectus dolor nam excepturi at. Et et voluptatem omnis laboriosam. Nihil laboriosam ipsum nostrum.',NULL,NULL,'2012-08-15 18:07:08'),(34,34,'Laboriosam natus quaerat ea. Asperiores ipsa voluptatem magnam laboriosam fugiat corporis. Saepe et est nostrum nam culpa dignissimos.',NULL,NULL,'2004-07-07 11:46:53'),(35,35,'Alias autem nisi ut dolorum. Earum rem ut quo laudantium. Quam quisquam facere est cupiditate velit accusantium ut non. Assumenda nemo et ea voluptate est repudiandae debitis magni.',NULL,NULL,'1977-04-03 00:06:46'),(36,36,'Qui iste officia rerum consequuntur sunt qui. Veniam dolor tempore nulla exercitationem culpa omnis. Provident quo rerum aut occaecati a sed mollitia.',NULL,NULL,'1994-01-13 04:10:26'),(37,37,'Optio facere fuga itaque tempora est. Non quis voluptas quasi officiis possimus voluptatum aut. Officiis omnis saepe vel magni.',NULL,NULL,'1991-07-21 04:44:14'),(38,38,'Quo necessitatibus doloremque ut est. Ea amet alias illo sint odio optio qui consectetur. Sit qui est velit.',NULL,NULL,'1977-12-16 21:55:07'),(39,39,'Ut magnam molestias fuga fugiat. Ut esse id quibusdam consequuntur. Eos et odit pariatur officia id. Hic quas et quidem.',NULL,NULL,'2017-01-31 04:39:56'),(40,40,'Odio qui corrupti quidem voluptatem rerum distinctio dolor. Ea dolores molestiae asperiores eum quisquam. Cupiditate perferendis laboriosam eius aspernatur nemo distinctio.',NULL,NULL,'1987-09-26 03:19:09'),(41,41,'Sit non dicta non dolorem placeat rem. Ut in repellat et eum.',NULL,NULL,'1999-02-03 02:57:14'),(42,42,'Accusamus reiciendis quidem sed quos qui qui et. Expedita at delectus omnis enim. Sunt ad ad inventore laudantium dolores mollitia. Sed odio consequatur facilis libero.',NULL,NULL,'2015-12-20 04:49:20'),(43,43,'Cumque accusamus velit fugit esse delectus voluptatem. Laborum omnis labore quas neque adipisci architecto tenetur. Asperiores beatae placeat ipsa itaque est cupiditate ut. Sit aspernatur dolore enim sed est.',NULL,NULL,'2007-12-04 00:47:11'),(44,44,'Qui vel deleniti repellat animi. Unde fugiat voluptatibus recusandae quo. Quia non at et nihil dolorem aliquid eveniet. Corrupti delectus qui et.',NULL,NULL,'1998-11-19 14:06:34'),(45,45,'Sint qui et mollitia vel. Nulla est laudantium ea voluptatibus. Aut provident nostrum quod commodi distinctio ut modi.',NULL,NULL,'1997-08-14 18:00:07'),(46,46,'Dolor saepe et rem eaque. Similique ex at voluptates sed. Magni quis repudiandae suscipit tempore et id. Non et reprehenderit deleniti suscipit aut cupiditate et voluptatibus.',NULL,NULL,'2017-10-16 02:42:26'),(47,47,'Praesentium beatae excepturi nihil repellat aut culpa magni. Cupiditate et rem fugiat optio et. A provident magnam officia. Sit amet repudiandae voluptate voluptatem.',NULL,NULL,'2003-06-09 11:12:28'),(48,48,'Quisquam omnis magnam corrupti numquam. Neque officiis nobis dolorum corrupti temporibus. Natus sit placeat soluta neque consequatur sed. Optio necessitatibus voluptas eum voluptas vel totam quaerat qui.',NULL,NULL,'1975-08-18 15:34:41'),(49,49,'Repellendus et aut vel amet ut expedita. Dolores praesentium rerum accusantium aliquam fuga quis. Ducimus et illum ratione nulla quibusdam.',NULL,NULL,'1981-08-28 01:34:42'),(50,50,'Cupiditate nam est voluptas qui eaque voluptas perspiciatis quia. Praesentium qui ipsam dolorem non est est. Placeat aut nobis voluptas dolores est doloribus blanditiis.',NULL,NULL,'2003-09-08 11:21:23'),(51,51,'Odio numquam qui rerum dolorem fuga quas. Harum earum consequatur eum voluptatum pariatur ut. Sint expedita vel harum rerum. Beatae et aut sit repudiandae earum dolor sint consequatur.',NULL,NULL,'1996-11-12 11:19:06'),(52,52,'Libero quasi consequuntur sunt officiis veniam aut placeat. Porro sunt inventore voluptatem. Sit omnis optio occaecati tenetur provident doloremque. Magnam omnis modi culpa non molestiae.',NULL,NULL,'1987-12-18 02:11:50'),(53,53,'Excepturi officia eum dicta exercitationem inventore. Laborum rerum aut natus sed voluptatem culpa. Deserunt nisi voluptate molestiae. Tempore autem et maxime qui quasi. Ex velit ipsam similique omnis et culpa.',NULL,NULL,'2017-02-01 17:16:54'),(54,54,'Assumenda enim eos tempora asperiores enim. Facilis at et nam. Voluptas est temporibus voluptatum. Eius dolorem est dolor omnis. Dolor autem eum eveniet et eos libero modi ut.',NULL,NULL,'2010-11-01 05:46:31'),(55,55,'Rem corporis et nobis sunt. Totam aperiam repellat vel veniam autem ut. Quis explicabo sunt illo sed exercitationem nobis qui molestiae.',NULL,NULL,'2019-03-20 21:29:14'),(56,56,'Sit consequatur omnis mollitia ad. Expedita labore a repellat ut. Nesciunt omnis dolorem repellendus quis eos aut ut.',NULL,NULL,'2000-06-25 03:14:19'),(57,57,'Consequatur et alias consectetur. Earum tenetur nam molestias. Officiis consectetur magnam omnis error in sint aut. Fugiat et consequatur rerum.',NULL,NULL,'1974-08-14 12:52:13'),(58,58,'Consequatur autem harum ipsum eos architecto quam. Accusamus quae tempora pariatur est quod est voluptas occaecati. Ratione nisi non amet sit sunt eius magnam magnam. Esse expedita commodi et rem et facilis aut.',NULL,NULL,'1999-04-29 11:58:18'),(59,59,'Nam quisquam ad vel blanditiis eos. Aut quia voluptatibus quia ad impedit nulla et. Iste ut voluptas odit omnis laborum maiores tenetur.',NULL,NULL,'2017-08-14 06:45:45'),(60,60,'Numquam voluptatem quia qui veniam et culpa velit rerum. A odit fuga velit tempora animi maiores eligendi. Animi accusamus sit aut quas eveniet.',NULL,NULL,'1990-03-13 11:20:28'),(61,61,'Vero deserunt repellendus commodi excepturi facere rerum numquam. Impedit corporis sequi ad ut possimus deserunt asperiores. In neque omnis minus voluptatum.',NULL,NULL,'2000-07-06 22:08:42'),(62,62,'Delectus atque deleniti corporis odio explicabo aut facere. Repudiandae dolor maxime ea corrupti magni at doloribus consequatur. Laboriosam voluptas sint natus ipsa et est. Aut doloribus earum sunt ut ea quae.',NULL,NULL,'1997-06-25 23:34:27'),(63,63,'Deserunt molestiae sit omnis aut quia odit. Dolorum et voluptas omnis temporibus. Ullam pariatur dolor ea aut.',NULL,NULL,'1988-06-04 21:35:18'),(64,64,'Harum perferendis incidunt iste omnis pariatur. Vel et minus atque incidunt. Aut aspernatur et voluptatem inventore voluptates.',NULL,NULL,'1975-06-27 11:04:33'),(65,65,'Perspiciatis molestiae eius amet et sunt aut animi eaque. Expedita quod nesciunt voluptatibus sit. Voluptatem repudiandae qui natus molestias fuga culpa quia.',NULL,NULL,'1997-12-27 03:01:30'),(66,66,'Voluptate consequuntur cum numquam. Culpa repudiandae omnis quia nulla. Maxime ab quia et.',NULL,NULL,'2004-05-23 10:32:35'),(67,67,'Quia id ut eligendi nesciunt voluptatum nisi qui. Ipsam voluptatum minima doloremque voluptas perferendis odit voluptate. Voluptatem repellat expedita ea distinctio.',NULL,NULL,'1976-09-28 17:13:55'),(68,68,'Minus ea animi quos excepturi et. Ex harum repudiandae voluptatem et. Neque unde eum aspernatur neque quia.',NULL,NULL,'2008-04-01 15:43:46'),(69,69,'Voluptatem distinctio commodi porro eaque ad corporis. Eaque at veritatis itaque et molestiae. Nulla quia ea debitis est quibusdam ut voluptates mollitia. Deserunt nostrum optio at. Eligendi ratione explicabo non est alias quasi voluptate.',NULL,NULL,'1992-02-08 15:17:43'),(70,70,'Sint porro officia et ratione expedita et. Doloremque beatae quidem est inventore. In et rerum laborum. Aspernatur quas alias tempore reprehenderit sint vel eos. Est necessitatibus molestias modi dolores quos.',NULL,NULL,'2011-09-06 08:16:42'),(71,71,'Aut repellendus est omnis sed. Est non commodi dolorem. Ea sunt modi harum. Iste molestias voluptatum at debitis ad magnam est.',NULL,NULL,'2003-01-22 23:45:21'),(72,72,'Aut vero sed velit praesentium ut. Et est dolorum sapiente ut. Molestias deserunt distinctio qui et atque voluptas.',NULL,NULL,'1989-05-05 09:18:47'),(73,73,'Omnis quod aut quaerat aut ipsa necessitatibus voluptatem. Blanditiis sed provident necessitatibus. Eaque quia sed doloremque vel assumenda voluptatem. Corporis in labore non dolorem mollitia repellendus.',NULL,NULL,'1973-10-13 17:39:20'),(74,74,'Ullam quod quisquam et amet suscipit quaerat. Vitae quo ut minus quas officia. Cupiditate minima recusandae eum iure veritatis aperiam officia. Dolor eum impedit molestias nulla mollitia sed natus.',NULL,NULL,'2015-11-11 16:09:38'),(75,75,'Qui et laborum quos. Et possimus numquam pariatur harum quam. Consectetur necessitatibus optio non omnis.',NULL,NULL,'1996-03-15 02:27:17'),(76,76,'Magni quo quos itaque laudantium aut quibusdam. Consequatur vel provident est sint fuga. Magnam ut ducimus voluptatem facere.',NULL,NULL,'1996-01-21 20:43:33'),(77,77,'Aut quaerat voluptatem porro veniam nobis recusandae sequi. Quaerat esse quo minima enim dolores hic voluptate sequi. Nihil enim voluptas velit quaerat. Perspiciatis illo suscipit cum ut ut provident sint.',NULL,NULL,'2004-01-25 20:38:31'),(78,78,'Vero vitae quia dolore. Possimus non praesentium unde dolores. Qui consequatur et aliquid maiores sed. Tempora quibusdam in repellendus ut iusto assumenda debitis.',NULL,NULL,'2017-10-19 01:23:39'),(79,79,'Est sint vitae cumque a deserunt est. Reiciendis et harum sed. Quas sapiente quisquam delectus quo qui.',NULL,NULL,'2010-07-04 22:30:03'),(80,80,'Ad et qui fuga dolores quidem quae. Aut cum dicta inventore ipsa enim. Ea odio et id necessitatibus rerum voluptatem expedita. Et iusto recusandae sint delectus quo.',NULL,NULL,'1976-10-25 08:46:52'),(81,81,'Sunt aut incidunt nulla aut sint ex totam consequatur. Beatae reiciendis omnis temporibus odit. Assumenda quia suscipit itaque doloremque. Repudiandae odio eaque modi qui possimus consequatur.',NULL,NULL,'1980-03-26 15:39:23'),(82,82,'Incidunt quasi sit sunt cum. Adipisci laudantium perspiciatis laboriosam non repellat illo. Quo fugit neque deserunt atque ut excepturi.',NULL,NULL,'1981-01-20 23:58:48'),(83,83,'Et nihil repudiandae rerum pariatur repudiandae voluptas. Velit facilis laborum sapiente voluptas magni eveniet voluptates. Voluptas autem dolorem eligendi enim.',NULL,NULL,'2007-08-12 03:35:47'),(84,84,'Explicabo voluptates qui non. Facere nisi est repellendus consectetur. Voluptatem dolor sint amet laboriosam praesentium id distinctio. Repudiandae dolor ut animi quas.',NULL,NULL,'2010-12-01 03:53:37'),(85,85,'Veniam animi nobis hic tempora deserunt a deleniti. Praesentium omnis at et enim quia. Dolores ut illo voluptatibus ipsam esse dolore maxime. Et quibusdam est ducimus at nam consequatur.',NULL,NULL,'1983-01-10 01:26:58'),(86,86,'Dolores a laboriosam eaque enim. Fugit magni sit sit repellat et sunt eveniet. Tenetur enim eos unde corrupti. Hic eveniet alias rem occaecati et minima.',NULL,NULL,'1980-01-18 11:40:53'),(87,87,'Laborum qui sunt dolorem aut ea ducimus. Itaque explicabo est excepturi veniam doloremque. Optio temporibus rerum quas fugiat laudantium aspernatur qui. Reiciendis unde id sunt laborum et natus.',NULL,NULL,'1976-07-13 10:48:41'),(88,88,'Repudiandae et nemo vitae minima quod. Aut magnam autem autem cupiditate voluptate dolorem. Accusantium at cumque saepe.',NULL,NULL,'1972-05-11 02:26:17'),(89,89,'Consequuntur consequuntur quibusdam vel expedita alias voluptatem. Distinctio veniam aut nostrum officia inventore aspernatur eligendi. Aliquid quidem repellendus cum nulla nihil ea perferendis alias. Nostrum et officiis fugit et non nam veritatis.',NULL,NULL,'2004-01-31 08:17:01'),(90,90,'Nemo minus quisquam occaecati aliquam repellendus. Commodi et libero laboriosam ipsum. Sequi eos illo quo voluptates suscipit. Nostrum nobis expedita at repudiandae ipsam voluptas voluptate.',NULL,NULL,'2009-04-26 22:03:29'),(91,91,'Explicabo dolor vitae numquam voluptatem. Neque aliquam et est autem nemo repudiandae. Minima sequi aut qui natus. Repudiandae similique quas veniam.',NULL,NULL,'2013-06-18 23:23:55'),(92,92,'Earum qui quam et tempora qui ea similique. Itaque porro occaecati est saepe consequuntur voluptas cupiditate. Placeat et reprehenderit molestias iusto quas voluptatem sit. Quia sed blanditiis voluptatum qui deleniti ab eveniet ratione.',NULL,NULL,'2005-10-02 01:42:45'),(93,93,'Consequatur adipisci esse asperiores odit nobis nostrum mollitia. Unde architecto incidunt ea aspernatur occaecati quod. Laborum ducimus et placeat velit qui temporibus cum. Reprehenderit in est neque corporis. Facilis accusantium iusto quam et molestiae nobis aut.',NULL,NULL,'1976-04-01 09:48:30'),(94,94,'Temporibus earum magni deserunt. Eveniet nihil natus harum suscipit ipsam. Molestiae quia odit praesentium. Pariatur quis tempore pariatur temporibus facilis esse voluptas excepturi.',NULL,NULL,'2013-01-30 10:26:17'),(95,95,'Ducimus sed impedit blanditiis non sint. Voluptas recusandae dolor dolorem architecto maxime natus voluptate. Eum animi eum et eveniet et.',NULL,NULL,'2019-07-09 08:26:56'),(96,96,'Qui ratione id qui quisquam consequatur laudantium aut. Voluptatem sequi nesciunt quas vero voluptatum omnis quia rem. Molestias adipisci quis sequi error impedit id. Libero non culpa earum quos.',NULL,NULL,'2008-08-20 10:21:46'),(97,97,'Aliquam quasi ea consectetur eligendi velit minus. Quam autem praesentium aut sapiente. Est ab maiores aut quisquam et praesentium. Dolores vero et voluptatem voluptatibus. Aliquid totam enim amet provident iste consequatur.',NULL,NULL,'1973-03-28 14:09:29'),(98,98,'Harum dignissimos deleniti officiis quia assumenda omnis odio. Quia ut optio aliquid autem. Labore placeat sunt aut nisi rem. Magni sunt aut dolor provident voluptas. Pariatur eos pariatur animi modi.',NULL,NULL,'2009-03-06 11:53:25'),(99,99,'Deserunt dolores aliquid perferendis temporibus eos rerum. Quaerat sapiente est et laborum incidunt veritatis soluta eum. Repellat nulla amet eveniet quis.',NULL,NULL,'1994-03-28 01:11:53'),(100,100,'Ex voluptatibus ut distinctio officiis. Ea quisquam excepturi repellat perspiciatis doloribus doloremque et et. Labore corporis expedita et quam ducimus necessitatibus et. Dolorum ducimus est magnam ab quam. Beatae deleniti repellat ullam eius numquam iste.',NULL,NULL,'1977-09-16 06:08:49');
/*!40000 ALTER TABLE `messages` ENABLE KEYS */;
UNLOCK TABLES;

--
-- Table structure for table `newsline`
--

DROP TABLE IF EXISTS `newsline`;
/*!40101 SET @saved_cs_client     = @@character_set_client */;
/*!50503 SET character_set_client = utf8mb4 */;
CREATE TABLE `newsline` (
  `id` int(10) unsigned NOT NULL AUTO_INCREMENT,
  `user_id` int(10) unsigned NOT NULL,
  `body` text CHARACTER SET utf8 COLLATE utf8_unicode_ci NOT NULL,
  `created_at` datetime DEFAULT CURRENT_TIMESTAMP,
  PRIMARY KEY (`id`)
) ENGINE=InnoDB AUTO_INCREMENT=101 DEFAULT CHARSET=utf8 COLLATE=utf8_unicode_ci;
/*!40101 SET character_set_client = @saved_cs_client */;

--
-- Dumping data for table `newsline`
--

LOCK TABLES `newsline` WRITE;
/*!40000 ALTER TABLE `newsline` DISABLE KEYS */;
INSERT INTO `newsline` VALUES (1,1,'Excepturi quia cum mollitia rerum odio similique hic. Id et et aut quia est. Ut laudantium quasi inventore nemo.','2012-05-26 07:07:23'),(2,2,'Voluptate pariatur soluta tenetur voluptatibus. Quia sit deserunt natus a veritatis et. Saepe eos et magni quisquam.','1973-12-03 19:24:20'),(3,3,'Autem natus ratione consequatur velit cumque molestiae earum. Repudiandae omnis et id id esse. Incidunt voluptates eos numquam.','1999-01-07 05:34:01'),(4,4,'Corporis tenetur velit repudiandae rerum iste eos tempora ullam. Quasi nesciunt ex omnis. Aut hic suscipit quia.','1986-12-07 03:22:24'),(5,5,'Pariatur aut animi perspiciatis repellat recusandae. Doloremque repellat commodi omnis aut vero. Consequuntur impedit inventore est. Dolor perferendis quam tempore inventore nobis.','1991-06-10 16:16:01'),(6,6,'Voluptatem unde iure quo laboriosam. Vitae aliquam aut voluptas iste autem qui. Earum tempore quidem et voluptatem provident. Dolores debitis sed iure reprehenderit temporibus quos dolores ea.','2017-04-23 04:24:47'),(7,7,'A consequatur vel iste id suscipit ut. Molestiae quidem voluptatem veritatis quo nemo dolorem magni. Maiores cum voluptatem et rem alias et quis. Facilis consequatur reprehenderit nulla corporis nobis et quisquam.','2000-08-16 03:16:45'),(8,8,'Itaque id ipsa molestiae dolore iste. Consequatur qui harum vel et et. Ex accusantium illo quo tempore ea mollitia velit.','2006-12-23 05:19:24'),(9,9,'Aspernatur reiciendis natus voluptas. Est dolor reiciendis dignissimos voluptas. Consequatur qui deserunt sunt modi neque.','2006-10-05 06:31:11'),(10,10,'Culpa omnis cumque vel velit pariatur quo. Aut ut sed cumque aut eaque iure. Possimus et sed earum quae.','1997-07-17 10:59:17'),(11,11,'Eum quam impedit eius. Eligendi totam earum et voluptatem alias id et. Ipsum ea illo perspiciatis doloribus. Corporis non voluptates exercitationem porro sed perferendis.','1975-07-05 16:27:56'),(12,12,'Dolores nihil maiores voluptatum et voluptas porro quidem. Blanditiis voluptatem facere et dolor aut unde. Expedita aspernatur voluptate dolorem totam consequatur. Ut eum corrupti quam molestiae sint rerum.','2000-04-01 15:27:12'),(13,13,'Odio voluptatum dolor quis autem voluptatibus ipsa. Distinctio voluptates provident at. Cumque quas quam dicta recusandae provident libero est aut.','1980-04-21 18:03:20'),(14,14,'Voluptatem iusto illum ducimus velit reprehenderit. Quos perspiciatis non facere quia. Nesciunt quia quis omnis inventore consequatur vel sint.','2000-12-12 15:49:10'),(15,15,'Ut placeat vero harum est perferendis doloremque. Enim et aut distinctio quam. Provident libero et eveniet quaerat. Cupiditate alias occaecati quia quidem consequatur non sed.','2018-12-27 16:00:21'),(16,16,'Ut inventore corrupti quibusdam perspiciatis tempore. Culpa excepturi quia dolor ut perspiciatis omnis dolorum iste. Explicabo in libero asperiores repellat doloremque quidem. Rerum corporis iusto incidunt sequi illo saepe. Aut rerum hic consectetur sunt qui consequatur deserunt.','1989-11-27 01:40:51'),(17,17,'Iste non ut vitae ut debitis. Est impedit debitis assumenda eius harum qui eos. Distinctio aut quia nam quaerat dignissimos magni.','1974-10-17 12:53:13'),(18,18,'Eaque ex vero nobis repudiandae quaerat non. Cum ut quis nesciunt pariatur dolorem ab ut. Sit quia ad enim possimus nostrum recusandae nesciunt.','1972-04-27 21:44:51'),(19,19,'Quo qui accusamus odit impedit. Quidem nihil explicabo animi nesciunt. Aut illum quis illo nemo autem. Modi consequatur qui adipisci temporibus culpa.','1996-06-21 08:38:10'),(20,20,'Sapiente in labore dolores incidunt iure ut ut. Qui qui sit vel asperiores eius. Nihil rerum aliquid odit.','1981-04-06 14:16:11'),(21,21,'Impedit ut sit rem voluptatem maxime eum. Atque non dolorem numquam corporis animi. Blanditiis ex est eligendi quidem maxime. Expedita distinctio et et temporibus alias.','2005-11-12 17:26:21'),(22,22,'Animi occaecati mollitia velit nemo harum rerum dolores. Iure rem ducimus a ut ad perspiciatis omnis. Iste harum natus omnis et molestias facilis accusamus. Rem itaque nesciunt voluptas assumenda.','1975-12-15 15:59:06'),(23,23,'Odio aliquid a quidem corrupti laudantium. Quidem perferendis quae fugiat aut et aperiam cum. Quod facilis culpa voluptatem perferendis et nobis delectus asperiores. Voluptate commodi illo qui voluptas. Perspiciatis soluta consequuntur placeat sequi ipsam et.','2019-03-12 13:52:22'),(24,24,'Officia eos incidunt veniam enim unde asperiores. Iure et omnis nam similique natus in tenetur.','2001-09-02 18:10:53'),(25,25,'Sit ut et expedita voluptatibus occaecati ut. Est dolores eius quidem ab qui dolore necessitatibus. Iste ut tempore sequi qui totam.','1976-11-01 08:32:07'),(26,26,'Voluptas ipsa voluptatem et est. Inventore aliquid voluptates maiores perferendis. Voluptas dolorem voluptatem optio voluptatem. Molestiae facilis vitae laborum.','2017-04-29 03:09:02'),(27,27,'Voluptatem voluptatum beatae et qui. Et similique nihil quis.','2010-04-27 19:13:17'),(28,28,'Voluptatum autem porro unde ex voluptatem dolores. Cum occaecati et alias odit. Perferendis est ipsam sit quas.','1972-06-01 14:43:30'),(29,29,'Qui quam qui tempora nesciunt voluptatem qui. Maxime enim nemo praesentium velit. Ullam et dolorem nam voluptatem sed. Quo qui mollitia commodi autem vitae.','2003-04-09 04:58:00'),(30,30,'Commodi quo omnis alias assumenda tempore. Voluptas molestiae eum nostrum. Fugit id enim non neque et voluptatem.','1986-12-14 02:54:56'),(31,31,'Maxime aut quasi fugiat quo corporis sapiente. Repellat ut et officiis voluptatem voluptate id. Ullam dicta ex ipsum ducimus est. Commodi eveniet enim dolores.','1987-11-09 15:22:51'),(32,32,'Nulla consequatur sit vel dolorem illum hic. Quia deleniti numquam assumenda omnis alias. Illo eius numquam vero optio. Dolores aut nulla exercitationem ut dicta magni itaque.','1975-12-17 12:11:14'),(33,33,'Et a possimus est similique. Vitae voluptate odit non modi cupiditate nemo. Autem fuga blanditiis dolorum. Sed accusantium praesentium minus facere.','1984-02-16 09:42:38'),(34,34,'Voluptas adipisci nemo est earum culpa esse qui. Aut minima est iusto est. Sed natus ullam veniam debitis officia dolorum voluptate. Quo eos saepe at earum.','2009-07-29 13:41:07'),(35,35,'Aut facilis similique architecto. Commodi delectus a ipsa assumenda. Blanditiis aliquam esse perferendis et voluptatum maxime at.','1999-12-04 16:52:32'),(36,36,'Eligendi libero ut occaecati occaecati sequi. Inventore quia culpa impedit consequatur et. Rerum molestiae neque perferendis amet corporis tempora. Inventore quibusdam dolor quidem aliquid maiores dolorem eligendi.','2015-10-25 05:35:51'),(37,37,'Nostrum sit aut minima et voluptatibus. Blanditiis et itaque aut ea beatae veritatis. Commodi voluptatum facere et perspiciatis est id laudantium.','2012-05-20 07:55:04'),(38,38,'Dolores totam dolore et amet veritatis inventore autem in. Ipsam quae id omnis.','2013-07-21 10:28:59'),(39,39,'Similique ipsum in qui velit et quo. Pariatur iusto nemo suscipit sit. Quo quia eligendi assumenda tenetur ut. Illo qui similique beatae omnis molestiae.','2005-08-27 17:52:00'),(40,40,'Amet consectetur qui libero sunt. Earum mollitia quidem vel maiores. Suscipit modi nam eius perspiciatis et rerum repellat. Consequatur quia cumque praesentium adipisci et.','1979-07-28 13:11:10'),(41,41,'Corporis accusantium dolore tempore sit. Sint commodi quia aut ipsa ut harum.','1982-10-15 09:19:46'),(42,42,'Aut quidem sed qui illo. Qui dicta eaque consequatur in dicta pariatur odio. Sint mollitia ea quia ut. In est minus est ut ipsa.','1978-09-19 06:06:25'),(43,43,'Beatae autem quae qui eius. Veniam consequatur qui esse nihil eveniet consectetur ad. Autem aut aperiam sunt quisquam id repellendus.','2017-01-15 03:52:31'),(44,44,'Omnis commodi occaecati rerum delectus. Earum repudiandae voluptatem rerum omnis necessitatibus. Voluptatem dicta magni quia tempora incidunt debitis. Rerum fugit dolorem consectetur nostrum voluptas.','1992-06-21 10:58:47'),(45,45,'Modi nemo culpa quam delectus dolorem harum voluptatem. Sed aspernatur omnis beatae sint doloribus blanditiis. Dolor qui repudiandae ut minus cupiditate consequatur hic.','2003-04-15 02:25:24'),(46,46,'Et consectetur dolorum nemo aut quidem ea quis. Iste minima velit dolorem cumque et quaerat cupiditate labore.','2016-10-31 16:03:47'),(47,47,'Animi autem iure dolorem sed aut et illo. Commodi cum sunt ut ratione eveniet voluptate. Harum expedita accusamus quos ipsa. Quis quod ut ducimus inventore neque. Incidunt cum dolore occaecati aut qui.','2007-08-05 16:21:08'),(48,48,'Commodi nobis aut dolorem mollitia. Ea facilis iusto suscipit. Et esse nesciunt quisquam quis dolores quasi ut. Voluptatem consequatur ut est ad dolore.','1979-12-07 02:01:56'),(49,49,'Aut esse hic dolores iure quas aut autem. Aut ratione officia magni. Distinctio eius ipsam exercitationem cumque. Iure autem ea eum voluptatibus laudantium rem ad.','1984-02-23 21:41:24'),(50,50,'Enim dolor repellat temporibus est omnis accusamus deleniti omnis. Praesentium quisquam consequatur minima voluptas rem ea dolores accusamus. Et autem ratione eos reiciendis. Aut debitis id deleniti dignissimos accusantium officia.','2007-04-01 06:17:48'),(51,51,'Ad dolores blanditiis incidunt hic id. Alias id fuga et modi distinctio enim id architecto. Ut hic amet exercitationem est accusantium dignissimos fugiat.','2007-02-03 05:34:01'),(52,52,'Ea sunt ut aliquam explicabo corporis deleniti aut. Voluptates adipisci possimus dolores minus. Dolor laudantium occaecati sit aliquid quo non. Error vel quia sit atque magni.','2000-02-21 05:52:43'),(53,53,'Omnis voluptatibus eos fugit ut mollitia sed. Blanditiis expedita non harum soluta natus voluptas veritatis.','2019-02-27 07:17:02'),(54,54,'Id laudantium laboriosam id eum repellat harum. Eos a accusantium voluptatem quibusdam magnam. Assumenda est autem rerum neque ab magni. Tenetur nam ut esse accusamus deserunt.','2017-08-25 19:16:13'),(55,55,'Odit reprehenderit sit saepe inventore non rerum. Et numquam quo tempore nam.','1978-05-06 21:36:05'),(56,56,'Et consequatur ex maiores magnam voluptatem aut eos. Quia enim unde consectetur aperiam et nulla unde. Mollitia possimus hic omnis iste.','2005-02-15 20:32:44'),(57,57,'Ad veniam sit enim nostrum ea. Inventore expedita eum doloribus quia et. Eos recusandae numquam repellat et earum voluptatum est. Odit ab dolor eum consequuntur voluptas amet. Est dolorum impedit voluptates voluptatem et recusandae.','1991-12-31 10:07:49'),(58,58,'Eum quod aliquam sed vel illum eos. Ad at vitae officia eum. Quae rem dolores iste. Voluptate sed et ipsa sunt sint architecto.','1995-12-17 20:41:03'),(59,59,'Et id quia minima perferendis perferendis. Esse enim est sed qui ut cum quas. Quibusdam asperiores blanditiis ducimus quod perspiciatis.','1999-04-09 02:41:08'),(60,60,'Velit architecto aut veniam enim iste. Et sunt rerum perferendis quidem eos voluptas officiis. Quia culpa quam quas excepturi nisi officiis voluptatem corporis. Sunt vero doloremque inventore est praesentium eos et.','2002-03-21 15:26:37'),(61,61,'Laboriosam nulla minus corporis repellat soluta. Aliquid dolorem dignissimos ea magnam quaerat. Recusandae minima non incidunt.','1982-10-04 05:13:35'),(62,62,'Ad vel alias sequi voluptatum repellat voluptatem. Tempora ea et odio in ut. Eveniet perspiciatis eum nihil voluptatem et et consequatur numquam. Voluptatibus cum nobis animi voluptatem eveniet ducimus veniam.','1976-08-20 08:47:53'),(63,63,'Repellat deserunt quam modi aliquid consequatur aut earum. Eius ipsa tenetur officia. Delectus est qui eum corporis non sit autem.','2007-06-15 17:57:30'),(64,64,'Deserunt aliquid a blanditiis quia et dicta. Ad nam eveniet exercitationem aspernatur. Est dolorum sunt voluptatem quibusdam. Quis rerum fugit ullam placeat. Rem quibusdam incidunt impedit nobis sed odit voluptatem.','2017-06-12 18:37:20'),(65,65,'Praesentium explicabo quo unde in exercitationem optio veniam tenetur. Vero ut et nisi animi asperiores quia. Iure ipsa mollitia autem explicabo quo iure.','2011-02-07 09:00:26'),(66,66,'Fugiat dignissimos expedita eos doloribus et eius. Dolores tempore unde sapiente accusantium. Totam incidunt omnis voluptates recusandae sed veritatis ut.','1995-09-10 10:51:20'),(67,67,'Corrupti velit quasi qui nam culpa quos est. Omnis recusandae voluptas culpa quia aut voluptatem.','1971-08-12 09:40:20'),(68,68,'Rem totam reprehenderit quasi autem est. Quia nihil harum eligendi et molestiae. Aut molestias quia vel animi laborum.','2009-06-16 13:52:33'),(69,69,'Omnis quo nihil officia. In nihil distinctio omnis dicta repudiandae numquam ut non. Nam est tempore officiis vel. Ab omnis nostrum est nulla consequatur voluptas.','1978-02-11 05:33:35'),(70,70,'Sed eos ex in quia fuga et pariatur. Eum ipsa vel dolorem quas vero. Accusamus nam est et incidunt id esse excepturi.','1972-09-13 07:39:19'),(71,71,'Recusandae nulla dignissimos voluptas non et quis suscipit. Maxime optio voluptas officia aut. Distinctio impedit voluptatem sint sit corporis eum.','1986-04-02 18:36:49'),(72,72,'Excepturi similique doloribus quam rerum alias ratione. Omnis maiores in eveniet numquam ut. Alias eum dolor porro. Necessitatibus incidunt tenetur modi consequatur.','1987-04-13 13:10:25'),(73,73,'Impedit quasi esse sunt nulla. Asperiores facilis enim voluptas deserunt dolores libero rem nihil. Ut ut totam nemo blanditiis aliquid.','2006-09-08 14:46:26'),(74,74,'Dolor dolores cumque qui eligendi quidem dolores. Et ipsum tempore soluta corrupti. Placeat sed culpa dolorem assumenda maxime quos.','2004-02-07 08:37:09'),(75,75,'Similique rem veniam necessitatibus vitae distinctio quibusdam. Quidem est sapiente rerum. Deserunt neque sed accusamus vel. Soluta et officiis odit.','1987-07-16 22:05:33'),(76,76,'Cum labore sed dolore deleniti labore atque. Accusantium saepe quae rerum placeat. Ut sint recusandae aut pariatur iste aut similique facere. Quae tenetur eius est assumenda sit natus illum.','1978-09-20 11:15:12'),(77,77,'Mollitia illo aut omnis maiores eligendi quam. Quae quam modi excepturi odio. Qui modi corrupti voluptas quia laborum. Unde sunt qui recusandae perspiciatis quo harum.','1988-12-16 01:09:32'),(78,78,'Facere et eum repudiandae voluptate maxime. Dicta voluptatem dolor corporis saepe rerum aut aut. Aut ut culpa eum. Nihil ratione necessitatibus et ullam. Non eligendi quia et sed consectetur eos.','2005-12-31 01:35:47'),(79,79,'Saepe deserunt delectus repudiandae non suscipit perspiciatis eos accusamus. Corporis accusantium doloribus placeat molestiae rerum a. Sunt placeat ut odio id velit.','2004-08-23 13:43:36'),(80,80,'Nam quis nostrum sit. Accusamus ratione a perspiciatis aliquam repellat exercitationem corporis voluptate. Eaque nesciunt iste et dolore ut. Accusantium assumenda aliquid inventore ratione repellat est. Voluptatem reiciendis laborum sint labore odio enim.','1979-01-26 03:02:01'),(81,81,'Illum ratione eveniet tenetur dolores voluptatem aut est. Rerum omnis molestiae nihil beatae. Corrupti et quidem sint et culpa necessitatibus.','1991-06-19 23:40:57'),(82,82,'Labore non saepe molestias quam excepturi. Autem tempore sit enim ea excepturi molestias. Dolores error explicabo ipsa magni enim. Nam velit deserunt incidunt recusandae quia numquam.','1978-06-18 20:40:58'),(83,83,'Et alias qui labore aut sint. Non hic expedita qui magni molestiae ut et. Iusto nisi rem fugiat ad necessitatibus. Necessitatibus deserunt rerum et repellat et quibusdam iusto velit.','1975-09-26 20:17:44'),(84,84,'Ut omnis reiciendis totam voluptate quibusdam. Natus facere et amet ea delectus et asperiores. Quo velit itaque reprehenderit. Illum saepe aspernatur alias aliquam quia ducimus.','2006-05-08 19:43:43'),(85,85,'Vel facilis quos illo et eligendi velit delectus. Dolor quas exercitationem quod id consequatur. Et illum dolorum quia earum autem.','2015-03-03 19:44:09'),(86,86,'Dicta est aut nulla voluptates asperiores. Asperiores quas error velit saepe placeat. Qui voluptatem nulla illum hic et.','1970-01-23 03:40:53'),(87,87,'Ratione cumque quasi et voluptates. Porro dolor tempora voluptatem perferendis quia aliquam minus et.','1977-07-28 07:33:38'),(88,88,'Distinctio ratione cumque sint ea maxime at hic. Voluptatem sed est incidunt eius quibusdam maiores qui. Laboriosam autem repellat ratione ut consequuntur.','1996-09-20 21:44:06'),(89,89,'Cumque temporibus cumque blanditiis sunt et recusandae. Dicta repellat quibusdam eveniet illum. Reiciendis voluptatem eaque quod aliquid sint. Inventore maxime exercitationem officiis ea.','1984-08-12 16:43:06'),(90,90,'Sed reiciendis minus et rerum. Est aut hic non et et sapiente. Enim exercitationem itaque nihil est voluptas vero quo. Iure libero error quis aspernatur itaque sint.','1983-03-31 08:30:40'),(91,91,'Omnis voluptatum voluptatem sint magnam maiores. Rem labore et magnam animi ab quia optio. Sunt voluptas enim veniam sit velit debitis aspernatur.','2006-10-17 23:03:02'),(92,92,'Neque quo magni non esse esse numquam. Provident aliquam quis eligendi aperiam. Velit veritatis iusto dolor eaque quos quasi molestiae. Voluptatem vitae necessitatibus enim.','1994-07-25 19:14:23'),(93,93,'Dolores porro voluptatum qui eos et autem. Omnis aut autem enim nihil quaerat error. Maxime vel ratione sapiente hic dicta in voluptas. Mollitia soluta nostrum sit sint eum.','1972-08-28 05:59:50'),(94,94,'Molestiae et ipsa ratione animi et doloremque sint ut. Ea voluptas quo deleniti animi. Harum illo sint occaecati quos aut. Ad reprehenderit dolor quia dolor qui et. Dolores molestias itaque sit et.','1985-11-06 10:26:09'),(95,95,'Est veniam eum dicta placeat eum. Omnis perspiciatis consectetur quo sit dolor blanditiis. Et qui modi tempore eveniet accusantium ut.','1988-11-03 08:05:55'),(96,96,'Odio quia ea debitis facere culpa. Voluptatibus quis sint ducimus dicta repellat sed. Corporis rem ullam dignissimos.','1981-04-03 06:32:31'),(97,97,'Error eligendi eligendi voluptatem aliquid saepe qui quis. Aspernatur qui dolorum fugit eligendi reiciendis modi quia accusantium.','1994-02-27 01:24:33'),(98,98,'Neque pariatur delectus qui dolor est. Et commodi sunt quas ratione in quia fuga. Cupiditate quo vitae labore ut cupiditate architecto. Vero est nisi aut voluptatem numquam dolores mollitia. Doloremque ut vel nihil odit assumenda molestiae.','1989-01-15 04:17:55'),(99,99,'Dolore ut saepe consequuntur nisi. Facilis est magni est maxime quod enim. Enim cumque rem sed eos velit aut. Cum quia ut in sit error.','1992-09-27 10:04:27'),(100,100,'Illo nihil nihil qui suscipit maxime. Fugit adipisci ut unde facere commodi numquam et. Pariatur pariatur pariatur sunt numquam expedita. Quia nostrum et et esse.','1971-07-15 09:39:46');
/*!40000 ALTER TABLE `newsline` ENABLE KEYS */;
UNLOCK TABLES;

--
-- Table structure for table `posts`
--

DROP TABLE IF EXISTS `posts`;
/*!40101 SET @saved_cs_client     = @@character_set_client */;
/*!50503 SET character_set_client = utf8mb4 */;
CREATE TABLE `posts` (
  `id` int(10) unsigned NOT NULL AUTO_INCREMENT,
  `user_id` int(10) unsigned NOT NULL,
  `community_id` int(10) unsigned NOT NULL,
  `body` text CHARACTER SET utf8 COLLATE utf8_unicode_ci NOT NULL,
  `media_id` int(10) unsigned NOT NULL,
  `number_votes` int(10) unsigned NOT NULL,
  `created_at` datetime DEFAULT CURRENT_TIMESTAMP,
  PRIMARY KEY (`id`)
) ENGINE=InnoDB AUTO_INCREMENT=101 DEFAULT CHARSET=utf8 COLLATE=utf8_unicode_ci;
/*!40101 SET character_set_client = @saved_cs_client */;

--
-- Dumping data for table `posts`
--

LOCK TABLES `posts` WRITE;
/*!40000 ALTER TABLE `posts` DISABLE KEYS */;
INSERT INTO `posts` VALUES (1,1,1,'Unde aut voluptatem libero natus. Dignissimos rerum autem quod quisquam nihil tenetur iusto. Quia ipsa adipisci expedita.',1,882,'1998-07-16 07:19:22'),(2,2,2,'Quidem qui cum qui illum sit iure optio repellendus. Rerum autem minus quis officia quia et itaque.',2,30,'1984-07-26 13:27:32'),(3,3,3,'Labore eaque dolorem hic praesentium harum adipisci quam ea. Odio sunt autem adipisci praesentium praesentium autem consequatur. Maxime explicabo molestiae ut.',3,93760351,'1989-04-15 00:53:33'),(4,4,4,'Doloribus neque molestias tenetur necessitatibus praesentium consequatur illo maiores. Aut reprehenderit et iusto quia quo. Est eos eum rem veniam facere ea soluta. Repellendus dolorem molestias voluptas deserunt.',4,5501,'1977-11-28 18:41:43'),(5,5,5,'Accusantium incidunt consequatur iste temporibus cumque et quia nam. Maiores id tempora adipisci et corporis. Voluptatem aspernatur quia rem fugit rerum voluptatibus.',5,64,'2002-07-16 23:21:11'),(6,6,6,'Tempora aliquam laboriosam cupiditate natus itaque possimus. Et sed tenetur quod esse eum hic et in. Officiis repellat culpa fugit corrupti.',6,17060,'1984-01-28 21:39:30'),(7,7,7,'Fugiat nihil minima eum. Inventore et magni ex voluptatibus illo doloribus dolorum. Eveniet nihil doloremque itaque molestiae placeat nesciunt sapiente. Perspiciatis unde facilis facilis maiores iure eum.',7,72961300,'1981-12-28 14:23:51'),(8,8,8,'Et enim hic illo voluptates. Dolorem molestias a nulla doloribus placeat nostrum qui. Aspernatur quis quia quos quis beatae architecto qui. Doloremque cumque est exercitationem laborum omnis eos cupiditate.',8,141685989,'2011-06-27 08:53:47'),(9,9,9,'Qui aliquam et at quam dolor. Inventore suscipit id maiores nisi. Officiis voluptatem fuga esse. Voluptatem laboriosam sint modi rerum ut.',9,3302,'1993-02-06 05:18:49'),(10,10,10,'Est consequatur iusto facilis amet. Ex ullam impedit dolore est rerum recusandae est. Assumenda illo mollitia qui quam sed dicta.',10,52907486,'1996-01-13 23:02:51'),(11,11,11,'Est sit corrupti voluptas eos minus illo ut. Repellendus pariatur eum id in optio. Iure at consequatur ut fugiat.',11,0,'1993-03-26 18:31:55'),(12,12,12,'Provident quisquam consequatur sit omnis neque. Nobis et ab accusantium laborum adipisci temporibus. Eum officiis aperiam et voluptatem. Recusandae iusto similique recusandae et et et aliquam.',12,665329,'1992-10-07 12:26:47'),(13,13,13,'Rerum aspernatur distinctio accusantium laborum mollitia itaque expedita qui. Quaerat ut culpa consequatur excepturi. Fuga optio enim voluptatem earum earum officia. Enim deleniti dolorum id itaque.',13,650352705,'2012-08-10 14:42:52'),(14,14,14,'Sint quia sit tempore assumenda. Sequi totam enim eaque dolores sapiente nisi.',14,1600151,'1985-11-03 22:48:52'),(15,15,15,'Natus architecto consequatur facere eos adipisci omnis ea culpa. Esse quia quidem architecto provident provident. Facere eius molestiae id nihil.',15,723503,'2017-07-23 22:05:03'),(16,16,16,'Quis reprehenderit tenetur culpa fuga. Expedita architecto magnam eaque magnam aut sit quae excepturi. Delectus sint architecto ad.',16,57,'1992-11-10 01:07:15'),(17,17,17,'Ipsam quasi nemo recusandae earum ut. Est quis sint totam ullam et alias. Quidem architecto harum iusto iste consequatur sapiente voluptatem sit. Deleniti velit sunt at est quae.',17,42,'1985-11-29 23:04:41'),(18,18,18,'Placeat asperiores consectetur laborum reiciendis et. Praesentium animi laudantium voluptate cumque omnis. Voluptas illo omnis voluptate veniam magnam reiciendis molestiae.',18,7669409,'2002-07-18 14:03:44'),(19,19,19,'Illum distinctio non quasi ut aut. Distinctio voluptate iusto magnam. Veniam quo voluptate est voluptatem mollitia non minima.',19,5152163,'2015-07-17 18:52:20'),(20,20,20,'Iusto accusantium fugit id aspernatur libero. Et voluptates non officia id laudantium. Sed aliquam quam voluptatum laboriosam quia aperiam. Laboriosam nesciunt aliquam laudantium nihil tenetur doloribus et.',20,20491,'2000-05-12 21:53:34'),(21,21,21,'Numquam et reiciendis sed qui voluptatem qui ad at. Rerum et eveniet quae. Illo unde nesciunt aliquid eligendi labore quo dolor. Excepturi quo earum autem debitis cum aut quisquam.',21,8544490,'1980-05-01 10:16:19'),(22,22,22,'Aut qui voluptatibus consequatur qui rerum consequatur animi exercitationem. Cumque numquam laborum voluptas incidunt repellat. Ut molestias saepe veritatis consectetur nulla qui.',22,793,'2002-01-18 07:00:15'),(23,23,23,'Quod sed quia voluptatibus. Corrupti quo molestiae nihil minus ut omnis voluptatum. Soluta autem temporibus non et magni et provident deserunt. Illum maxime deleniti voluptas sed velit expedita.',23,119355,'1999-04-05 01:11:21'),(24,24,24,'Debitis omnis dolor rerum qui quos tempore reprehenderit consectetur. Vel voluptatem corporis vero vero sit vel. Cupiditate assumenda praesentium maiores quia. Nam excepturi possimus vitae ullam quaerat beatae.',24,596985264,'2011-07-01 12:13:36'),(25,25,25,'Quidem rerum iure soluta. At enim itaque inventore voluptatem non.',25,89248,'1982-10-19 10:54:41'),(26,26,26,'Deserunt ipsa et voluptatibus ipsa suscipit explicabo. Veritatis maxime asperiores occaecati occaecati est dolorem minus. Quidem qui eum tenetur dignissimos explicabo sit commodi et. A numquam dolorem dicta pariatur vero a ut.',26,349,'2012-04-07 14:52:08'),(27,27,27,'Qui iste sunt et enim. Enim ex nulla omnis iusto.',27,3,'1990-05-21 22:02:41'),(28,28,28,'Repellendus ea ipsa non inventore explicabo. Id sapiente iure dicta illum id. Fugiat consequatur nam corporis quia.',28,501,'1977-02-20 11:14:51'),(29,29,29,'Facilis non ut nemo quia a. Non fuga atque quia sit commodi est reprehenderit. Fugit nemo nisi id odit fugiat nisi.',29,6264430,'2017-12-28 02:54:56'),(30,30,30,'Nisi reiciendis reiciendis ea. Nihil ad neque amet qui neque ut. Tempore non sint eaque est.',30,98037362,'1984-03-14 03:17:15'),(31,31,31,'Autem ex doloribus molestiae exercitationem. Beatae provident suscipit eius voluptas iusto. Nostrum dolor hic ad et. Voluptatem consequuntur quos eaque praesentium quia.',31,3704,'1977-07-14 00:09:00'),(32,32,32,'Vero cumque voluptatem natus consequatur asperiores voluptatem. Vitae vel velit nemo blanditiis sit sit sit. Occaecati accusantium qui quia.',32,0,'1976-01-31 08:25:45'),(33,33,33,'Et ut architecto itaque nostrum sequi. Et eum omnis non sit error sit quaerat. Laudantium impedit est incidunt et veniam.',33,2898,'2008-03-21 09:31:33'),(34,34,34,'Ipsum perspiciatis impedit quia qui eius. Provident quis sit cumque accusantium amet in sed. Et et aut omnis quaerat repellendus. Quam aut enim necessitatibus.',34,71083351,'2013-07-02 23:02:36'),(35,35,35,'Aliquid explicabo id maiores. Dolor maxime qui esse. Quia eius et voluptatem magnam. Consequatur temporibus sapiente dolorem reiciendis quisquam nemo magnam.',35,5096258,'2019-05-10 10:26:05'),(36,36,36,'Aliquid eligendi eligendi et optio voluptatem. Labore deleniti vel nobis dolorem quae. Velit aut ad aliquid.',36,192,'2008-03-02 08:10:28'),(37,37,37,'Et sunt dolores voluptatibus possimus. Sit eos ea eligendi recusandae ducimus dolore quibusdam et. Rerum architecto et enim. Aut saepe voluptas eum quaerat sint quia quisquam.',37,3,'1990-06-09 12:28:38'),(38,38,38,'Sapiente ex error qui a. Et nam et dolorem aliquam est amet. Et corrupti non nihil placeat sit blanditiis. Qui necessitatibus labore quo esse.',38,95,'2012-10-22 06:24:58'),(39,39,39,'Soluta et occaecati libero quod sed quas nihil. Error enim totam eligendi qui quam sunt. Qui corrupti pariatur nisi esse voluptas.',39,0,'1984-10-29 18:29:52'),(40,40,40,'Quibusdam perspiciatis iste nulla neque. Voluptatem eos corporis ipsam sed. Quas et nihil fugit praesentium enim. Accusamus recusandae in inventore quis.',40,875256,'2008-10-23 19:23:08'),(41,41,41,'A magnam qui quia error est et tempore ratione. Tenetur qui voluptas sunt. Ut at rerum sit dolorum deserunt. Aut sit maiores itaque quos ab voluptate beatae.',41,12,'2013-09-13 04:30:09'),(42,42,42,'Ullam maiores dolor ut veritatis nihil. Numquam alias aut autem unde optio asperiores. Consectetur occaecati magnam voluptates maxime laborum. Ullam architecto sequi dolorum.',42,0,'2003-02-10 04:01:37'),(43,43,43,'Sed illum et sit enim. Voluptates inventore dolor illo incidunt. Tempore ut facilis ullam facere eius. Ut sit aliquam similique qui fugit doloremque.',43,0,'1977-07-11 06:25:56'),(44,44,44,'Eveniet voluptatem ad minus ullam praesentium eum. In nostrum blanditiis incidunt inventore rerum velit incidunt. Placeat explicabo corporis est autem tenetur. Reiciendis quos quos aliquam eos.',44,415,'2005-04-20 19:57:29'),(45,45,45,'Ab nisi voluptates corporis nam accusantium porro recusandae consequuntur. Rerum sint sapiente ut sint asperiores est quaerat. Quia debitis culpa ab dolorem nisi quo.',45,0,'2013-10-06 02:43:02'),(46,46,46,'Qui occaecati id quia eligendi ducimus. Dolores aut aut corporis quia aperiam nostrum. Iusto sit quis aperiam excepturi. Illum optio consequatur error. Facilis perferendis quaerat praesentium laudantium voluptatem ipsam qui est.',46,6060,'1986-02-14 06:42:46'),(47,47,47,'Qui a qui excepturi ut rerum laborum magnam. Quibusdam repudiandae dolor ut qui commodi voluptatem. Ut sit quos rerum voluptas est tempora officiis. Eos distinctio aspernatur omnis expedita.',47,23838,'1989-03-01 11:43:46'),(48,48,48,'Eum rerum vero qui iusto qui quia. Repellendus error reprehenderit rerum dolorem nihil ad qui commodi. Dolor et hic et temporibus ut illo laboriosam. Esse recusandae veritatis error dolores excepturi provident.',48,966821,'2019-07-01 22:58:12'),(49,49,49,'Voluptate provident aut nihil dolores distinctio est. Nihil ipsam et sunt praesentium excepturi nihil. Quisquam sunt labore quo officia.',49,6,'2005-12-26 12:36:33'),(50,50,50,'Porro aliquam quia alias quis deleniti magni non. Quis quam qui recusandae blanditiis quo ea aut. Asperiores ab nemo expedita repudiandae pariatur repellendus pariatur.',50,692,'2008-01-17 17:36:05'),(51,51,51,'Nostrum dolores numquam laudantium minima. Sit consectetur facilis consequatur eaque expedita qui. Numquam natus vel et quibusdam beatae minima corrupti ut. Eos nihil et laboriosam sit provident veniam hic. Sapiente cupiditate neque corrupti.',51,24167,'2011-01-30 08:57:48'),(52,52,52,'Quisquam adipisci repellat aut odit qui fugit qui. Quibusdam ut est et laborum architecto sed. Deserunt autem qui itaque sed accusantium sed. Ipsum quisquam voluptatibus est.',52,2154,'1980-06-03 08:09:12'),(53,53,53,'Cumque quam aut ut soluta veniam voluptatem. Odit quidem quod nobis consectetur voluptatem eum dolor iste. Sint libero vitae non aut.',53,4,'1984-11-24 10:54:36'),(54,54,54,'Soluta aut consectetur expedita accusantium facilis quia nisi sed. Quia quas saepe quam alias. Assumenda aliquam consequatur ut. Quo iusto sequi accusantium laboriosam quaerat a doloribus pariatur.',54,5025,'2002-07-26 06:39:14'),(55,55,55,'A est minima quos aut tempora sunt itaque aut. Quo animi ut occaecati. Voluptatum dolores in qui aut in quos. Rerum sint esse natus ut excepturi.',55,75,'1996-12-23 14:37:25'),(56,56,56,'Voluptas molestiae beatae neque qui quos hic incidunt tempore. Sint consequatur quam aut minima qui et. Consectetur sit est modi. Id aspernatur ipsa nulla enim ut.',56,657,'1973-02-12 15:45:21'),(57,57,57,'Deserunt rerum possimus molestiae quis. Aut quia et iure id suscipit mollitia. Aut similique qui optio perferendis soluta voluptatem.',57,94,'1979-10-13 17:04:19'),(58,58,58,'Iure quaerat recusandae sit fugit ab. Rerum quod beatae quibusdam quo. Sed eveniet possimus laboriosam vel perferendis voluptas temporibus.',58,3205811,'2018-11-06 00:53:57'),(59,59,59,'Id occaecati officiis quia at qui ea quia ipsa. Vel perspiciatis dolor corrupti. Molestiae fugit est iure deleniti. Possimus rerum pariatur corporis numquam exercitationem quo. Mollitia nihil pariatur occaecati impedit sint error.',59,1330055,'1996-05-08 23:58:42'),(60,60,60,'Praesentium dolores porro quo eligendi quia. Voluptatem autem praesentium fugit praesentium eos eum non. Quam animi earum voluptatem.',60,616500526,'1993-10-12 19:15:44'),(61,61,61,'Rem officia fuga ex eaque. Ut officiis atque accusamus voluptatem nemo quia harum. Enim assumenda incidunt modi nesciunt culpa aspernatur. Nihil ut dolor esse voluptatibus neque quaerat quae deleniti.',61,712149,'1991-11-06 07:37:01'),(62,62,62,'Eos voluptatem nobis officia ut blanditiis. Odio deserunt dolorum sed aut cumque. Ut doloremque et numquam et neque. Dolorem omnis corrupti odit impedit sit veritatis accusantium.',62,40,'1970-11-12 21:12:21'),(63,63,63,'Similique dolore illo consequatur laboriosam aut quod est doloribus. Voluptatum eum nemo et et aut molestiae. Alias dolore sint incidunt et qui deleniti. Odio optio iure nesciunt rerum dignissimos vero saepe.',63,745,'1996-08-10 10:33:54'),(64,64,64,'Neque qui aliquid libero neque. In incidunt aut fugiat eveniet et veniam. Fugiat est maxime sed soluta et sit in.',64,999953,'1997-03-02 15:48:44'),(65,65,65,'Sed sed soluta est voluptates laborum. Sit in omnis ut accusantium nihil perspiciatis. Voluptatem sunt deleniti maxime magnam quae recusandae voluptatem. Explicabo reiciendis velit quo eveniet.',65,704,'1975-09-24 18:13:01'),(66,66,66,'Laboriosam sunt quo distinctio aut nulla. Veritatis aut officia perferendis at. Iure et cum qui quos necessitatibus.',66,176988058,'2013-10-11 21:24:07'),(67,67,67,'Est sit temporibus dolores sed illo est alias. Quis harum rerum voluptas id quis. Asperiores sit corrupti nemo error vel. Fugiat id magnam voluptatem sequi ut neque magnam. Consequatur tempore error est quo architecto.',67,0,'2000-06-19 04:31:42'),(68,68,68,'Facilis voluptas magni sint similique quo molestias. Ipsa rerum veniam molestiae eveniet architecto.',68,92607724,'1971-09-30 13:32:54'),(69,69,69,'Et eius recusandae iste non animi vel aut. Earum ut facere qui quo deserunt iusto. Beatae cum ducimus sint rem perspiciatis. Dolores quo quia pariatur quia autem adipisci atque.',69,23462,'1971-08-02 15:49:32'),(70,70,70,'Et libero ad ea et in dolorem tempore. Magnam voluptas ad debitis expedita omnis. Est corporis rerum tempora omnis qui eius.',70,0,'1971-06-24 08:22:16'),(71,71,71,'Minima earum eius est dolor. Quisquam in officia alias nemo nesciunt asperiores aut. Cupiditate repudiandae voluptas voluptas vitae aut eos ut dolor. Corrupti alias iste voluptas perspiciatis porro.',71,59144,'2009-02-01 12:52:29'),(72,72,72,'Sapiente voluptatem eaque delectus laboriosam illo illum accusantium placeat. Quas harum occaecati natus quia occaecati nemo est pariatur. Tenetur ea nihil impedit cumque et officiis ullam. Dolorem iusto corrupti qui ipsum accusamus tempore consequatur.',72,61552792,'2004-12-02 08:14:52'),(73,73,73,'Suscipit rerum nam ipsa enim corporis. Impedit labore corrupti unde quia vero quo itaque. Tempora qui ut et incidunt.',73,0,'2016-08-08 01:18:58'),(74,74,74,'Perspiciatis non consequatur recusandae qui quam fuga. Quas et ex necessitatibus ad id animi voluptatibus. Maiores laboriosam aut labore. Exercitationem eius harum consequatur et.',74,128,'1978-03-17 05:43:32'),(75,75,75,'Vel nobis voluptatem occaecati rerum fugit eaque unde repudiandae. Consequatur sequi voluptas provident necessitatibus iusto nostrum nisi. Ea eveniet modi non tenetur provident.',75,41,'2002-08-02 06:08:21'),(76,76,76,'Ut et laboriosam nam et reprehenderit ducimus sint. Quis placeat quia optio. Architecto praesentium est aperiam autem nostrum qui tempore dolore.',76,2380,'1971-06-14 05:43:51'),(77,77,77,'Aut consequatur voluptas sunt a ut rem. Corporis ut quo est totam et. Molestias libero modi placeat sed sunt consequatur. Odit occaecati voluptatem impedit tempora ab magnam magnam.',77,45,'1985-12-11 10:53:42'),(78,78,78,'Accusantium repellendus iusto animi voluptates et consequatur. Rerum qui nihil recusandae sed. Reprehenderit eligendi veritatis ullam qui dolores temporibus. Consectetur ut sunt eum atque. Nesciunt earum voluptatibus voluptatem sit dignissimos quia vel.',78,526,'2017-07-19 15:24:12'),(79,79,79,'Dicta accusantium dolorem ea omnis voluptas omnis. Ullam fugiat quibusdam fugiat est sapiente vel. Aut facilis repudiandae nesciunt quo nisi.',79,9,'1998-04-17 03:22:01'),(80,80,80,'Nesciunt dolor quia ut qui illum aut ea voluptate. Id repellat id fugiat quo odio minus. Voluptatem deserunt deleniti totam iure perspiciatis sunt. Ducimus doloremque illum pariatur voluptatem omnis. Est tempora fugit exercitationem magnam.',80,302,'1974-10-29 08:55:53'),(81,81,81,'Consequatur ut temporibus ipsum. Neque sequi commodi quia. Neque voluptatem quia non. Est et voluptate quasi dignissimos repellendus sunt aut.',81,195713,'2002-10-09 03:27:56'),(82,82,82,'Corporis et est laborum quas. Tempore ad sint vero repellat hic voluptate. Explicabo cupiditate dolor nam labore. Veritatis ea nisi praesentium repellendus aut. Et non aperiam accusamus.',82,1439,'1987-12-09 06:50:20'),(83,83,83,'Illo cumque aut odio nobis. Accusamus at quos et qui. Delectus dicta sint et sapiente. Voluptas aspernatur quia expedita molestiae.',83,74,'1971-07-19 20:09:44'),(84,84,84,'Aut sapiente velit velit atque. Quam voluptates nobis aut cupiditate. Assumenda possimus nesciunt exercitationem tenetur magni dignissimos autem voluptates.',84,7021,'1993-11-08 00:00:37'),(85,85,85,'Laudantium numquam quae odit voluptatibus doloribus id labore. Ducimus consequatur voluptatibus officiis nulla similique et.',85,4267,'2008-08-19 20:42:20'),(86,86,86,'Architecto doloribus officiis corporis necessitatibus quod ratione. Quae voluptatem quas sit sunt molestiae. Molestiae officia ipsam dolores eum eos. Quas sit eaque consequatur esse maxime. Voluptas ab mollitia voluptatem sunt omnis quo illum.',86,13355,'1998-10-23 14:04:55'),(87,87,87,'Et ipsum accusamus itaque itaque. Ea vitae dolore ratione at facilis officia repudiandae. Et accusamus repellat alias. Reiciendis magni quasi quo sunt nihil ut explicabo voluptatibus.',87,58060,'2004-03-04 21:34:42'),(88,88,88,'Optio iure praesentium odit neque perferendis. Voluptas magni porro rerum debitis modi tenetur laboriosam. Omnis ad sapiente omnis aspernatur aut. Tempore voluptatem ratione totam voluptas enim. Sit minima aut molestias dolores sit facilis.',88,83024,'1974-06-21 15:45:54'),(89,89,89,'Quos expedita est nihil quas. Consectetur tempora animi deserunt dolorem. Aperiam culpa est qui aliquid similique fugit eligendi. Rem est omnis magnam molestiae fugiat quis aperiam.',89,7,'1995-11-20 01:29:18'),(90,90,90,'Aut iste ipsum consectetur est. In beatae nisi minima error optio placeat fuga sunt. Quae voluptatem et soluta architecto maxime temporibus ea. Et ab omnis voluptatem doloremque accusamus.',90,0,'2001-07-17 13:25:22'),(91,91,91,'Voluptatum ullam exercitationem sapiente animi. Vitae ea et similique est libero autem. Veniam consequatur qui dolores explicabo dolor et. Ab ut non quis sed quisquam dolorum possimus.',91,5511358,'2003-10-12 00:44:06'),(92,92,92,'Nihil voluptatum et similique fugit dolor dolor. Alias qui corporis veritatis excepturi modi in. Incidunt repellat mollitia omnis aut. Eligendi facere et explicabo et quibusdam.',92,8532289,'2001-09-21 13:31:37'),(93,93,93,'Dignissimos quidem ad maxime error fugit. Iure et ab reprehenderit quas porro molestias natus. Eligendi quis ut est aut pariatur saepe vel.',93,0,'1977-05-21 01:20:17'),(94,94,94,'Sed rem excepturi sunt. Hic ullam ut cum cum. Voluptatem soluta repellendus rem dolor sunt.',94,1708,'1973-02-07 23:21:29'),(95,95,95,'Dignissimos ipsum molestiae eos consequatur harum omnis id. Provident iusto harum architecto vel ut quia. Unde maxime tempore in rerum nemo id.',95,998,'1982-09-20 19:25:30'),(96,96,96,'Molestiae qui aspernatur velit dolorum sint. Occaecati eligendi tempore ad non assumenda.',96,12512,'1974-07-12 09:01:52'),(97,97,97,'Sed veritatis qui similique minus dolorem. Quia maiores provident et qui dolores. Eos odio sit voluptatem libero corporis. Quia excepturi quia autem quidem sed.',97,63779641,'2012-03-25 02:03:39'),(98,98,98,'Dignissimos et dicta neque fugiat facilis est sit. Neque impedit est sit nam sit odio temporibus. Qui excepturi id nulla dolores rem.',98,2799,'1996-09-23 14:21:55'),(99,99,99,'Eum ipsam ut libero porro. Et debitis debitis quis expedita ut atque itaque saepe. Odit facilis porro cumque consectetur repellendus. Quia non ea nesciunt dolor.',99,25127,'2001-01-27 11:46:07'),(100,100,100,'Ex debitis molestiae officia adipisci qui commodi. Ipsa dicta quo eum reprehenderit ab est. Officia magnam cumque molestias officiis ut.',100,3342,'1973-11-30 06:48:56');
/*!40000 ALTER TABLE `posts` ENABLE KEYS */;
UNLOCK TABLES;

--
-- Table structure for table `profiles`
--

DROP TABLE IF EXISTS `profiles`;
/*!40101 SET @saved_cs_client     = @@character_set_client */;
/*!50503 SET character_set_client = utf8mb4 */;
CREATE TABLE `profiles` (
  `user_id` int(10) unsigned NOT NULL,
  `sex` char(1) CHARACTER SET utf8 COLLATE utf8_unicode_ci NOT NULL,
  `birthday` date DEFAULT NULL,
  `birthday_year` int(11) DEFAULT NULL,
  `birthday_moth` int(11) DEFAULT NULL,
  `birthday_day` int(11) DEFAULT NULL,
  `hometown` varchar(100) CHARACTER SET utf8 COLLATE utf8_unicode_ci DEFAULT NULL,
  `photo_id` int(10) unsigned NOT NULL,
  PRIMARY KEY (`user_id`)
) ENGINE=InnoDB DEFAULT CHARSET=utf8 COLLATE=utf8_unicode_ci;
/*!40101 SET character_set_client = @saved_cs_client */;

--
-- Dumping data for table `profiles`
--

LOCK TABLES `profiles` WRITE;
/*!40000 ALTER TABLE `profiles` DISABLE KEYS */;
INSERT INTO `profiles` VALUES (1,'','1988-06-12',1977,NULL,NULL,NULL,0),(2,'','1983-10-01',2018,NULL,NULL,NULL,0),(3,'','1999-09-19',2008,NULL,NULL,NULL,0),(4,'','2006-12-28',2011,NULL,NULL,NULL,0),(5,'','1996-11-14',1971,NULL,NULL,NULL,0),(6,'','2009-01-31',1993,NULL,NULL,NULL,0),(7,'','1988-02-29',1972,NULL,NULL,NULL,0),(8,'','1978-03-15',1970,NULL,NULL,NULL,0),(9,'','1974-02-22',2006,NULL,NULL,NULL,0),(10,'','2009-11-01',1979,NULL,NULL,NULL,0),(11,'','1988-01-09',1995,NULL,NULL,NULL,0),(12,'','1985-10-14',1992,NULL,NULL,NULL,0),(13,'','1983-02-08',1989,NULL,NULL,NULL,0),(14,'','1976-12-23',1976,NULL,NULL,NULL,0),(15,'','2000-11-24',1971,NULL,NULL,NULL,0),(16,'','2005-09-17',1983,NULL,NULL,NULL,0),(17,'','1986-11-07',1980,NULL,NULL,NULL,0),(18,'','2016-08-27',2018,NULL,NULL,NULL,0),(19,'','2009-04-04',1992,NULL,NULL,NULL,0),(20,'','2003-12-05',2018,NULL,NULL,NULL,0),(21,'','2010-06-10',2009,NULL,NULL,NULL,0),(22,'','1973-04-29',1989,NULL,NULL,NULL,0),(23,'','2011-08-31',2011,NULL,NULL,NULL,0),(24,'','1976-12-21',2015,NULL,NULL,NULL,0),(25,'','1981-03-11',2011,NULL,NULL,NULL,0),(26,'','1981-06-28',1978,NULL,NULL,NULL,0),(27,'','2016-05-31',2003,NULL,NULL,NULL,0),(28,'','1994-09-20',2007,NULL,NULL,NULL,0),(29,'','1987-07-18',2013,NULL,NULL,NULL,0),(30,'','1997-12-25',1988,NULL,NULL,NULL,0),(31,'','1971-07-10',2009,NULL,NULL,NULL,0),(32,'','1994-10-01',1997,NULL,NULL,NULL,0),(33,'','2000-11-21',2006,NULL,NULL,NULL,0),(34,'','1986-06-04',2006,NULL,NULL,NULL,0),(35,'','1972-06-12',2004,NULL,NULL,NULL,0),(36,'','1990-09-02',2006,NULL,NULL,NULL,0),(37,'','2002-12-14',2007,NULL,NULL,NULL,0),(38,'','2018-01-31',1993,NULL,NULL,NULL,0),(39,'','2006-11-04',1982,NULL,NULL,NULL,0),(40,'','2006-08-06',1996,NULL,NULL,NULL,0),(41,'','2002-02-23',2001,NULL,NULL,NULL,0),(42,'','2001-11-15',2012,NULL,NULL,NULL,0),(43,'','1975-12-27',1970,NULL,NULL,NULL,0),(44,'','2018-03-23',1982,NULL,NULL,NULL,0),(45,'','1978-04-15',2006,NULL,NULL,NULL,0),(46,'','1978-11-04',1971,NULL,NULL,NULL,0),(47,'','2016-02-09',1970,NULL,NULL,NULL,0),(48,'','1970-11-29',1989,NULL,NULL,NULL,0),(49,'','1976-12-11',1986,NULL,NULL,NULL,0),(50,'','2008-10-19',1974,NULL,NULL,NULL,0),(51,'','2009-03-16',1978,NULL,NULL,NULL,0),(52,'','1971-11-19',1976,NULL,NULL,NULL,0),(53,'','2015-06-15',1994,NULL,NULL,NULL,0),(54,'','2017-02-11',1986,NULL,NULL,NULL,0),(55,'','1970-01-08',2010,NULL,NULL,NULL,0),(56,'','1977-12-13',1970,NULL,NULL,NULL,0),(57,'','1994-05-21',1983,NULL,NULL,NULL,0),(58,'','1973-12-22',2003,NULL,NULL,NULL,0),(59,'','2006-07-09',2010,NULL,NULL,NULL,0),(60,'','2012-07-19',2002,NULL,NULL,NULL,0),(61,'','1980-01-04',1971,NULL,NULL,NULL,0),(62,'','1987-08-23',2004,NULL,NULL,NULL,0),(63,'','2007-07-18',1989,NULL,NULL,NULL,0),(64,'','1995-11-14',1999,NULL,NULL,NULL,0),(65,'','1981-01-22',2017,NULL,NULL,NULL,0),(66,'','1974-11-04',1999,NULL,NULL,NULL,0),(67,'','1984-07-16',2002,NULL,NULL,NULL,0),(68,'','2010-03-09',2014,NULL,NULL,NULL,0),(69,'','2009-09-11',1994,NULL,NULL,NULL,0),(70,'','1975-07-20',2006,NULL,NULL,NULL,0),(71,'','2008-11-26',2010,NULL,NULL,NULL,0),(72,'','1991-01-06',2013,NULL,NULL,NULL,0),(73,'','1977-07-25',1987,NULL,NULL,NULL,0),(74,'','2013-11-05',2000,NULL,NULL,NULL,0),(75,'','1976-01-25',1975,NULL,NULL,NULL,0),(76,'','2012-02-13',1994,NULL,NULL,NULL,0),(77,'','1975-07-06',1990,NULL,NULL,NULL,0),(78,'','1972-09-02',2016,NULL,NULL,NULL,0),(79,'','1991-11-17',1972,NULL,NULL,NULL,0),(80,'','1991-02-06',1988,NULL,NULL,NULL,0),(81,'','1992-02-17',1989,NULL,NULL,NULL,0),(82,'','1988-10-06',1972,NULL,NULL,NULL,0),(83,'','2001-12-12',1975,NULL,NULL,NULL,0),(84,'','2018-07-10',2017,NULL,NULL,NULL,0),(85,'','1992-10-05',2006,NULL,NULL,NULL,0),(86,'','1995-05-26',2013,NULL,NULL,NULL,0),(87,'','2013-01-30',2014,NULL,NULL,NULL,0),(88,'','1998-04-05',1994,NULL,NULL,NULL,0),(89,'','1989-09-02',2000,NULL,NULL,NULL,0),(90,'','1984-05-17',1992,NULL,NULL,NULL,0),(91,'','2015-05-08',2008,NULL,NULL,NULL,0),(92,'','1980-09-27',1989,NULL,NULL,NULL,0),(93,'','1992-03-28',2000,NULL,NULL,NULL,0),(94,'','2006-08-07',1986,NULL,NULL,NULL,0),(95,'','1976-01-06',1984,NULL,NULL,NULL,0),(96,'','1999-11-05',1976,NULL,NULL,NULL,0),(97,'','2006-01-06',1980,NULL,NULL,NULL,0),(98,'','2002-03-05',2011,NULL,NULL,NULL,0),(99,'','2008-02-04',1996,NULL,NULL,NULL,0),(100,'','2000-06-20',2014,NULL,NULL,NULL,0);
/*!40000 ALTER TABLE `profiles` ENABLE KEYS */;
UNLOCK TABLES;

--
-- Table structure for table `ranking`
--

DROP TABLE IF EXISTS `ranking`;
/*!40101 SET @saved_cs_client     = @@character_set_client */;
/*!50503 SET character_set_client = utf8mb4 */;
CREATE TABLE `ranking` (
  `content_id` int(11) NOT NULL,
  `user_id` int(11) NOT NULL,
  `content_table` varchar(50) CHARACTER SET utf8 COLLATE utf8_unicode_ci NOT NULL,
  `is_positive` tinyint(1) NOT NULL,
  `created_at` datetime DEFAULT CURRENT_TIMESTAMP,
  PRIMARY KEY (`content_id`,`user_id`,`content_table`)
) ENGINE=InnoDB DEFAULT CHARSET=utf8 COLLATE=utf8_unicode_ci;
/*!40101 SET character_set_client = @saved_cs_client */;

--
-- Dumping data for table `ranking`
--

LOCK TABLES `ranking` WRITE;
/*!40000 ALTER TABLE `ranking` DISABLE KEYS */;
INSERT INTO `ranking` VALUES (0,1,'',1,'1997-01-23 06:55:34'),(0,2,'',1,'1981-07-03 20:48:49'),(0,3,'',0,'2018-06-23 08:42:22'),(0,4,'',0,'1988-08-26 04:34:31'),(0,5,'',0,'1990-05-11 11:05:54'),(0,6,'',0,'2005-12-27 10:24:30'),(0,7,'',1,'2000-08-05 22:25:42'),(0,8,'',1,'1982-07-30 06:20:40'),(0,9,'',1,'1987-06-05 12:13:25'),(0,10,'',1,'2004-08-16 10:53:44'),(0,11,'',0,'1987-11-27 11:37:51'),(0,12,'',1,'2010-11-01 03:00:01'),(0,13,'',1,'1973-06-28 06:21:48'),(0,14,'',1,'1998-06-02 11:32:35'),(0,15,'',0,'1986-09-22 07:31:40'),(0,16,'',1,'1990-08-31 13:08:14'),(0,17,'',0,'2018-10-16 21:26:41'),(0,18,'',1,'2000-04-02 18:51:33'),(0,19,'',0,'1971-12-30 22:40:57'),(0,20,'',1,'2012-11-21 17:46:06'),(0,21,'',0,'1983-09-19 18:01:02'),(0,22,'',0,'1975-08-23 21:25:07'),(0,23,'',1,'2003-04-28 23:50:51'),(0,24,'',0,'1995-10-15 07:20:59'),(0,25,'',0,'2012-10-23 22:19:51'),(0,26,'',1,'1999-07-31 17:18:26'),(0,27,'',1,'1975-03-10 18:11:50'),(0,28,'',1,'2018-05-31 22:57:56'),(0,29,'',1,'1972-01-24 23:07:21'),(0,30,'',1,'1972-04-03 11:20:54'),(0,31,'',1,'1982-01-06 04:49:33'),(0,32,'',0,'2008-10-24 06:51:03'),(0,33,'',0,'1972-07-21 14:01:44'),(0,34,'',1,'2014-06-10 14:32:29'),(0,35,'',0,'1979-06-17 12:46:41'),(0,36,'',0,'1996-09-17 04:01:27'),(0,37,'',1,'1979-05-01 19:45:50'),(0,38,'',1,'1981-05-23 02:24:17'),(0,39,'',0,'2012-01-04 05:57:27'),(0,40,'',0,'1991-06-05 02:47:02'),(0,41,'',0,'2003-03-26 23:08:14'),(0,42,'',1,'2003-11-19 08:04:50'),(0,43,'',1,'2018-03-13 16:04:23'),(0,44,'',0,'2000-10-19 11:21:27'),(0,45,'',0,'2010-01-16 04:43:51'),(0,46,'',1,'1999-02-05 00:11:43'),(0,47,'',1,'2004-01-22 18:26:02'),(0,48,'',1,'1978-02-20 23:01:07'),(0,49,'',0,'1976-10-24 11:14:40'),(0,50,'',0,'1987-10-20 07:24:59'),(0,51,'',1,'1978-01-14 03:17:32'),(0,52,'',1,'2005-01-30 01:16:37'),(0,53,'',0,'1976-04-06 04:35:44'),(0,54,'',0,'2002-08-17 08:13:17'),(0,55,'',0,'2002-08-28 06:43:39'),(0,56,'',0,'1988-04-14 01:11:45'),(0,57,'',0,'2014-03-28 09:06:08'),(0,58,'',1,'2002-03-12 23:19:32'),(0,59,'',1,'1991-01-21 17:16:01'),(0,60,'',0,'2014-12-03 03:02:50'),(0,61,'',0,'2011-10-17 14:50:05'),(0,62,'',0,'1983-01-15 03:02:05'),(0,63,'',0,'2008-01-23 05:49:05'),(0,64,'',1,'1980-07-05 06:08:21'),(0,65,'',0,'1977-07-15 14:10:46'),(0,66,'',1,'1982-01-05 11:36:43'),(0,67,'',0,'1999-04-27 11:41:31'),(0,68,'',0,'1999-06-22 12:58:56'),(0,69,'',1,'1989-02-02 06:26:53'),(0,70,'',1,'1973-01-23 09:43:14'),(0,71,'',1,'2007-05-28 11:37:57'),(0,72,'',0,'1971-05-26 21:54:25'),(0,73,'',0,'1978-09-10 12:30:54'),(0,74,'',0,'1977-01-21 11:35:20'),(0,75,'',0,'1977-08-13 16:05:07'),(0,76,'',0,'2006-04-16 21:15:33'),(0,77,'',0,'2003-07-04 18:06:45'),(0,78,'',0,'1988-06-19 17:41:58'),(0,79,'',1,'2002-11-03 06:22:02'),(0,80,'',0,'2011-01-14 23:50:39'),(0,81,'',0,'1971-06-17 19:35:42'),(0,82,'',0,'2018-03-03 22:40:57'),(0,83,'',1,'2013-05-01 15:28:58'),(0,84,'',1,'1992-03-12 18:14:49'),(0,85,'',1,'2011-09-10 00:01:28'),(0,86,'',1,'2011-11-06 11:44:29'),(0,87,'',0,'1972-02-28 23:06:36'),(0,88,'',1,'2006-09-05 20:12:07'),(0,89,'',1,'1985-05-10 11:31:21'),(0,90,'',1,'1990-01-09 04:59:22'),(0,91,'',1,'1991-06-27 20:31:27'),(0,92,'',0,'1997-07-13 20:01:25'),(0,93,'',1,'1996-12-24 02:00:04'),(0,94,'',1,'2013-02-22 16:06:06'),(0,95,'',0,'1996-08-19 23:15:04'),(0,96,'',1,'1979-01-24 14:14:34'),(0,97,'',0,'1999-04-02 10:04:22'),(0,98,'',0,'2015-09-23 13:45:28'),(0,99,'',1,'1983-12-16 12:40:51'),(0,100,'',0,'2002-09-08 16:27:00');
/*!40000 ALTER TABLE `ranking` ENABLE KEYS */;
UNLOCK TABLES;

--
-- Table structure for table `users`
--

DROP TABLE IF EXISTS `users`;
/*!40101 SET @saved_cs_client     = @@character_set_client */;
/*!50503 SET character_set_client = utf8mb4 */;
CREATE TABLE `users` (
  `id` int(10) unsigned NOT NULL AUTO_INCREMENT,
  `firstname` varchar(100) CHARACTER SET utf8 COLLATE utf8_unicode_ci NOT NULL,
  `lastname` varchar(100) CHARACTER SET utf8 COLLATE utf8_unicode_ci NOT NULL,
  `email` varchar(120) CHARACTER SET utf8 COLLATE utf8_unicode_ci NOT NULL,
  `phone` varchar(120) CHARACTER SET utf8 COLLATE utf8_unicode_ci NOT NULL,
  `created_at` datetime DEFAULT CURRENT_TIMESTAMP,
  `updated_at` datetime DEFAULT CURRENT_TIMESTAMP ON UPDATE CURRENT_TIMESTAMP,
  PRIMARY KEY (`id`),
  UNIQUE KEY `email` (`email`),
  UNIQUE KEY `phone` (`phone`)
) ENGINE=InnoDB AUTO_INCREMENT=101 DEFAULT CHARSET=utf8 COLLATE=utf8_unicode_ci;
/*!40101 SET character_set_client = @saved_cs_client */;

--
-- Dumping data for table `users`
--

LOCK TABLES `users` WRITE;
/*!40000 ALTER TABLE `users` DISABLE KEYS */;
INSERT INTO `users` VALUES (1,'Tevin','Mills','connelly.richie@example.com','(371)706-6924','1976-09-04 12:45:20','2013-08-14 21:41:10'),(2,'Sadie','Mueller','bednar.edison@example.org','863-332-4448x077','2010-08-04 23:18:22','1996-08-06 15:24:29'),(3,'Abbie','Donnelly','bode.abelardo@example.com','1-578-663-4064x2634','1993-05-19 14:05:06','1986-08-03 18:02:34'),(4,'Hardy','Davis','haven.bednar@example.org','1-379-740-3408x6895','2010-05-17 13:52:14','2001-12-24 23:32:02'),(5,'Lon','Kertzmann','bernard.hane@example.net','691-079-8993x507','1992-06-25 19:07:05','1986-05-14 01:37:25'),(6,'Lyric','Smith','ymedhurst@example.org','(577)533-0597x866','1997-05-27 00:04:03','1977-06-09 18:21:56'),(7,'Isaac','Senger','ruthe31@example.com','988-201-9787x43463','1993-07-01 11:56:58','2013-05-10 03:08:26'),(8,'Julianne','Wolff','lhartmann@example.com','845-602-2913x86437','1976-11-25 00:35:51','2006-07-10 02:34:16'),(9,'Jerry','Smitham','kheidenreich@example.com','111-836-4622x1450','2018-01-05 13:33:45','2002-04-03 10:29:26'),(10,'Carmen','Schroeder','juanita47@example.org','885-483-2195','1993-08-03 22:59:05','1979-12-15 22:53:56'),(11,'Toney','Pollich','loyal.cole@example.net','1-133-224-2621','2010-09-03 04:42:19','1982-01-08 03:44:40'),(12,'Ashly','Schimmel','berta78@example.com','818.768.7604','2011-01-01 11:05:51','2004-09-08 01:46:58'),(13,'Darion','VonRueden','maybelle.windler@example.net','954-270-1679x61435','1984-01-22 13:30:30','1993-08-10 20:00:50'),(14,'Anibal','Cremin','derick41@example.net','04749780086','1981-12-06 18:49:02','1970-02-06 19:06:02'),(15,'Alfreda','Kuhlman','jordon75@example.net','+27(2)7116666855','1997-03-11 13:39:56','1992-01-02 04:08:28'),(16,'Ferne','Mayert','beatty.molly@example.org','(498)695-4782x4636','1978-08-04 22:34:18','1976-08-19 22:47:49'),(17,'Yoshiko','Mann','ahmad.bins@example.org','992.349.5717x1998','1982-07-02 00:00:51','1971-03-25 16:56:21'),(18,'Bridie','Haley','isabel.von@example.org','710.150.2417x28134','1980-11-24 04:30:54','1995-11-06 04:46:36'),(19,'Velda','Feest','schamberger.oral@example.org','595.771.4368','1971-12-08 13:03:01','2004-07-10 06:01:56'),(20,'Elmore','McLaughlin','nhuels@example.org','+52(1)6274676918','2004-06-30 07:42:44','2018-06-22 16:58:15'),(21,'Birdie','Marvin','aratke@example.net','981.545.2179x3870','1983-07-20 16:28:43','1986-07-04 03:04:39'),(22,'Yvonne','Kuvalis','quitzon.maxine@example.com','197-368-0646x2423','2004-11-12 21:46:38','1971-07-21 20:55:25'),(23,'Sibyl','Harber','eleazar29@example.net','748-408-6908x15558','2018-03-11 14:02:01','1976-05-25 19:03:44'),(24,'Reinhold','Rosenbaum','brendan71@example.org','466.241.6701x2304','1970-06-04 11:43:27','2001-07-28 06:50:54'),(25,'Kitty','Beahan','olson.tiana@example.net','01348481993','2010-04-26 15:49:42','2016-06-07 23:08:38'),(26,'Tyreek','Ullrich','kunde.may@example.net','05495609628','1971-06-25 18:09:49','2005-03-04 11:16:54'),(27,'Nathen','Beahan','vschumm@example.com','00850869976','1989-02-21 10:15:53','2008-07-17 20:54:29'),(28,'Athena','Schmitt','elza.gorczany@example.org','551-459-9382x68367','1983-12-15 03:41:24','1993-03-14 18:18:15'),(29,'Casper','McGlynn','jeremy.grant@example.com','484.618.1869x807','2012-05-06 02:09:49','2012-08-17 06:08:32'),(30,'Shana','Schowalter','ofarrell@example.net','(788)760-5896x381','1989-04-14 22:00:10','1998-07-16 11:46:52'),(31,'Clemmie','Ferry','idell.trantow@example.net','1-432-122-6694x64838','1983-12-27 11:41:23','2012-12-20 17:24:14'),(32,'Daniella','Marks','dbernier@example.net','1-900-840-5027x46700','2002-07-27 21:08:51','1996-08-10 04:58:46'),(33,'Naomie','Stokes','estelle79@example.com','1-264-367-2499','1993-02-24 11:30:20','2009-05-19 08:57:41'),(34,'Monserrat','Friesen','bruen.stephan@example.com','482.263.9044','2009-03-31 08:34:55','1989-10-22 00:19:21'),(35,'Marietta','Marvin','drake.keebler@example.org','457-635-4236x0695','2003-09-29 12:09:14','1975-08-18 00:09:24'),(36,'Dewayne','Hickle','earline.bernhard@example.org','220-329-1534x822','1995-01-26 00:48:06','1985-01-14 00:14:56'),(37,'Tyson','Mills','katheryn51@example.net','+62(0)6322487566','1998-01-26 01:54:14','1972-11-29 19:25:27'),(38,'Jailyn','Heaney','yost.edythe@example.net','001.376.5160x837','2004-02-28 17:26:49','2004-04-17 16:59:51'),(39,'Dave','Keeling','pablo.hettinger@example.net','(755)620-7948x9721','1981-09-06 19:53:51','1980-05-23 04:31:49'),(40,'Maribel','Goyette','rerdman@example.net','1-552-835-4764x179','1986-03-10 23:15:42','2010-05-22 09:06:30'),(41,'Hyman','Wehner','tracy09@example.net','118-675-3367x382','1973-07-29 21:26:45','1974-11-09 05:34:11'),(42,'Angelo','Borer','jacobs.shayna@example.org','1-565-023-5719','1978-09-08 16:06:10','2018-12-03 20:42:39'),(43,'Mariam','Klocko','anderson.aiden@example.net','1-855-351-5334','1986-12-06 14:52:11','1978-05-28 12:41:55'),(44,'Jazmin','O\'Reilly','wiza.elisa@example.org','+62(1)2970734691','1980-05-12 09:44:39','2016-01-25 23:22:53'),(45,'Roberta','Cruickshank','xmayer@example.com','+84(1)7024796957','1980-10-28 22:42:32','1993-07-10 17:32:59'),(46,'Bert','Emmerich','hoyt11@example.com','434.529.9514','2015-09-12 09:01:51','1984-11-19 20:37:40'),(47,'Cruz','Bergnaum','hermiston.maxine@example.com','337.779.8423x8019','2002-05-07 07:01:27','2011-07-08 19:43:54'),(48,'Efrain','Nicolas','jovany.dibbert@example.org','(938)078-3023x20605','1985-11-15 21:55:25','2004-09-22 05:28:39'),(49,'Cooper','Kerluke','qfritsch@example.org','(965)124-6407','2002-01-24 15:43:32','1999-04-19 01:21:56'),(50,'Hollis','Jast','gheaney@example.com','1-755-033-6556x36061','1974-08-24 23:58:10','1982-08-10 23:05:41'),(51,'Ethelyn','Kshlerin','stoltenberg.noe@example.org','1-903-359-5959x7153','1991-07-14 23:08:54','1973-09-26 15:16:41'),(52,'Alana','Moore','cummings.olen@example.net','638-964-5367x211','2003-03-08 19:15:47','1971-01-21 07:07:56'),(53,'Rhea','Kovacek','daphne39@example.net','+05(7)0720245251','1985-05-10 02:12:38','2010-05-28 22:34:14'),(54,'Katrine','Blanda','damian71@example.org','(126)841-1521','2012-07-31 04:28:10','2009-08-10 17:53:47'),(55,'Ross','Halvorson','caleb.kiehn@example.com','646.762.1926','2010-03-15 14:54:18','2017-11-15 17:25:06'),(56,'Ludwig','Roob','boyer.viviane@example.com','1-585-381-4383x9507','2016-04-30 17:09:08','1982-10-13 18:44:10'),(57,'Trent','Senger','yschaefer@example.net','247-336-8897','1999-12-10 11:40:12','2016-04-24 22:02:55'),(58,'Marshall','Maggio','javonte.bayer@example.org','299-899-2231x8922','1996-01-28 09:06:04','1992-12-19 00:26:57'),(59,'Kellie','Crooks','stoltenberg.sallie@example.com','319-642-6520x11244','2005-11-29 06:13:31','2008-05-29 01:20:46'),(60,'Chelsea','McCullough','cruickshank.clint@example.net','1-204-159-5632x1402','2002-09-25 10:25:21','1982-05-15 20:33:59'),(61,'Viva','Torphy','douglas76@example.org','1-717-715-1572x5997','1996-06-20 13:47:12','2002-07-17 15:53:40'),(62,'Americo','DuBuque','bpagac@example.net','044.931.8526x3095','1985-12-15 06:08:48','2002-10-24 02:39:36'),(63,'Jeanette','Schimmel','tmarvin@example.org','(734)545-0532x9001','1982-10-26 16:03:18','1996-01-28 11:08:47'),(64,'Bria','Wehner','mlemke@example.com','+44(8)0217799031','1973-10-10 13:58:29','1992-01-09 14:54:49'),(65,'Breanne','Emmerich','glover.kyla@example.com','08315857737','2019-04-27 23:16:42','2011-12-09 13:38:12'),(66,'Dexter','Larson','nora18@example.com','+43(6)5389598161','1970-10-20 15:24:24','2003-02-05 19:56:12'),(67,'Halie','Doyle','sarah.schmitt@example.org','(906)395-7082','1982-06-29 11:15:03','2000-09-27 09:44:03'),(68,'Marion','Hilpert','haley69@example.com','05979921480','2001-11-02 03:45:33','2001-10-25 07:24:36'),(69,'Merlin','Quitzon','ngraham@example.org','1-242-459-9181','2016-05-14 19:31:57','1977-08-08 02:59:59'),(70,'Newell','Stark','kassulke.isac@example.org','1-858-125-8057x7409','1991-09-01 00:29:02','2017-05-20 22:48:46'),(71,'Cassie','Cruickshank','murray.lenora@example.org','444.431.3747x7320','2015-09-28 19:06:58','1983-05-02 19:03:15'),(72,'Armani','Gibson','guadalupe63@example.net','06433570362','2002-07-10 05:00:21','1972-04-21 17:07:11'),(73,'Catharine','Tromp','nienow.elsa@example.com','281.135.9589x556','2008-01-02 18:52:38','2007-11-13 07:06:46'),(74,'Hermann','Stehr','xklein@example.net','180.360.0486x55157','1990-11-29 12:25:55','1985-02-06 04:31:43'),(75,'Carlotta','Jakubowski','kennith99@example.org','242.727.1406','1985-03-11 16:36:18','1985-11-22 14:37:14'),(76,'Jewell','Lehner','arvid.beahan@example.com','1-630-175-0752x58282','2000-04-04 12:07:29','2016-06-01 16:33:07'),(77,'Trace','Lehner','lillie04@example.org','(953)181-4949x375','1978-08-18 10:27:24','2012-06-03 08:53:43'),(78,'Chaya','Halvorson','ismael.gorczany@example.com','+38(7)9838055695','1977-08-15 13:29:50','1973-01-28 02:47:20'),(79,'Vallie','Sawayn','hettie92@example.net','05216486585','2001-08-23 23:40:25','1987-07-19 02:19:50'),(80,'Oscar','Leuschke','victor.brown@example.net','+63(0)9286262770','1995-02-16 10:12:21','1990-06-24 10:37:44'),(81,'Chet','Ratke','stephon21@example.com','1-358-433-2447','2015-01-16 10:50:13','2019-07-30 21:09:24'),(82,'Merle','Cruickshank','tito36@example.org','+90(8)4827468525','2002-01-09 08:33:51','1981-12-22 20:20:18'),(83,'Aida','Baumbach','conor13@example.net','764.154.6751','2016-10-13 08:43:33','2001-03-10 19:12:45'),(84,'Carmelo','Swaniawski','lloyd61@example.org','502-453-9364x8800','2001-11-19 20:10:38','1989-07-29 16:01:50'),(85,'Tanya','Yundt','saul.schoen@example.net','1-980-739-6248x392','2002-01-15 10:51:01','1991-01-13 02:02:57'),(86,'Dan','Hand','fatima25@example.net','1-292-350-9856','1985-02-25 00:13:22','2000-11-08 13:03:05'),(87,'Roderick','Gerhold','deanna73@example.org','(933)464-0137x7226','1998-04-18 18:28:24','1993-07-11 18:36:40'),(88,'Nia','Schmitt','judd09@example.net','1-585-938-9608x180','1988-09-04 23:03:36','1988-10-11 13:47:59'),(89,'Providenci','Gleason','btremblay@example.org','+43(7)7173025523','1979-06-22 18:07:51','2015-09-30 23:47:03'),(90,'Bonnie','Schulist','lonny.daugherty@example.com','+44(2)6849631686','2004-10-06 23:08:58','2017-05-29 09:49:57'),(91,'Dallas','Lowe','oberbrunner.carli@example.org','667-443-9007x4216','1991-10-15 22:29:46','1989-07-19 18:55:32'),(92,'Giles','Kunze','sienna.murazik@example.com','199.555.3264x47103','2015-07-12 14:31:32','2009-09-29 00:26:05'),(93,'Berniece','Ziemann','general72@example.net','1-165-566-1777','1975-06-07 12:28:23','2007-09-03 23:19:01'),(94,'Eveline','Schoen','phyllis68@example.net','212.362.4314x001','2019-07-28 20:44:39','2019-01-14 16:57:25'),(95,'Dina','Schoen','xtillman@example.net','975-594-7338','2004-01-23 15:38:03','1991-05-10 14:12:01'),(96,'Ismael','Larkin','gusikowski.liana@example.com','113-023-9005x3021','1975-09-04 01:41:55','2006-04-19 16:01:46'),(97,'Tony','Abshire','danyka19@example.org','+39(8)2764321913','1980-07-02 18:52:48','1977-03-20 00:07:54'),(98,'Meredith','Murazik','dana67@example.org','226.290.7975','1978-10-27 08:53:38','1979-08-31 22:48:56'),(99,'America','McGlynn','aniya.vandervort@example.com','611.064.0979x7655','2008-03-29 04:16:29','2003-04-05 15:46:36'),(100,'Enrique','Farrell','qhoppe@example.org','885.670.7028x3507','2016-02-18 09:48:48','1983-05-20 21:46:46');
/*!40000 ALTER TABLE `users` ENABLE KEYS */;
UNLOCK TABLES;
/*!40103 SET TIME_ZONE=@OLD_TIME_ZONE */;

/*!40101 SET SQL_MODE=@OLD_SQL_MODE */;
/*!40014 SET FOREIGN_KEY_CHECKS=@OLD_FOREIGN_KEY_CHECKS */;
/*!40014 SET UNIQUE_CHECKS=@OLD_UNIQUE_CHECKS */;
/*!40101 SET CHARACTER_SET_CLIENT=@OLD_CHARACTER_SET_CLIENT */;
/*!40101 SET CHARACTER_SET_RESULTS=@OLD_CHARACTER_SET_RESULTS */;
/*!40101 SET COLLATION_CONNECTION=@OLD_COLLATION_CONNECTION */;
/*!40111 SET SQL_NOTES=@OLD_SQL_NOTES */;

-- Dump completed on 2019-08-21 10:52:09
