-- MySQL dump 10.13  Distrib 8.0.17, for macos10.14 (x86_64)
--
-- Host: localhost    Database: booking
-- ------------------------------------------------------
-- Server version	8.0.17

/*!40101 SET @OLD_CHARACTER_SET_CLIENT=@@CHARACTER_SET_CLIENT */;
/*!40101 SET @OLD_CHARACTER_SET_RESULTS=@@CHARACTER_SET_RESULTS */;
/*!40101 SET @OLD_COLLATION_CONNECTION=@@COLLATION_CONNECTION */;
/*!50503 SET NAMES utf8mb4 */;
/*!40103 SET @OLD_TIME_ZONE=@@TIME_ZONE */;
/*!40103 SET TIME_ZONE='+00:00' */;
/*!40014 SET @OLD_UNIQUE_CHECKS=@@UNIQUE_CHECKS, UNIQUE_CHECKS=0 */;
/*!40014 SET @OLD_FOREIGN_KEY_CHECKS=@@FOREIGN_KEY_CHECKS, FOREIGN_KEY_CHECKS=0 */;
/*!40101 SET @OLD_SQL_MODE=@@SQL_MODE, SQL_MODE='NO_AUTO_VALUE_ON_ZERO' */;
/*!40111 SET @OLD_SQL_NOTES=@@SQL_NOTES, SQL_NOTES=0 */;

--
-- Table structure for table `bookings`
--

DROP TABLE IF EXISTS `bookings`;
/*!40101 SET @saved_cs_client     = @@character_set_client */;
/*!50503 SET character_set_client = utf8mb4 */;
CREATE TABLE `bookings` (
  `id` int(10) NOT NULL AUTO_INCREMENT,
  `hotel_id` int(11) NOT NULL,
  `room_id` int(10) NOT NULL,
  `client_id` int(10) NOT NULL,
  `date_from` datetime NOT NULL,
  `date_to` datetime NOT NULL,
  `it_is_paid` tinyint(1) NOT NULL,
  PRIMARY KEY (`id`,`hotel_id`,`room_id`,`client_id`),
  KEY `bookings_IDX1` (`client_id`),
  KEY `bookings_IDX2` (`hotel_id`),
  KEY `bookings_IDX3` (`room_id`,`hotel_id`),
  CONSTRAINT `client_fk` FOREIGN KEY (`client_id`) REFERENCES `clients` (`id`),
  CONSTRAINT `hotel_fk` FOREIGN KEY (`hotel_id`) REFERENCES `hotels` (`id`),
  CONSTRAINT `room_fk` FOREIGN KEY (`room_id`) REFERENCES `rooms` (`id`)
) ENGINE=InnoDB AUTO_INCREMENT=1001 DEFAULT CHARSET=utf8mb4 COLLATE=utf8mb4_0900_ai_ci COMMENT='Заказы';
/*!40101 SET character_set_client = @saved_cs_client */;

--
-- Dumping data for table `bookings`
--

LOCK TABLES `bookings` WRITE;
/*!40000 ALTER TABLE `bookings` DISABLE KEYS */;
INSERT INTO `bookings` VALUES (1,1,1,1,'1977-10-17 12:34:59','1975-09-12 02:34:28',0),(2,2,2,2,'2010-11-27 16:24:24','2014-03-30 00:06:19',0),(3,3,3,3,'2002-03-04 19:26:49','2014-12-11 07:37:37',0),(4,4,4,4,'1983-06-18 14:45:29','1999-05-29 13:51:30',0),(5,5,5,5,'1993-06-07 19:11:11','1995-01-11 16:22:43',0),(6,6,6,6,'2001-01-07 05:20:02','1971-02-12 05:41:25',0),(7,7,7,7,'2009-05-03 13:58:01','1984-05-12 06:27:51',0),(8,8,8,8,'1991-06-22 23:59:48','1973-02-08 21:23:09',0),(9,9,9,9,'2018-12-25 14:44:18','1999-07-03 05:37:57',0),(10,10,10,10,'1998-08-15 17:15:17','1973-04-17 22:49:27',0),(11,11,11,11,'1980-06-12 19:37:03','2004-01-06 13:06:52',0),(12,12,12,12,'1972-01-08 15:14:59','1985-04-01 23:53:59',0),(13,13,13,13,'2013-09-24 09:18:20','1992-03-24 17:09:20',0),(14,14,14,14,'1996-11-05 04:58:19','1972-03-10 23:40:11',0),(15,15,15,15,'1985-08-25 17:10:06','1986-11-02 22:11:44',0),(16,16,16,16,'1980-03-24 09:14:32','1981-08-15 01:45:37',0),(17,17,17,17,'1970-02-09 18:08:01','1990-10-05 11:33:27',0),(18,18,18,18,'2010-06-01 23:23:13','1985-01-20 17:01:59',0),(19,19,19,19,'1990-11-24 19:23:32','1989-10-23 10:09:03',0),(20,20,20,20,'2010-11-12 18:37:31','1992-09-08 09:18:50',0),(21,21,21,21,'1987-10-27 11:57:23','2015-09-13 17:49:50',0),(22,22,22,22,'2006-06-25 23:59:21','1970-09-02 21:46:40',0),(23,23,23,23,'1981-11-30 14:15:59','2018-05-07 23:41:51',0),(24,24,24,24,'1973-12-21 20:08:06','2018-03-02 06:38:51',0),(25,25,25,25,'2009-12-25 04:13:50','1991-07-16 17:03:05',0),(26,26,26,26,'1979-02-24 23:06:48','2005-07-05 05:29:52',0),(27,27,27,27,'2018-01-12 18:43:55','2015-03-12 08:23:22',0),(28,28,28,28,'1993-03-15 01:47:46','2015-01-17 22:44:16',0),(29,29,29,29,'1982-01-15 11:16:30','2011-12-04 15:36:03',0),(30,30,30,30,'2019-01-14 13:39:13','1977-07-12 13:28:23',0),(31,31,31,31,'1979-07-12 00:17:34','1986-12-14 04:41:52',0),(32,32,32,32,'2000-03-12 12:38:01','2018-12-04 02:47:29',0),(33,33,33,33,'2003-03-01 10:33:58','1973-05-31 09:40:50',0),(34,34,34,34,'1989-10-05 12:03:25','2006-11-20 15:20:54',0),(35,35,35,35,'2004-01-12 15:56:10','2018-10-03 05:15:21',0),(36,36,36,36,'1989-05-30 17:45:24','1991-02-14 02:19:26',0),(37,37,37,37,'2000-05-24 13:37:05','1970-03-25 02:04:45',0),(38,38,38,38,'1984-05-18 16:45:45','1987-01-28 12:06:29',0),(39,39,39,39,'1978-07-05 19:38:54','1992-02-03 20:01:48',0),(40,40,40,40,'1999-04-08 00:18:42','1995-12-02 20:07:09',0),(41,41,41,41,'2009-06-02 11:10:21','1978-04-03 09:59:24',0),(42,42,42,42,'1982-02-10 07:04:07','1983-05-31 07:20:05',0),(43,43,43,43,'2002-10-27 01:11:27','1973-04-08 12:31:34',0),(44,44,44,44,'1974-10-31 14:18:38','1972-03-02 01:52:31',0),(45,45,45,45,'2014-06-07 22:21:42','1998-09-29 11:24:51',0),(46,46,46,46,'1998-08-10 04:42:26','1984-07-08 07:03:01',0),(47,47,47,47,'2008-03-10 20:09:41','1981-06-17 15:19:27',0),(48,48,48,48,'2002-09-21 14:15:26','1984-07-31 17:12:52',0),(49,49,49,49,'1988-06-06 18:01:38','1978-11-12 06:23:47',0),(50,50,50,50,'1995-02-27 15:21:33','1972-03-16 15:47:49',0),(51,51,51,51,'1981-09-07 21:01:33','1989-02-13 19:15:39',0),(52,52,52,52,'1978-08-06 23:16:52','2000-09-25 18:43:33',0),(53,53,53,53,'1978-05-11 01:12:09','2002-10-15 14:19:31',0),(54,54,54,54,'1978-03-10 19:41:57','2018-12-17 07:43:48',0),(55,55,55,55,'2015-12-22 15:31:49','2007-06-22 15:33:56',0),(56,56,56,56,'1990-01-26 08:35:52','2006-04-19 17:29:51',0),(57,57,57,57,'1986-10-29 05:43:24','2002-01-23 07:56:48',0),(58,58,58,58,'1999-10-20 03:36:14','1980-06-19 05:58:50',0),(59,59,59,59,'1971-10-04 19:39:52','1970-04-19 10:03:07',0),(60,60,60,60,'1973-04-30 00:39:16','1988-12-28 13:16:09',0),(61,61,61,61,'1975-01-07 17:06:28','2017-09-11 06:19:26',0),(62,62,62,62,'1990-11-14 06:02:15','1982-08-23 03:36:25',0),(63,63,63,63,'2005-03-02 11:38:10','1985-04-29 23:17:22',0),(64,64,64,64,'1994-10-20 02:43:58','2000-06-05 15:40:15',0),(65,65,65,65,'2005-07-15 21:50:12','1977-06-10 19:19:53',0),(66,66,66,66,'1989-09-25 06:16:59','1981-01-24 21:46:00',0),(67,67,67,67,'1977-09-09 08:26:05','1992-10-04 15:36:32',0),(68,68,68,68,'2010-09-19 16:38:24','1994-07-11 22:36:22',0),(69,69,69,69,'2017-06-10 11:47:22','2018-01-14 17:17:15',0),(70,70,70,70,'2000-12-23 12:10:56','2009-02-07 02:40:29',0),(71,71,71,71,'1996-05-10 21:36:56','2016-08-26 18:24:58',0),(72,72,72,72,'2015-01-21 22:23:24','1991-03-06 06:10:56',0),(73,73,73,73,'1974-08-21 02:41:31','1997-04-24 06:55:13',0),(74,74,74,74,'1997-04-03 07:55:33','2003-11-09 18:15:34',0),(75,75,75,75,'1971-11-05 18:28:34','1998-10-08 16:48:21',0),(76,76,76,76,'2009-06-17 08:50:23','2002-01-09 07:49:43',0),(77,77,77,77,'2010-04-09 21:13:58','1988-08-27 01:17:22',0),(78,78,78,78,'2007-07-13 23:38:35','1990-11-16 19:57:40',0),(79,79,79,79,'1993-10-15 21:44:24','2014-02-22 07:33:46',0),(80,80,80,80,'2007-06-25 18:13:23','1980-10-20 01:59:53',0),(81,81,81,81,'2006-08-31 05:49:15','2019-03-22 13:48:12',0),(82,82,82,82,'2006-10-11 13:19:02','2007-01-05 01:09:14',0),(83,83,83,83,'1976-07-25 22:09:02','2015-05-27 01:58:10',0),(84,84,84,84,'1993-06-04 06:09:52','2010-03-25 23:46:25',0),(85,85,85,85,'1978-11-06 16:40:29','2012-11-19 17:54:50',0),(86,86,86,86,'2011-12-21 21:57:11','2015-05-07 12:14:15',0),(87,87,87,87,'2002-03-07 09:19:24','2011-08-09 21:39:06',0),(88,88,88,88,'1979-08-09 10:17:30','2010-10-29 16:05:18',0),(89,89,89,89,'2019-01-25 22:00:27','2003-08-29 20:12:26',0),(90,90,90,90,'2015-10-24 16:02:06','1977-10-03 17:23:01',0),(91,91,91,91,'1981-06-14 13:03:34','1981-02-07 19:07:35',0),(92,92,92,92,'1990-08-14 04:14:04','2016-01-07 03:00:01',0),(93,93,93,93,'2017-09-25 20:06:58','1986-10-12 05:25:02',0),(94,94,94,94,'2014-09-07 10:40:47','1991-01-29 15:04:07',0),(95,95,95,95,'1988-12-02 23:11:57','1999-10-30 22:04:10',0),(96,96,96,96,'1986-09-05 10:52:42','1983-07-07 02:09:58',0),(97,97,97,97,'2005-04-13 01:31:37','1976-12-17 03:18:36',0),(98,98,98,98,'1988-02-29 00:06:49','1994-09-18 17:02:34',0),(99,99,99,99,'2000-10-04 12:20:55','1987-05-03 20:48:25',0),(100,100,100,100,'1984-04-13 13:18:04','1994-01-10 16:03:02',0),(101,1,1,1,'1998-09-15 15:03:59','2016-01-10 00:13:38',0),(102,2,2,2,'2004-05-11 13:17:24','1994-03-11 19:00:51',0),(103,3,3,3,'2001-08-03 03:56:16','1994-04-09 04:10:54',0),(104,4,4,4,'2000-04-12 14:54:16','1971-12-04 13:16:09',0),(105,5,5,5,'1981-09-20 05:36:58','1981-04-03 14:58:57',0),(106,6,6,6,'1977-07-06 17:54:25','2019-05-27 02:12:05',0),(107,7,7,7,'1998-08-25 06:57:39','1972-10-30 08:06:02',0),(108,8,8,8,'2019-03-17 06:13:46','2002-02-07 08:07:34',0),(109,9,9,9,'1984-11-15 11:37:41','2003-03-06 06:17:08',0),(110,10,10,10,'2006-07-09 23:03:10','1973-09-07 18:35:43',0),(111,11,11,11,'1996-12-27 00:52:53','1998-03-17 19:33:57',0),(112,12,12,12,'2006-01-12 22:05:27','1988-10-24 20:06:03',0),(113,13,13,13,'1971-03-12 11:40:31','1994-01-22 22:24:55',0),(114,14,14,14,'1975-08-08 04:02:16','1971-05-20 12:03:17',0),(115,15,15,15,'1991-12-15 16:57:13','1985-08-26 09:53:33',0),(116,16,16,16,'1990-07-17 04:01:35','1986-10-01 13:41:38',0),(117,17,17,17,'1987-12-18 20:25:22','2010-02-28 23:47:57',0),(118,18,18,18,'1992-05-29 05:40:55','1979-07-02 01:27:21',0),(119,19,19,19,'2007-08-15 09:43:16','2016-08-15 10:07:39',0),(120,20,20,20,'2018-02-12 07:00:53','1999-06-18 11:19:45',0),(121,21,21,21,'1977-03-19 17:51:48','1979-05-21 05:19:58',0),(122,22,22,22,'1991-09-11 18:47:36','1993-11-04 08:53:43',0),(123,23,23,23,'2001-04-20 07:08:27','1986-11-19 09:39:28',0),(124,24,24,24,'2008-03-05 11:11:55','1984-11-09 12:39:24',0),(125,25,25,25,'2018-08-03 01:33:14','1988-01-01 17:28:53',0),(126,26,26,26,'2018-08-30 08:51:39','1996-04-19 19:54:10',0),(127,27,27,27,'2010-05-12 00:04:47','1995-04-11 05:18:06',0),(128,28,28,28,'1995-06-27 12:01:11','1974-12-22 05:51:37',0),(129,29,29,29,'1977-08-20 07:38:42','1994-08-19 08:56:58',0),(130,30,30,30,'1996-10-30 04:12:05','1985-10-12 04:48:18',0),(131,31,31,31,'2016-05-14 18:20:00','1987-01-05 12:41:58',0),(132,32,32,32,'1997-09-02 01:29:41','1998-04-29 05:14:08',0),(133,33,33,33,'1997-02-05 20:49:19','1972-03-19 18:56:59',0),(134,34,34,34,'2005-01-30 02:17:00','1980-03-31 07:01:48',0),(135,35,35,35,'2002-08-22 17:53:28','1995-12-28 15:02:49',0),(136,36,36,36,'1999-06-14 13:43:41','1991-08-06 07:11:05',0),(137,37,37,37,'1974-09-11 01:31:19','1997-11-22 00:29:10',0),(138,38,38,38,'1984-06-12 00:34:43','2012-10-12 18:51:34',0),(139,39,39,39,'2011-02-19 09:35:55','1983-12-31 03:36:05',0),(140,40,40,40,'2017-09-03 11:16:54','1983-11-03 14:24:32',0),(141,41,41,41,'2003-12-06 19:07:37','2007-05-13 09:43:19',0),(142,42,42,42,'1970-06-29 17:22:43','2008-03-24 16:10:39',0),(143,43,43,43,'2006-01-01 13:18:51','1989-03-02 23:45:24',0),(144,44,44,44,'1985-12-01 10:44:18','1977-09-17 04:52:12',0),(145,45,45,45,'1970-01-04 05:48:12','1972-08-10 10:10:31',0),(146,46,46,46,'1986-08-30 01:42:34','1978-08-16 17:56:33',0),(147,47,47,47,'1980-12-08 05:17:05','1989-06-13 14:57:25',0),(148,48,48,48,'1990-04-13 05:07:59','2008-06-22 14:00:22',0),(149,49,49,49,'1975-05-18 07:15:53','1970-02-24 05:30:06',0),(150,50,50,50,'2018-10-25 19:03:00','1994-05-26 08:58:06',0),(151,51,51,51,'1974-05-30 15:15:40','1974-01-31 17:13:00',0),(152,52,52,52,'2015-05-28 13:55:35','1983-10-09 13:30:20',0),(153,53,53,53,'1982-02-08 01:49:03','2010-08-23 18:01:22',0),(154,54,54,54,'1995-05-31 15:35:55','1996-09-16 14:32:28',0),(155,55,55,55,'1992-07-22 07:05:19','1978-01-17 05:58:53',0),(156,56,56,56,'1971-07-26 11:18:38','2002-07-27 16:16:49',0),(157,57,57,57,'1983-06-14 22:46:29','1973-09-19 05:28:50',0),(158,58,58,58,'2012-07-27 11:04:47','1994-05-17 19:10:37',0),(159,59,59,59,'2006-09-30 06:54:03','1997-06-14 21:15:00',0),(160,60,60,60,'2005-02-09 19:54:11','2003-01-05 06:38:15',0),(161,61,61,61,'1981-02-26 12:14:40','1991-03-15 22:53:07',0),(162,62,62,62,'2000-06-12 12:21:15','1970-07-07 03:16:30',0),(163,63,63,63,'2009-06-26 10:19:23','1998-07-21 10:06:05',0),(164,64,64,64,'1990-05-11 17:25:28','1995-03-28 20:13:35',0),(165,65,65,65,'2014-09-11 16:26:21','1995-12-18 13:19:32',0),(166,66,66,66,'2017-10-22 23:23:38','1988-10-24 00:13:08',0),(167,67,67,67,'1979-02-28 12:22:35','1971-01-14 09:38:10',0),(168,68,68,68,'2016-07-26 23:19:14','1993-10-26 08:37:40',0),(169,69,69,69,'2010-10-17 11:25:32','1976-01-05 02:14:38',0),(170,70,70,70,'2014-07-13 03:58:48','1978-05-19 09:27:35',0),(171,71,71,71,'2000-10-15 11:06:36','2016-10-01 18:00:22',0),(172,72,72,72,'1980-09-25 13:52:06','2019-06-25 11:35:36',0),(173,73,73,73,'2008-03-01 09:03:25','1975-08-30 17:15:26',0),(174,74,74,74,'1992-10-10 03:29:37','1979-04-10 07:21:50',0),(175,75,75,75,'2013-07-28 15:33:22','2010-09-26 06:04:03',0),(176,76,76,76,'2008-03-01 10:34:07','2003-07-05 03:38:35',0),(177,77,77,77,'1972-06-07 04:56:49','1998-09-03 16:03:11',0),(178,78,78,78,'1989-12-04 09:33:22','1976-06-06 05:53:06',0),(179,79,79,79,'2016-10-26 07:56:13','1981-03-15 08:45:48',0),(180,80,80,80,'1995-10-07 19:14:15','2010-01-01 21:00:43',0),(181,81,81,81,'1977-04-27 07:20:28','1993-08-29 02:13:29',0),(182,82,82,82,'1976-10-09 13:29:49','1970-04-11 12:09:36',0),(183,83,83,83,'1993-11-15 14:21:07','1990-07-04 14:35:01',0),(184,84,84,84,'1970-12-02 09:53:44','2009-01-23 22:45:58',0),(185,85,85,85,'1978-08-08 17:35:12','1982-10-18 17:08:09',0),(186,86,86,86,'2012-10-06 05:44:32','1972-12-01 20:32:29',0),(187,87,87,87,'1980-12-11 21:45:13','2003-06-13 19:28:35',0),(188,88,88,88,'2009-09-18 12:02:14','1989-01-01 11:24:38',0),(189,89,89,89,'1999-01-11 23:00:33','1987-08-29 08:31:09',0),(190,90,90,90,'1994-11-14 07:44:19','1983-03-18 22:41:20',0),(191,91,91,91,'1992-09-21 21:28:27','2010-03-16 00:31:51',0),(192,92,92,92,'1993-03-01 13:36:52','1999-11-25 22:28:18',0),(193,93,93,93,'1992-02-21 11:43:32','1978-03-22 10:38:21',0),(194,94,94,94,'2017-04-05 07:13:46','1980-10-07 15:19:10',0),(195,95,95,95,'1971-01-29 10:25:18','1977-07-29 08:31:54',0),(196,96,96,96,'1974-11-09 09:29:40','1985-02-28 16:45:50',0),(197,97,97,97,'1979-03-20 15:41:59','2016-12-26 09:18:52',0),(198,98,98,98,'1976-03-14 17:50:12','1976-08-29 17:38:02',0),(199,99,99,99,'2013-09-14 04:41:21','2000-08-07 00:54:11',0),(200,100,100,100,'2005-06-06 11:24:05','2005-01-19 22:05:56',0),(201,1,1,1,'1987-10-25 15:33:20','2007-11-11 16:39:00',0),(202,2,2,2,'2010-08-17 02:50:20','2001-09-08 14:40:30',0),(203,3,3,3,'1992-10-07 22:05:40','1988-07-29 20:26:19',0),(204,4,4,4,'2002-12-27 03:12:30','1989-10-04 08:36:02',0),(205,5,5,5,'1995-05-14 16:04:48','2010-06-20 17:11:55',0),(206,6,6,6,'2011-11-22 12:07:07','1994-05-29 12:46:04',0),(207,7,7,7,'2014-05-08 17:17:27','1994-09-21 22:09:49',0),(208,8,8,8,'1980-08-28 00:05:33','1995-10-01 01:04:42',0),(209,9,9,9,'2004-10-03 13:00:13','1974-08-01 00:32:45',0),(210,10,10,10,'1978-12-18 08:06:17','1985-03-26 21:33:27',0),(211,11,11,11,'2014-08-02 20:15:00','1976-04-21 21:05:43',0),(212,12,12,12,'2019-09-20 00:26:26','1991-06-04 09:58:31',0),(213,13,13,13,'1991-03-27 18:25:17','1991-01-07 07:54:07',0),(214,14,14,14,'2004-05-31 03:07:21','2002-08-10 05:56:21',0),(215,15,15,15,'2008-02-19 00:05:58','1990-06-13 01:39:59',0),(216,16,16,16,'1971-10-13 21:22:06','1971-09-08 16:45:04',0),(217,17,17,17,'1986-02-08 17:16:24','2010-08-16 06:55:55',0),(218,18,18,18,'1972-09-22 18:04:57','1990-01-08 03:46:31',0),(219,19,19,19,'1984-11-03 01:30:07','1991-11-22 09:26:04',0),(220,20,20,20,'1988-08-16 15:15:22','1994-05-04 13:24:29',0),(221,21,21,21,'2010-12-01 07:13:08','2008-05-10 22:10:56',0),(222,22,22,22,'1984-10-04 21:08:44','1986-09-05 10:00:24',0),(223,23,23,23,'1999-02-07 17:07:36','2018-12-30 04:41:06',0),(224,24,24,24,'2015-01-08 01:24:40','1978-12-16 23:38:37',0),(225,25,25,25,'1973-10-14 13:55:06','1990-06-25 11:54:56',0),(226,26,26,26,'1971-10-11 10:20:36','1989-08-22 11:21:34',0),(227,27,27,27,'2005-11-30 05:29:51','1987-08-08 00:16:51',0),(228,28,28,28,'2008-07-02 10:58:21','2019-02-13 08:32:49',0),(229,29,29,29,'2003-01-30 23:36:02','2006-07-09 14:20:17',0),(230,30,30,30,'1994-05-12 21:58:46','1990-09-09 12:23:40',0),(231,31,31,31,'1984-06-27 01:52:22','1996-02-16 06:14:31',0),(232,32,32,32,'2008-08-05 20:25:39','1980-03-02 01:34:24',0),(233,33,33,33,'1998-06-17 12:26:21','1974-03-15 04:05:19',0),(234,34,34,34,'2005-09-14 04:32:16','2011-09-24 07:31:37',0),(235,35,35,35,'1993-11-12 07:03:47','2002-02-25 04:29:40',0),(236,36,36,36,'1987-08-12 00:01:49','1987-01-04 06:43:24',0),(237,37,37,37,'1987-04-26 15:40:09','1990-10-09 22:59:54',0),(238,38,38,38,'1997-11-11 15:45:25','1989-03-29 08:43:48',0),(239,39,39,39,'1993-04-19 01:41:58','1972-11-18 20:37:11',0),(240,40,40,40,'1979-09-03 09:15:05','1980-07-07 18:27:22',0),(241,41,41,41,'2017-12-31 00:56:06','1979-10-17 09:44:51',0),(242,42,42,42,'2005-07-26 17:46:45','2016-03-27 18:52:04',0),(243,43,43,43,'2003-08-05 10:33:48','2005-12-30 06:39:31',0),(244,44,44,44,'2007-09-09 03:51:17','2015-07-28 06:30:46',0),(245,45,45,45,'2008-03-05 22:41:14','2010-06-21 12:41:55',0),(246,46,46,46,'2004-05-23 00:57:35','1997-12-26 10:02:49',0),(247,47,47,47,'2013-01-28 23:42:47','2001-11-27 06:19:40',0),(248,48,48,48,'1978-04-14 11:47:43','1999-08-14 03:46:39',0),(249,49,49,49,'1982-04-29 04:12:55','1970-02-08 18:01:25',0),(250,50,50,50,'2000-06-22 16:11:21','1972-02-12 01:47:27',0),(251,51,51,51,'2003-05-14 14:53:09','2019-08-04 05:07:43',0),(252,52,52,52,'2013-03-27 09:59:03','2009-07-26 11:26:00',0),(253,53,53,53,'2011-09-18 15:25:02','1999-08-29 09:38:11',0),(254,54,54,54,'2011-12-03 13:31:14','2010-03-03 14:24:02',0),(255,55,55,55,'1993-02-01 20:27:31','2014-03-01 08:34:02',0),(256,56,56,56,'1980-04-01 16:56:49','2018-07-08 13:30:14',0),(257,57,57,57,'1977-03-27 09:14:18','1998-10-16 21:04:57',0),(258,58,58,58,'1990-02-07 10:24:34','2016-11-30 10:40:52',0),(259,59,59,59,'1988-11-25 10:09:05','2017-06-02 15:27:07',0),(260,60,60,60,'2017-10-07 08:24:08','1974-12-16 19:38:48',0),(261,61,61,61,'2009-10-08 01:01:42','2019-05-11 17:55:36',0),(262,62,62,62,'1992-03-03 21:49:52','2013-12-12 16:49:20',0),(263,63,63,63,'1984-12-27 00:04:27','2018-03-17 11:50:59',0),(264,64,64,64,'1982-10-12 20:48:44','2001-12-09 12:13:39',0),(265,65,65,65,'2014-07-19 17:09:22','2003-01-28 11:07:39',0),(266,66,66,66,'2015-03-27 13:35:15','1989-10-17 08:39:41',0),(267,67,67,67,'1973-05-05 08:08:51','2006-03-10 15:50:42',0),(268,68,68,68,'1972-03-20 20:04:58','1973-04-18 02:48:03',0),(269,69,69,69,'1982-11-14 05:19:48','2009-10-20 11:40:46',0),(270,70,70,70,'1978-10-29 08:25:41','1995-05-20 02:26:21',0),(271,71,71,71,'2001-03-16 23:51:45','2015-08-09 05:57:27',0),(272,72,72,72,'1971-07-27 12:12:38','1971-11-19 20:51:09',0),(273,73,73,73,'1978-06-26 02:01:20','2008-09-01 14:32:33',0),(274,74,74,74,'1986-12-29 08:47:48','1983-04-02 19:50:54',0),(275,75,75,75,'1996-11-24 17:11:03','1985-10-25 17:16:12',0),(276,76,76,76,'1975-04-14 20:31:33','1994-03-23 06:33:25',0),(277,77,77,77,'2013-09-17 15:30:04','1992-05-11 01:52:47',0),(278,78,78,78,'2005-01-10 03:37:06','1992-10-21 18:48:56',0),(279,79,79,79,'1998-05-05 14:52:12','2005-06-25 22:03:37',0),(280,80,80,80,'1971-10-07 16:10:24','1978-09-20 12:06:47',0),(281,81,81,81,'1970-07-25 13:32:40','1990-08-17 10:08:27',0),(282,82,82,82,'1996-07-02 17:37:32','2011-08-06 06:21:42',0),(283,83,83,83,'1981-03-08 11:08:42','2001-12-05 11:49:02',0),(284,84,84,84,'1986-08-23 15:15:52','2008-10-19 06:43:56',0),(285,85,85,85,'1984-06-18 21:45:29','1989-07-09 03:54:49',0),(286,86,86,86,'1982-11-12 12:22:37','2012-10-14 18:58:00',0),(287,87,87,87,'2013-01-26 14:37:24','2000-10-15 10:38:49',0),(288,88,88,88,'2015-07-07 15:11:24','2017-04-20 17:12:51',0),(289,89,89,89,'1987-09-24 22:36:29','2001-07-11 22:30:03',0),(290,90,90,90,'2004-06-09 03:54:54','1997-04-09 21:39:09',0),(291,91,91,91,'1982-07-02 10:03:04','2007-09-26 23:40:30',0),(292,92,92,92,'1976-01-20 22:42:42','1986-04-11 07:33:08',0),(293,93,93,93,'2018-05-07 16:07:51','2014-11-21 04:03:40',0),(294,94,94,94,'1970-10-12 13:42:46','1999-08-24 15:21:39',0),(295,95,95,95,'1970-03-24 18:49:08','2001-02-25 21:05:00',0),(296,96,96,96,'1980-01-14 03:29:28','1971-02-12 07:36:42',0),(297,97,97,97,'2009-11-01 13:17:23','1973-01-13 09:42:47',0),(298,98,98,98,'1999-06-06 23:08:01','1973-12-06 01:47:04',0),(299,99,99,99,'2012-05-16 19:54:23','1996-01-30 10:07:55',0),(300,100,100,100,'1974-10-17 08:47:12','1996-09-20 06:48:08',0),(301,1,1,1,'1994-02-21 06:10:21','2017-11-10 03:04:58',0),(302,2,2,2,'2003-04-17 19:47:22','1978-04-16 16:30:16',0),(303,3,3,3,'2001-05-17 09:10:09','1980-11-10 21:02:50',0),(304,4,4,4,'2005-02-25 09:36:07','1985-02-19 12:37:21',0),(305,5,5,5,'1972-02-14 17:07:31','1986-02-04 19:38:14',0),(306,6,6,6,'2001-08-10 10:47:38','1990-05-02 07:14:00',0),(307,7,7,7,'1983-05-30 16:05:41','1990-05-02 01:29:59',0),(308,8,8,8,'2018-09-23 21:34:58','2000-08-21 17:11:20',0),(309,9,9,9,'2013-12-31 08:06:01','2004-07-07 11:18:06',0),(310,10,10,10,'2015-10-25 10:03:28','1971-11-12 20:32:14',0),(311,11,11,11,'1980-08-08 11:22:53','2010-10-23 07:14:59',0),(312,12,12,12,'1970-11-26 23:56:48','1972-12-20 20:51:19',0),(313,13,13,13,'2013-03-22 21:19:55','1977-06-13 23:46:12',0),(314,14,14,14,'1973-03-22 11:33:35','1984-02-26 03:57:25',0),(315,15,15,15,'1989-01-21 09:54:17','1997-06-21 03:41:32',0),(316,16,16,16,'2008-12-07 21:56:02','1973-08-24 03:35:38',0),(317,17,17,17,'1987-04-11 05:11:21','2000-01-03 12:22:10',0),(318,18,18,18,'1984-09-06 21:02:00','1988-07-08 22:59:46',0),(319,19,19,19,'1990-06-28 11:04:38','1986-01-18 09:31:40',0),(320,20,20,20,'1991-03-28 15:29:46','1976-02-08 16:19:57',0),(321,21,21,21,'1989-04-06 12:52:58','1987-07-16 11:34:30',0),(322,22,22,22,'1970-04-23 14:34:28','2006-04-28 20:01:55',0),(323,23,23,23,'1992-04-03 03:28:59','1984-03-05 16:22:28',0),(324,24,24,24,'1989-06-23 17:04:13','2007-08-01 04:24:08',0),(325,25,25,25,'1988-05-09 12:38:02','2008-10-30 17:44:52',0),(326,26,26,26,'2011-07-04 04:17:44','1983-10-16 05:20:19',0),(327,27,27,27,'1987-03-07 10:42:13','1982-11-02 00:29:48',0),(328,28,28,28,'1974-06-10 01:37:32','1995-05-23 07:33:09',0),(329,29,29,29,'1987-05-29 14:14:27','1983-04-11 02:37:42',0),(330,30,30,30,'2001-02-24 23:21:24','1979-07-17 16:09:37',0),(331,31,31,31,'1971-11-30 16:35:30','2017-04-23 06:11:30',0),(332,32,32,32,'1975-02-22 09:32:30','2003-05-04 07:12:23',0),(333,33,33,33,'2016-07-24 09:50:12','1970-01-24 05:25:45',0),(334,34,34,34,'1992-07-22 02:10:38','1994-09-07 12:19:03',0),(335,35,35,35,'1979-01-09 05:25:50','2013-05-31 06:48:33',0),(336,36,36,36,'1991-11-16 22:41:22','2004-11-15 23:36:17',0),(337,37,37,37,'1993-03-31 00:03:36','1981-02-02 14:10:36',0),(338,38,38,38,'2001-11-18 08:40:14','2002-11-30 20:23:07',0),(339,39,39,39,'2015-12-05 10:25:17','2010-01-14 00:05:56',0),(340,40,40,40,'2005-11-14 22:46:22','1988-03-16 11:50:36',0),(341,41,41,41,'1978-02-06 11:27:26','1994-01-02 11:48:55',0),(342,42,42,42,'2012-11-22 06:19:19','1991-09-08 22:18:29',0),(343,43,43,43,'2007-09-18 04:19:14','2011-08-14 14:51:57',0),(344,44,44,44,'1978-07-04 16:02:25','2014-06-29 02:36:58',0),(345,45,45,45,'2007-03-10 21:17:16','1989-11-21 00:37:54',0),(346,46,46,46,'1988-11-23 02:46:23','2007-05-24 18:02:34',0),(347,47,47,47,'1978-06-24 12:52:47','2016-08-19 09:47:35',0),(348,48,48,48,'1981-08-31 22:43:50','1983-10-03 11:25:20',0),(349,49,49,49,'2006-10-21 06:34:55','1978-07-13 03:40:47',0),(350,50,50,50,'1987-03-21 07:15:25','1994-08-06 03:08:42',0),(351,51,51,51,'1974-11-21 05:30:38','1998-05-31 12:16:32',0),(352,52,52,52,'1971-10-08 02:55:00','2009-09-28 00:37:43',0),(353,53,53,53,'2016-10-20 17:59:34','1970-05-22 01:56:58',0),(354,54,54,54,'1976-04-20 06:56:39','1986-05-10 11:46:52',0),(355,55,55,55,'2015-06-26 18:17:13','1980-12-10 03:18:14',0),(356,56,56,56,'1993-06-15 18:47:22','2005-03-02 03:47:16',0),(357,57,57,57,'2002-12-31 06:27:46','1982-06-27 10:01:33',0),(358,58,58,58,'2002-08-18 12:26:22','2001-07-29 16:21:15',0),(359,59,59,59,'2005-05-17 07:38:23','1971-02-16 11:43:44',0),(360,60,60,60,'1982-11-23 00:22:43','1992-04-25 14:39:52',0),(361,61,61,61,'1988-12-06 04:13:41','1975-05-15 22:54:30',0),(362,62,62,62,'1977-04-24 03:17:29','2005-04-12 05:40:47',0),(363,63,63,63,'1981-05-24 00:29:02','2011-10-18 00:27:27',0),(364,64,64,64,'1978-11-03 18:13:20','2010-01-07 16:52:29',0),(365,65,65,65,'2000-06-26 08:45:03','1993-01-15 20:24:22',0),(366,66,66,66,'1976-01-30 02:25:46','1980-05-01 19:02:04',0),(367,67,67,67,'1992-12-23 17:14:43','1988-11-08 17:48:02',0),(368,68,68,68,'1998-09-07 02:06:16','1991-03-17 22:01:52',0),(369,69,69,69,'2017-08-01 05:10:57','1997-11-20 12:08:46',0),(370,70,70,70,'1998-04-20 00:57:27','1987-12-15 22:34:27',0),(371,71,71,71,'2011-07-03 19:50:44','1982-04-12 14:05:34',0),(372,72,72,72,'1971-08-29 21:47:16','1987-11-02 07:45:49',0),(373,73,73,73,'1993-02-23 15:34:23','2002-09-23 14:27:11',0),(374,74,74,74,'1982-05-31 08:39:46','1976-08-25 09:57:23',0),(375,75,75,75,'2002-05-18 03:25:29','1992-01-11 01:30:46',0),(376,76,76,76,'1973-07-19 05:54:17','2013-07-18 11:08:06',0),(377,77,77,77,'2016-07-19 01:33:43','1998-06-28 18:22:50',0),(378,78,78,78,'1977-10-06 21:06:44','1981-05-26 04:52:39',0),(379,79,79,79,'1997-09-09 08:25:29','1987-07-28 17:39:51',0),(380,80,80,80,'1979-11-25 02:34:46','1981-07-03 16:24:19',0),(381,81,81,81,'1982-08-14 07:33:07','1972-05-13 11:58:06',0),(382,82,82,82,'1987-05-19 06:11:04','1991-04-28 20:00:17',0),(383,83,83,83,'2010-05-02 02:39:14','2011-11-03 21:22:41',0),(384,84,84,84,'2011-04-30 18:51:44','1978-05-16 00:49:53',0),(385,85,85,85,'1994-06-16 16:34:08','1992-03-01 05:40:31',0),(386,86,86,86,'1997-06-05 07:11:44','1979-02-23 09:45:10',0),(387,87,87,87,'1983-10-29 07:26:19','2016-04-30 16:35:03',0),(388,88,88,88,'1987-05-26 16:29:22','1997-06-10 06:02:33',0),(389,89,89,89,'1986-07-21 16:07:35','2003-06-17 08:17:27',0),(390,90,90,90,'1985-04-11 02:57:38','1993-10-08 08:38:23',0),(391,91,91,91,'1989-03-10 03:25:42','2016-11-04 17:15:22',0),(392,92,92,92,'1972-08-20 15:38:55','1990-06-22 20:01:49',0),(393,93,93,93,'2004-04-04 18:57:47','1987-11-26 17:08:58',0),(394,94,94,94,'1987-04-25 18:56:01','1999-09-26 09:59:59',0),(395,95,95,95,'1981-09-01 18:05:24','1978-07-02 18:17:44',0),(396,96,96,96,'1993-06-21 23:21:52','1980-09-19 03:07:43',0),(397,97,97,97,'1994-04-26 02:44:51','2012-11-07 07:20:27',0),(398,98,98,98,'1976-01-17 03:30:30','1992-03-16 03:42:19',0),(399,99,99,99,'2006-04-28 11:03:25','2004-08-26 23:52:29',0),(400,100,100,100,'2013-12-23 11:38:16','1981-10-24 11:21:40',0),(401,1,1,1,'2006-05-11 02:55:01','1982-09-25 23:31:05',0),(402,2,2,2,'2001-03-05 23:37:24','1998-06-08 04:59:00',0),(403,3,3,3,'1985-01-04 11:06:34','1993-01-01 17:51:15',0),(404,4,4,4,'2013-05-13 14:54:50','1973-03-11 09:14:53',0),(405,5,5,5,'2017-06-27 23:26:51','1990-07-29 21:57:19',0),(406,6,6,6,'1979-01-10 09:24:44','2002-08-05 00:01:04',0),(407,7,7,7,'1987-05-08 19:12:18','1973-04-10 05:09:03',0),(408,8,8,8,'1985-08-05 02:46:25','1990-02-23 17:05:54',0),(409,9,9,9,'1984-03-30 07:07:03','2017-06-24 20:11:03',0),(410,10,10,10,'1998-09-24 12:36:09','1996-02-29 15:42:26',0),(411,11,11,11,'1974-06-26 12:35:25','1972-01-27 18:15:33',0),(412,12,12,12,'1986-06-30 22:56:00','1983-10-11 12:03:30',0),(413,13,13,13,'1971-01-12 10:00:49','1971-02-20 09:19:27',0),(414,14,14,14,'2003-02-19 11:31:42','2008-04-13 08:02:01',0),(415,15,15,15,'2004-10-05 02:21:49','1997-08-21 09:27:49',0),(416,16,16,16,'1976-11-07 14:12:30','2014-08-13 04:46:49',0),(417,17,17,17,'1983-01-14 19:56:54','1980-10-24 07:01:24',0),(418,18,18,18,'2001-08-08 01:38:29','1984-09-07 01:37:35',0),(419,19,19,19,'1988-10-02 07:21:19','1970-12-01 03:34:46',0),(420,20,20,20,'1991-09-21 18:45:12','1990-01-22 13:32:24',0),(421,21,21,21,'1997-10-21 23:04:59','2006-07-13 12:37:41',0),(422,22,22,22,'1971-11-13 03:51:13','1999-07-19 23:52:18',0),(423,23,23,23,'2016-06-17 17:02:19','1975-01-11 08:23:54',0),(424,24,24,24,'1996-03-28 01:50:56','2012-11-09 07:05:15',0),(425,25,25,25,'1999-08-22 07:55:24','1986-02-14 12:55:11',0),(426,26,26,26,'2005-01-24 14:08:02','2014-01-06 09:28:28',0),(427,27,27,27,'2013-06-16 17:12:19','1981-08-26 18:30:17',0),(428,28,28,28,'1995-01-03 21:34:42','2010-04-05 13:32:35',0),(429,29,29,29,'2003-04-20 17:31:22','1990-01-07 03:52:24',0),(430,30,30,30,'1988-06-12 12:07:26','2014-03-16 05:35:26',0),(431,31,31,31,'1981-06-14 19:24:52','1976-09-03 20:31:08',0),(432,32,32,32,'1996-08-16 03:35:39','1990-09-07 12:59:34',0),(433,33,33,33,'1999-05-04 15:42:21','1989-08-22 12:12:31',0),(434,34,34,34,'1989-10-21 06:14:35','1980-07-04 17:30:58',0),(435,35,35,35,'2000-04-01 04:14:06','1998-09-16 16:56:12',0),(436,36,36,36,'1990-12-03 06:56:56','1980-02-19 16:24:57',0),(437,37,37,37,'2006-09-13 08:37:25','1991-11-29 20:48:37',0),(438,38,38,38,'1998-12-29 14:13:27','2008-05-04 15:52:32',0),(439,39,39,39,'2003-02-01 20:19:43','2012-07-17 14:43:34',0),(440,40,40,40,'1993-05-03 03:12:15','1971-03-09 09:41:18',0),(441,41,41,41,'2013-10-13 19:22:48','1975-02-01 12:56:57',0),(442,42,42,42,'1997-10-04 00:38:14','2006-07-14 22:51:04',0),(443,43,43,43,'1970-11-15 15:33:36','1993-05-25 12:36:22',0),(444,44,44,44,'2004-07-09 08:28:25','2001-08-14 15:45:42',0),(445,45,45,45,'1997-05-12 07:58:16','1975-06-23 20:54:27',0),(446,46,46,46,'2004-08-24 08:09:31','1981-09-27 02:48:19',0),(447,47,47,47,'2007-03-29 13:35:35','1974-12-04 20:38:16',0),(448,48,48,48,'1971-02-05 05:29:28','1981-06-01 15:35:06',0),(449,49,49,49,'2018-09-01 06:00:29','1984-04-20 17:27:16',0),(450,50,50,50,'1992-09-16 07:01:23','1985-04-27 08:07:17',0),(451,51,51,51,'2016-08-04 09:05:28','1997-07-06 03:47:06',0),(452,52,52,52,'1984-08-08 02:31:50','2004-07-27 20:33:51',0),(453,53,53,53,'1983-06-27 09:44:38','1973-10-21 02:48:29',0),(454,54,54,54,'1999-11-04 12:36:49','2012-05-27 19:55:38',0),(455,55,55,55,'1986-06-15 06:35:32','1974-07-24 02:32:39',0),(456,56,56,56,'2007-07-17 17:33:47','2015-06-28 17:13:11',0),(457,57,57,57,'1976-10-01 06:41:27','2007-06-22 20:21:37',0),(458,58,58,58,'2012-01-10 01:12:27','2002-03-11 17:44:52',0),(459,59,59,59,'2007-05-13 13:51:12','1991-11-01 10:09:14',0),(460,60,60,60,'1983-01-08 19:41:30','1995-04-26 08:03:26',0),(461,61,61,61,'2018-10-12 18:39:00','1978-05-24 06:01:52',0),(462,62,62,62,'1980-04-19 13:17:56','1999-09-22 07:10:14',0),(463,63,63,63,'1984-08-23 13:27:37','1991-12-19 13:51:39',0),(464,64,64,64,'2009-04-22 00:23:29','1976-10-27 19:26:47',0),(465,65,65,65,'2015-02-17 06:18:38','1998-02-28 12:02:12',0),(466,66,66,66,'1975-07-05 00:55:11','1986-10-14 01:15:44',0),(467,67,67,67,'1992-11-21 05:28:39','2005-10-24 20:17:37',0),(468,68,68,68,'1996-06-17 18:56:18','1979-01-28 00:58:00',0),(469,69,69,69,'2019-04-23 18:24:49','2014-05-09 03:36:46',0),(470,70,70,70,'1970-07-26 08:51:55','2017-08-30 21:16:11',0),(471,71,71,71,'2003-11-11 01:05:17','2004-01-26 17:09:16',0),(472,72,72,72,'1989-10-19 01:07:35','2009-04-03 09:39:00',0),(473,73,73,73,'1975-07-29 12:28:38','1982-04-19 13:28:41',0),(474,74,74,74,'1998-06-09 00:39:35','1989-02-11 11:03:07',0),(475,75,75,75,'2006-05-18 10:40:31','2018-08-09 00:43:14',0),(476,76,76,76,'2004-12-02 16:23:01','2011-01-14 12:35:59',0),(477,77,77,77,'1974-04-24 18:52:51','1973-02-16 07:49:05',0),(478,78,78,78,'2019-04-04 01:49:38','1977-09-16 03:57:30',0),(479,79,79,79,'1987-08-20 15:36:44','2003-05-02 20:27:02',0),(480,80,80,80,'2014-05-30 14:19:24','1988-04-05 10:59:49',0),(481,81,81,81,'1991-02-20 08:42:59','1979-04-10 21:24:45',0),(482,82,82,82,'1976-11-13 20:08:24','1989-10-21 12:05:22',0),(483,83,83,83,'2006-12-19 12:31:23','2006-03-30 15:28:55',0),(484,84,84,84,'1999-09-17 12:23:22','1979-11-16 23:42:55',0),(485,85,85,85,'2004-09-16 14:35:04','2010-02-21 08:58:10',0),(486,86,86,86,'1978-05-21 19:24:50','2013-09-07 23:35:16',0),(487,87,87,87,'1981-02-10 14:03:30','1971-09-28 08:35:56',0),(488,88,88,88,'1986-09-29 17:04:14','1989-11-06 18:20:10',0),(489,89,89,89,'1999-12-05 11:54:02','2016-01-07 18:00:25',0),(490,90,90,90,'1988-02-14 17:59:46','1988-04-09 12:31:42',0),(491,91,91,91,'1986-03-30 00:56:23','1988-03-28 21:09:02',0),(492,92,92,92,'2004-04-28 04:43:51','2018-04-06 10:08:13',0),(493,93,93,93,'1987-09-13 20:26:40','1986-07-23 20:12:24',0),(494,94,94,94,'1982-11-23 15:38:23','1996-03-02 15:14:23',0),(495,95,95,95,'1991-05-03 01:44:08','1995-02-22 17:20:52',0),(496,96,96,96,'2012-01-14 10:57:15','1986-10-03 03:33:23',0),(497,97,97,97,'1988-05-29 18:31:53','1980-10-02 06:44:32',0),(498,98,98,98,'2004-10-22 00:12:47','1998-09-24 02:34:28',0),(499,99,99,99,'1993-04-10 18:06:20','1974-05-17 22:07:54',0),(500,100,100,100,'1970-01-02 04:16:48','1987-08-18 19:50:55',0),(501,1,1,1,'2011-07-09 03:10:25','1979-01-07 16:04:55',0),(502,2,2,2,'2006-08-10 19:09:00','1996-03-25 01:04:17',0),(503,3,3,3,'2018-10-25 06:09:14','2009-09-25 03:53:29',0),(504,4,4,4,'1994-02-12 18:44:01','2000-02-08 01:13:32',0),(505,5,5,5,'1995-07-12 02:54:00','2010-01-18 23:44:08',0),(506,6,6,6,'2007-08-05 19:24:30','2000-08-21 17:11:45',0),(507,7,7,7,'2016-02-04 16:17:05','2003-07-16 01:50:21',0),(508,8,8,8,'1992-01-12 06:48:38','1987-10-02 20:11:04',0),(509,9,9,9,'1986-06-01 10:17:43','1991-10-13 17:35:13',0),(510,10,10,10,'2002-05-03 05:39:58','1971-10-06 22:21:56',0),(511,11,11,11,'2017-06-28 16:06:42','1983-04-19 06:44:50',0),(512,12,12,12,'1986-08-29 15:59:06','2013-08-24 00:56:36',0),(513,13,13,13,'1995-01-30 10:51:35','2003-01-17 08:30:04',0),(514,14,14,14,'1993-09-24 22:56:00','1987-01-16 18:45:16',0),(515,15,15,15,'1998-09-15 12:58:49','1986-05-13 16:46:02',0),(516,16,16,16,'1987-05-09 04:08:08','2013-06-28 23:32:45',0),(517,17,17,17,'1993-04-18 09:39:48','2018-01-14 21:24:29',0),(518,18,18,18,'1989-11-04 05:38:58','1984-09-29 12:44:53',0),(519,19,19,19,'2018-07-31 22:11:00','1979-05-29 06:52:17',0),(520,20,20,20,'2008-08-21 05:55:09','2011-04-05 18:12:38',0),(521,21,21,21,'2001-08-27 20:38:47','2003-11-07 13:10:01',0),(522,22,22,22,'1994-11-21 16:52:30','1999-11-30 03:46:18',0),(523,23,23,23,'1973-12-04 14:11:02','1999-05-04 08:41:57',0),(524,24,24,24,'1985-06-18 13:25:09','1994-03-08 11:17:22',0),(525,25,25,25,'1992-12-21 07:12:37','2007-07-09 13:33:18',0),(526,26,26,26,'2018-09-09 14:22:37','1978-06-01 18:59:34',0),(527,27,27,27,'1994-01-10 10:00:50','1988-09-17 21:21:39',0),(528,28,28,28,'1989-10-31 21:36:30','2012-06-09 23:39:49',0),(529,29,29,29,'2018-12-10 11:42:18','1991-10-09 19:33:06',0),(530,30,30,30,'1986-02-08 02:27:27','2000-06-28 15:03:35',0),(531,31,31,31,'1998-09-02 12:32:55','1975-07-30 08:00:24',0),(532,32,32,32,'1975-05-16 15:05:32','2008-11-17 01:39:28',0),(533,33,33,33,'1986-01-03 18:18:50','2014-08-24 14:00:50',0),(534,34,34,34,'1997-02-15 17:22:18','2005-08-06 15:13:49',0),(535,35,35,35,'1976-07-04 21:29:08','1978-04-25 22:40:44',0),(536,36,36,36,'1994-08-23 08:34:58','2004-10-11 19:19:35',0),(537,37,37,37,'1973-12-23 11:23:41','2016-12-11 17:25:32',0),(538,38,38,38,'2009-06-24 01:28:07','1992-12-02 16:04:05',0),(539,39,39,39,'2013-11-07 08:47:24','1999-07-29 12:52:01',0),(540,40,40,40,'1996-09-26 17:52:11','1990-03-08 13:01:40',0),(541,41,41,41,'2011-07-19 05:04:56','1971-06-17 15:41:26',0),(542,42,42,42,'1979-04-15 09:49:14','1991-09-14 22:44:19',0),(543,43,43,43,'2010-12-23 15:47:03','2014-03-05 02:47:56',0),(544,44,44,44,'2008-03-07 23:44:30','2019-01-09 04:47:00',0),(545,45,45,45,'1970-02-01 01:38:18','2005-04-20 02:23:03',0),(546,46,46,46,'1991-08-20 00:44:16','1977-02-25 02:57:20',0),(547,47,47,47,'1979-09-26 15:50:05','1995-03-02 06:12:29',0),(548,48,48,48,'1993-08-16 09:37:51','1991-01-22 03:45:12',0),(549,49,49,49,'1971-07-06 09:56:32','2013-07-21 20:20:12',0),(550,50,50,50,'1989-06-01 04:20:33','1971-03-11 02:27:04',0),(551,51,51,51,'1978-04-07 14:25:56','2016-09-29 10:20:08',0),(552,52,52,52,'1987-11-17 17:45:29','2019-02-16 06:17:50',0),(553,53,53,53,'2012-12-06 21:19:04','2006-01-22 12:45:48',0),(554,54,54,54,'1988-10-18 12:43:59','2007-02-01 15:30:00',0),(555,55,55,55,'1973-05-26 09:22:17','1988-03-21 21:51:42',0),(556,56,56,56,'1973-04-30 18:27:50','2001-02-08 19:26:05',0),(557,57,57,57,'1984-11-03 21:17:14','1988-06-14 09:21:30',0),(558,58,58,58,'2019-01-27 07:14:20','1979-08-02 15:21:30',0),(559,59,59,59,'1975-07-23 16:57:56','2001-02-08 03:53:24',0),(560,60,60,60,'1982-07-17 02:24:24','1995-07-11 19:37:41',0),(561,61,61,61,'1985-06-03 05:52:47','1983-09-03 09:38:37',0),(562,62,62,62,'2003-03-12 04:30:32','2015-10-06 06:54:33',0),(563,63,63,63,'1997-01-28 21:07:35','1993-03-15 16:27:55',0),(564,64,64,64,'2007-04-15 10:01:20','2017-06-15 20:01:13',0),(565,65,65,65,'2015-12-20 13:39:47','1979-12-23 18:36:53',0),(566,66,66,66,'1986-01-02 11:54:02','2015-06-25 22:52:59',0),(567,67,67,67,'1994-09-22 03:30:54','1984-09-10 03:56:04',0),(568,68,68,68,'2016-03-21 11:10:22','2003-12-02 00:59:53',0),(569,69,69,69,'1971-04-29 18:27:32','1982-10-01 20:07:07',0),(570,70,70,70,'1994-08-09 14:21:03','2004-10-23 14:01:28',0),(571,71,71,71,'1978-03-22 10:52:57','1983-10-26 11:05:23',0),(572,72,72,72,'1996-08-03 21:46:12','1989-11-19 15:37:14',0),(573,73,73,73,'2015-05-10 10:18:12','2014-04-11 21:26:29',0),(574,74,74,74,'1992-09-07 05:37:47','1976-01-26 04:50:53',0),(575,75,75,75,'2008-12-04 19:02:09','1996-01-14 07:12:14',0),(576,76,76,76,'2017-08-27 17:31:11','1983-10-05 02:01:52',0),(577,77,77,77,'2004-10-28 22:37:46','2014-11-19 11:30:54',0),(578,78,78,78,'2007-06-20 10:27:14','1988-07-10 10:29:31',0),(579,79,79,79,'1977-01-09 06:13:43','2005-08-27 19:21:53',0),(580,80,80,80,'1982-04-05 20:04:30','2019-01-07 12:13:13',0),(581,81,81,81,'2016-06-26 20:22:38','2003-09-10 03:52:50',0),(582,82,82,82,'2012-02-06 16:13:52','2015-09-14 12:16:40',0),(583,83,83,83,'1974-05-03 20:33:27','1982-07-24 00:39:31',0),(584,84,84,84,'1990-05-25 11:01:00','1990-04-08 14:01:56',0),(585,85,85,85,'1971-07-12 10:42:08','1982-11-08 20:53:43',0),(586,86,86,86,'2010-06-26 11:40:17','2011-11-21 15:34:35',0),(587,87,87,87,'1989-03-16 00:25:52','2014-08-27 00:18:30',0),(588,88,88,88,'1992-10-18 00:53:13','2009-10-19 02:02:21',0),(589,89,89,89,'2019-01-14 03:22:45','2012-07-11 03:48:44',0),(590,90,90,90,'1975-10-22 06:57:22','1991-01-21 16:16:40',0),(591,91,91,91,'1999-09-16 07:31:12','1970-09-20 14:41:37',0),(592,92,92,92,'1991-11-30 00:29:32','1992-10-30 00:29:30',0),(593,93,93,93,'1994-01-03 02:08:24','1978-11-19 01:27:42',0),(594,94,94,94,'1973-11-12 06:56:10','2010-09-21 11:19:33',0),(595,95,95,95,'2011-04-25 01:19:31','1976-11-13 15:32:28',0),(596,96,96,96,'2008-12-07 11:05:06','1996-11-29 07:02:31',0),(597,97,97,97,'1992-01-07 05:01:01','1975-09-23 14:38:16',0),(598,98,98,98,'1996-02-26 10:10:43','2011-01-20 04:30:20',0),(599,99,99,99,'1994-04-13 14:03:51','2000-02-18 10:16:43',0),(600,100,100,100,'2009-12-31 05:24:24','1994-04-03 08:50:03',0),(601,1,1,1,'2007-09-27 03:57:33','1976-05-15 21:03:23',0),(602,2,2,2,'1998-06-10 07:15:53','1993-02-16 18:56:16',0),(603,3,3,3,'2008-08-20 20:22:13','1972-07-06 08:18:58',0),(604,4,4,4,'2005-07-15 15:02:56','1978-05-18 16:27:32',0),(605,5,5,5,'2019-04-24 18:44:30','1979-08-17 05:35:49',0),(606,6,6,6,'1999-12-31 05:10:01','2014-12-03 11:29:52',0),(607,7,7,7,'2017-06-18 15:19:31','1976-12-19 07:23:36',0),(608,8,8,8,'2015-01-03 03:05:29','1993-09-03 00:16:29',0),(609,9,9,9,'2016-11-12 04:54:03','1988-08-08 13:51:39',0),(610,10,10,10,'2001-09-02 02:06:23','2015-03-11 07:00:33',0),(611,11,11,11,'2007-09-21 07:10:27','1981-07-13 22:12:01',0),(612,12,12,12,'2002-02-02 23:00:37','1971-01-26 04:24:47',0),(613,13,13,13,'1976-03-25 12:16:37','1992-08-12 21:12:04',0),(614,14,14,14,'2001-01-25 01:50:34','1983-05-30 09:56:37',0),(615,15,15,15,'2009-12-27 09:44:25','1996-05-13 10:38:40',0),(616,16,16,16,'1989-12-10 20:35:26','1996-04-04 04:48:32',0),(617,17,17,17,'1986-08-27 06:34:10','2000-12-14 07:50:47',0),(618,18,18,18,'1992-06-24 00:55:55','1978-06-12 10:40:16',0),(619,19,19,19,'2018-06-02 19:57:12','1971-04-12 08:42:13',0),(620,20,20,20,'1985-06-09 08:29:08','1996-04-22 23:55:05',0),(621,21,21,21,'1984-05-08 05:08:52','2008-03-04 21:39:54',0),(622,22,22,22,'1974-03-14 04:11:06','1996-02-10 12:20:51',0),(623,23,23,23,'1981-03-04 09:15:47','1972-03-18 20:06:35',0),(624,24,24,24,'1977-10-19 09:07:16','2004-04-03 16:04:33',0),(625,25,25,25,'2017-02-06 11:32:51','1979-10-31 12:02:26',0),(626,26,26,26,'1997-10-30 20:46:28','1999-12-16 09:27:23',0),(627,27,27,27,'1993-06-05 21:02:25','1975-02-16 18:22:03',0),(628,28,28,28,'1997-08-14 22:13:25','1972-09-25 16:54:25',0),(629,29,29,29,'2004-11-05 14:41:52','2014-08-19 08:29:13',0),(630,30,30,30,'1979-04-10 22:08:33','1975-03-17 17:51:23',0),(631,31,31,31,'2011-07-24 10:21:45','1995-10-15 10:45:19',0),(632,32,32,32,'1989-12-23 05:09:22','1991-10-13 19:45:35',0),(633,33,33,33,'2014-05-26 11:30:09','1991-09-19 16:25:58',0),(634,34,34,34,'1977-08-28 11:20:43','2010-02-04 03:49:54',0),(635,35,35,35,'2002-09-03 21:23:10','1987-11-05 07:29:30',0),(636,36,36,36,'1985-01-23 19:03:09','1970-11-08 11:10:38',0),(637,37,37,37,'1992-06-12 06:36:03','1978-02-21 10:30:45',0),(638,38,38,38,'1972-02-08 10:17:33','1981-03-01 12:52:07',0),(639,39,39,39,'2000-07-06 22:32:12','1975-07-12 11:21:16',0),(640,40,40,40,'1986-06-22 16:23:43','2011-03-05 05:06:57',0),(641,41,41,41,'1992-03-09 18:23:59','1994-06-16 01:48:22',0),(642,42,42,42,'1989-05-21 00:27:25','2000-08-28 04:42:37',0),(643,43,43,43,'1971-09-27 14:36:24','1992-11-04 18:20:58',0),(644,44,44,44,'1980-01-10 16:15:46','2010-05-13 12:44:43',0),(645,45,45,45,'1985-12-06 18:45:24','1977-03-09 01:20:57',0),(646,46,46,46,'1970-12-10 23:36:12','1978-04-01 18:00:42',0),(647,47,47,47,'2011-03-31 07:47:44','2016-10-04 22:52:26',0),(648,48,48,48,'1997-11-28 23:13:15','1992-09-02 05:32:02',0),(649,49,49,49,'2003-11-11 04:36:30','2017-10-22 06:06:46',0),(650,50,50,50,'2009-05-13 11:59:20','1983-10-16 07:24:27',0),(651,51,51,51,'1973-05-05 02:17:40','2008-01-31 20:07:46',0),(652,52,52,52,'1984-11-09 04:19:45','2002-04-26 16:01:33',0),(653,53,53,53,'1975-09-09 06:25:28','1987-03-27 17:08:54',0),(654,54,54,54,'1984-01-12 04:06:39','1984-04-09 14:33:53',0),(655,55,55,55,'1984-04-10 01:32:58','2007-03-22 13:44:06',0),(656,56,56,56,'2019-01-01 12:32:29','2000-10-08 17:25:17',0),(657,57,57,57,'2000-10-02 02:21:39','1996-08-24 15:49:52',0),(658,58,58,58,'1992-06-08 12:25:27','1981-02-27 21:12:43',0),(659,59,59,59,'1973-06-28 22:04:57','2002-05-16 21:44:37',0),(660,60,60,60,'2009-05-12 19:45:12','1976-04-08 16:35:13',0),(661,61,61,61,'2009-03-07 07:37:19','1991-08-26 01:44:26',0),(662,62,62,62,'1972-08-13 16:02:56','1995-06-18 23:35:47',0),(663,63,63,63,'2012-08-06 12:37:45','2011-08-03 10:59:46',0),(664,64,64,64,'1974-08-14 11:53:03','1987-09-14 02:16:44',0),(665,65,65,65,'1990-02-26 17:48:00','1995-10-30 20:08:04',0),(666,66,66,66,'1983-04-18 00:34:59','2009-12-15 06:50:20',0),(667,67,67,67,'1976-10-05 02:17:06','2008-03-06 03:53:54',0),(668,68,68,68,'1974-07-11 19:12:22','1998-08-04 08:55:09',0),(669,69,69,69,'1988-11-13 04:18:04','2010-10-02 14:54:43',0),(670,70,70,70,'2015-02-25 19:33:23','2011-01-03 11:32:33',0),(671,71,71,71,'2001-04-10 04:50:39','2007-09-07 06:04:42',0),(672,72,72,72,'1983-11-07 08:37:33','1980-08-24 20:06:18',0),(673,73,73,73,'2004-06-16 15:16:53','2011-01-12 18:02:37',0),(674,74,74,74,'2019-05-17 20:54:17','2005-02-12 09:29:35',0),(675,75,75,75,'2011-02-16 08:31:49','2009-07-25 20:06:30',0),(676,76,76,76,'2001-01-30 22:35:41','1981-12-10 11:29:31',0),(677,77,77,77,'1979-05-30 03:26:50','1988-11-13 22:05:05',0),(678,78,78,78,'1990-05-14 00:01:41','2014-03-11 02:40:23',0),(679,79,79,79,'1983-02-02 21:09:55','1984-02-13 09:11:01',0),(680,80,80,80,'2016-06-10 02:32:27','2011-05-18 10:52:06',0),(681,81,81,81,'1975-05-23 01:47:53','2000-11-22 04:28:04',0),(682,82,82,82,'1991-03-26 18:06:51','2002-03-01 15:55:25',0),(683,83,83,83,'2015-02-10 05:08:50','2003-08-20 04:24:14',0),(684,84,84,84,'2015-09-30 14:19:58','1971-03-22 16:44:13',0),(685,85,85,85,'1980-12-07 04:09:22','2001-06-15 00:55:10',0),(686,86,86,86,'1984-04-15 15:57:27','1982-02-15 21:21:33',0),(687,87,87,87,'1979-05-14 05:37:40','1990-01-13 14:44:28',0),(688,88,88,88,'1996-01-18 01:58:20','1989-12-27 06:12:43',0),(689,89,89,89,'1996-07-15 15:36:14','2017-10-06 14:04:21',0),(690,90,90,90,'2012-08-30 08:53:19','2010-02-15 16:51:53',0),(691,91,91,91,'1997-04-23 17:48:37','2017-06-18 20:04:59',0),(692,92,92,92,'1990-01-23 09:51:39','2013-08-03 23:42:42',0),(693,93,93,93,'1998-05-29 10:42:00','2003-01-22 22:10:06',0),(694,94,94,94,'1987-09-16 16:14:11','1975-10-13 00:07:27',0),(695,95,95,95,'2009-11-05 04:20:31','1971-08-14 01:39:37',0),(696,96,96,96,'2016-02-01 11:32:06','1979-07-15 20:58:08',0),(697,97,97,97,'2009-06-10 20:56:24','1986-10-07 13:12:21',0),(698,98,98,98,'1976-02-12 21:49:56','1992-02-18 14:12:10',0),(699,99,99,99,'1972-09-24 15:11:12','2007-05-07 10:48:12',0),(700,100,100,100,'2002-10-25 06:59:21','2005-08-09 01:29:43',0),(701,1,1,1,'1981-12-19 23:05:27','1976-12-19 03:50:42',0),(702,2,2,2,'2008-09-06 11:40:53','1995-08-29 06:00:00',0),(703,3,3,3,'1978-08-12 01:34:01','2016-01-04 18:16:37',0),(704,4,4,4,'2005-06-01 14:38:49','2011-10-30 02:28:37',0),(705,5,5,5,'1976-03-09 13:48:18','2018-07-11 12:09:09',0),(706,6,6,6,'1994-04-25 16:55:43','2009-07-31 18:52:42',0),(707,7,7,7,'2001-07-17 22:17:46','1987-09-22 04:35:48',0),(708,8,8,8,'1999-08-28 16:22:49','1997-12-23 15:22:20',0),(709,9,9,9,'2011-02-23 16:33:11','1985-08-12 16:42:28',0),(710,10,10,10,'2001-06-11 04:09:43','2012-05-23 21:12:21',0),(711,11,11,11,'1975-01-13 18:59:40','2000-02-14 08:30:59',0),(712,12,12,12,'2000-10-12 11:40:28','1981-09-27 02:33:34',0),(713,13,13,13,'2018-02-28 08:59:53','2004-10-01 10:19:13',0),(714,14,14,14,'1977-09-06 18:12:16','2000-07-21 17:55:34',0),(715,15,15,15,'1975-08-07 07:43:11','1978-01-22 10:12:55',0),(716,16,16,16,'1983-01-13 12:06:21','2003-02-21 22:10:56',0),(717,17,17,17,'2017-06-01 00:30:16','1972-08-25 00:51:20',0),(718,18,18,18,'1985-08-05 17:21:51','1976-06-08 09:42:47',0),(719,19,19,19,'1980-04-15 23:32:08','2004-10-09 17:21:13',0),(720,20,20,20,'1981-04-07 18:34:53','1990-12-09 23:51:18',0),(721,21,21,21,'1971-08-22 03:24:10','2017-06-16 08:06:38',0),(722,22,22,22,'2015-11-15 06:07:32','2006-11-17 07:11:05',0),(723,23,23,23,'2001-09-28 10:09:03','2014-08-12 02:19:50',0),(724,24,24,24,'1988-03-05 20:35:24','1971-05-03 00:20:42',0),(725,25,25,25,'2016-12-17 03:37:03','1978-09-20 03:46:58',0),(726,26,26,26,'1981-07-27 17:13:26','1984-11-15 13:40:35',0),(727,27,27,27,'1988-02-28 03:23:22','2019-05-16 12:50:41',0),(728,28,28,28,'1973-04-11 05:03:47','1980-12-04 00:37:24',0),(729,29,29,29,'1973-11-24 04:00:45','2002-05-02 11:25:35',0),(730,30,30,30,'2014-11-17 02:01:15','2013-04-29 15:39:08',0),(731,31,31,31,'2011-05-27 07:28:41','1999-09-10 08:54:47',0),(732,32,32,32,'1985-09-18 16:46:55','1978-08-08 21:28:49',0),(733,33,33,33,'1984-04-20 09:47:41','1997-01-14 23:24:10',0),(734,34,34,34,'1982-05-23 05:09:42','2000-05-17 19:27:30',0),(735,35,35,35,'1983-01-31 17:24:04','2006-12-26 11:45:55',0),(736,36,36,36,'2010-04-05 13:53:55','1999-06-17 22:10:14',0),(737,37,37,37,'1985-07-26 10:21:31','2007-02-24 01:23:50',0),(738,38,38,38,'2005-08-22 12:30:40','1986-08-30 16:02:33',0),(739,39,39,39,'2001-05-08 15:59:06','2018-07-03 20:41:21',0),(740,40,40,40,'1993-09-27 04:09:16','1999-02-09 14:24:16',0),(741,41,41,41,'2010-06-21 03:56:32','2002-06-24 04:10:57',0),(742,42,42,42,'1996-05-21 02:18:09','1973-03-05 22:20:47',0),(743,43,43,43,'2014-09-09 22:07:21','1986-11-19 14:44:08',0),(744,44,44,44,'2008-11-20 22:36:57','2015-03-27 01:08:25',0),(745,45,45,45,'1976-05-01 00:11:03','1992-05-12 17:25:25',0),(746,46,46,46,'2003-03-25 17:22:39','1976-06-01 20:54:37',0),(747,47,47,47,'1990-06-12 11:20:52','2015-01-14 11:30:26',0),(748,48,48,48,'2013-01-26 12:56:41','2016-12-12 17:54:05',0),(749,49,49,49,'1986-07-04 11:12:08','1982-07-10 07:15:40',0),(750,50,50,50,'1994-04-11 17:57:32','1971-09-05 04:33:13',0),(751,51,51,51,'2017-03-05 09:33:51','2016-03-13 08:52:30',0),(752,52,52,52,'1985-06-26 14:19:43','1998-06-07 16:22:17',0),(753,53,53,53,'1997-06-03 08:24:51','1985-02-27 21:48:26',0),(754,54,54,54,'1970-12-30 13:21:31','1986-03-03 12:25:47',0),(755,55,55,55,'2005-05-04 16:47:39','1998-01-01 19:38:58',0),(756,56,56,56,'1987-11-18 23:35:44','2008-03-29 22:58:21',0),(757,57,57,57,'2013-03-16 14:45:55','2011-03-16 14:26:33',0),(758,58,58,58,'1996-06-13 02:50:16','2014-04-04 13:03:09',0),(759,59,59,59,'1997-03-07 18:09:24','2017-11-15 15:47:33',0),(760,60,60,60,'2003-09-16 08:48:31','2012-07-17 07:56:31',0),(761,61,61,61,'1974-04-13 04:48:54','2014-09-02 06:53:13',0),(762,62,62,62,'1980-03-30 15:07:18','1993-03-25 21:57:19',0),(763,63,63,63,'2004-12-01 02:58:04','1980-04-29 12:50:11',0),(764,64,64,64,'2019-09-11 16:54:27','1972-09-09 05:38:14',0),(765,65,65,65,'2010-12-14 19:42:50','2014-04-22 08:43:04',0),(766,66,66,66,'1999-05-30 12:35:55','2003-02-20 17:58:27',0),(767,67,67,67,'1998-04-01 00:32:47','2005-08-15 19:47:24',0),(768,68,68,68,'1995-12-26 21:14:27','1981-07-20 21:01:30',0),(769,69,69,69,'2007-07-15 07:40:03','2005-01-15 20:30:10',0),(770,70,70,70,'1976-08-18 01:20:55','1975-04-23 15:18:55',0),(771,71,71,71,'1990-11-07 08:13:02','1980-08-09 01:10:13',0),(772,72,72,72,'2015-06-08 05:14:11','1981-05-06 11:48:33',0),(773,73,73,73,'1985-08-09 21:22:41','2012-08-20 17:36:00',0),(774,74,74,74,'1971-10-02 08:51:35','1996-05-08 11:50:43',0),(775,75,75,75,'1993-10-28 03:54:32','1985-11-25 09:51:04',0),(776,76,76,76,'1994-05-24 13:04:54','1977-10-16 17:37:29',0),(777,77,77,77,'2019-03-12 02:57:59','1982-09-25 05:20:24',0),(778,78,78,78,'1991-05-14 22:14:46','1981-02-05 05:15:57',0),(779,79,79,79,'2007-06-15 05:06:18','2019-07-30 14:41:36',0),(780,80,80,80,'2004-12-13 04:48:47','1987-08-27 00:40:40',0),(781,81,81,81,'2003-01-28 20:28:50','2017-11-20 22:09:38',0),(782,82,82,82,'1977-02-10 08:19:17','1971-05-16 04:33:48',0),(783,83,83,83,'2016-10-29 02:05:22','2000-11-06 07:48:43',0),(784,84,84,84,'1990-06-10 09:37:13','1983-02-10 14:11:29',0),(785,85,85,85,'1980-12-08 14:27:23','2008-10-14 01:56:26',0),(786,86,86,86,'1993-08-18 03:29:22','1984-01-03 20:21:51',0),(787,87,87,87,'1993-04-04 07:52:57','2017-04-27 10:21:27',0),(788,88,88,88,'2013-02-22 01:03:11','2005-01-21 03:32:26',0),(789,89,89,89,'1987-07-10 01:06:41','2013-07-11 21:23:34',0),(790,90,90,90,'1992-05-01 22:53:25','1971-11-24 14:36:37',0),(791,91,91,91,'1989-05-20 21:29:58','1994-10-04 05:42:42',0),(792,92,92,92,'1988-12-30 03:32:43','1972-06-28 23:01:16',0),(793,93,93,93,'1999-08-28 01:19:14','1996-12-18 05:25:17',0),(794,94,94,94,'2009-01-09 11:12:14','2003-07-11 11:28:43',0),(795,95,95,95,'2014-10-28 05:55:01','1976-01-16 11:34:43',0),(796,96,96,96,'1994-11-02 11:51:25','1970-02-14 15:06:11',0),(797,97,97,97,'2003-11-20 15:02:06','1986-08-19 09:00:10',0),(798,98,98,98,'2003-01-22 08:57:36','2006-04-24 01:46:28',0),(799,99,99,99,'1991-08-07 19:00:28','2005-11-23 16:37:10',0),(800,100,100,100,'2011-10-08 12:22:54','1972-05-06 21:13:17',0),(801,1,1,1,'1980-02-18 21:03:01','1984-02-29 20:50:58',0),(802,2,2,2,'2014-11-30 21:22:15','2007-10-12 08:26:53',0),(803,3,3,3,'2001-08-23 13:39:55','1983-01-27 13:00:30',0),(804,4,4,4,'2019-09-23 23:28:09','1970-02-03 08:44:22',0),(805,5,5,5,'1980-07-06 22:16:43','2006-07-05 07:17:06',0),(806,6,6,6,'1988-01-30 14:23:20','1972-07-15 00:54:23',0),(807,7,7,7,'2015-07-26 03:20:42','1985-03-15 00:35:27',0),(808,8,8,8,'1976-12-20 01:43:06','2015-08-15 10:42:45',0),(809,9,9,9,'1976-02-05 10:54:09','2013-04-20 01:42:34',0),(810,10,10,10,'2009-05-25 20:06:10','1971-11-19 13:46:12',0),(811,11,11,11,'2007-09-27 12:44:04','2005-03-20 05:10:54',0),(812,12,12,12,'1981-12-06 11:35:06','1997-05-08 08:00:20',0),(813,13,13,13,'2001-08-29 04:26:09','2009-05-10 22:49:39',0),(814,14,14,14,'1979-11-24 19:45:39','2008-01-04 04:03:00',0),(815,15,15,15,'1996-10-12 14:47:47','2014-09-28 04:06:18',0),(816,16,16,16,'2008-01-31 08:30:55','1990-07-27 00:43:01',0),(817,17,17,17,'1990-11-22 23:17:42','1981-11-20 04:03:09',0),(818,18,18,18,'1995-06-01 08:06:37','1979-02-16 18:17:08',0),(819,19,19,19,'1999-01-11 13:59:33','2012-06-09 05:59:37',0),(820,20,20,20,'1980-08-15 03:24:15','1989-01-31 04:19:57',0),(821,21,21,21,'1998-05-21 12:01:30','2017-04-27 18:54:09',0),(822,22,22,22,'2007-12-03 23:02:10','1995-05-23 07:59:52',0),(823,23,23,23,'2000-09-14 11:13:23','1989-10-02 02:00:55',0),(824,24,24,24,'2002-02-03 08:11:45','2016-12-10 19:14:58',0),(825,25,25,25,'1973-12-23 04:06:30','1989-02-06 02:11:06',0),(826,26,26,26,'1998-07-11 20:16:49','1994-03-22 08:37:23',0),(827,27,27,27,'2004-12-13 09:00:02','2016-12-30 05:18:39',0),(828,28,28,28,'1983-10-20 13:06:05','2004-01-04 12:44:22',0),(829,29,29,29,'2009-01-19 03:28:23','1977-08-14 14:20:35',0),(830,30,30,30,'1985-10-24 02:29:06','2014-02-12 21:24:44',0),(831,31,31,31,'2003-09-24 15:09:41','1997-05-07 01:21:39',0),(832,32,32,32,'1988-03-15 21:32:57','1986-03-16 23:50:35',0),(833,33,33,33,'1999-07-20 12:29:37','1991-04-27 10:30:25',0),(834,34,34,34,'1990-07-31 19:13:35','2005-12-30 20:26:41',0),(835,35,35,35,'1980-06-16 21:35:19','1984-03-17 18:53:58',0),(836,36,36,36,'2016-08-21 04:45:49','1987-05-13 23:00:20',0),(837,37,37,37,'2007-09-25 05:46:51','2019-09-06 15:15:27',0),(838,38,38,38,'1980-09-18 06:09:19','1999-11-02 18:50:37',0),(839,39,39,39,'2005-08-09 13:15:26','2005-11-14 18:52:39',0),(840,40,40,40,'2001-08-12 13:40:50','1996-11-16 19:40:14',0),(841,41,41,41,'1970-01-26 06:00:49','1976-09-20 02:34:24',0),(842,42,42,42,'2004-09-14 03:33:12','1984-04-19 07:41:57',0),(843,43,43,43,'1974-06-23 06:47:44','1993-05-08 04:20:41',0),(844,44,44,44,'1984-09-21 11:52:52','1981-01-22 19:02:00',0),(845,45,45,45,'1979-11-07 12:20:11','2001-06-20 12:25:17',0),(846,46,46,46,'1998-11-08 07:15:05','2005-09-18 09:08:09',0),(847,47,47,47,'2002-08-08 21:26:36','2001-03-01 10:22:17',0),(848,48,48,48,'1991-02-21 10:26:30','1985-08-30 06:33:21',0),(849,49,49,49,'2015-07-03 16:28:22','1981-03-13 02:53:04',0),(850,50,50,50,'2018-05-19 08:24:00','1981-05-31 18:12:32',0),(851,51,51,51,'2018-02-09 17:53:18','2018-07-30 17:04:44',0),(852,52,52,52,'2006-09-05 23:01:04','1970-03-20 22:53:20',0),(853,53,53,53,'1974-11-17 09:05:23','1977-04-26 12:38:24',0),(854,54,54,54,'2003-07-25 05:43:48','2013-02-18 17:59:57',0),(855,55,55,55,'2000-04-28 17:49:57','1990-11-09 00:23:28',0),(856,56,56,56,'2010-02-26 02:32:06','2005-10-12 00:37:19',0),(857,57,57,57,'1998-07-12 18:43:27','1999-05-20 04:27:44',0),(858,58,58,58,'1990-06-12 10:44:22','1987-11-22 15:07:01',0),(859,59,59,59,'1971-07-23 02:01:05','1988-04-30 02:35:32',0),(860,60,60,60,'1989-05-02 17:04:50','2003-11-10 16:08:38',0),(861,61,61,61,'2010-11-09 18:55:52','1975-11-13 02:42:59',0),(862,62,62,62,'1978-01-13 06:15:50','1999-01-25 03:06:13',0),(863,63,63,63,'1993-01-04 08:11:17','1996-02-28 03:34:08',0),(864,64,64,64,'2009-08-08 09:28:40','1981-10-13 23:19:05',0),(865,65,65,65,'1994-12-21 03:44:07','1978-05-20 21:25:29',0),(866,66,66,66,'1994-07-12 13:09:18','2014-04-25 07:20:27',0),(867,67,67,67,'2017-03-12 07:44:41','1975-08-21 11:09:09',0),(868,68,68,68,'2013-12-25 13:45:59','2006-05-30 18:35:25',0),(869,69,69,69,'2009-07-17 07:13:51','1982-05-29 18:24:08',0),(870,70,70,70,'2007-05-12 17:03:22','2018-10-16 02:39:25',0),(871,71,71,71,'2005-06-26 03:50:11','1976-08-09 08:18:36',0),(872,72,72,72,'1974-09-17 08:35:16','1980-10-26 00:39:31',0),(873,73,73,73,'1983-06-17 00:01:23','1996-04-07 01:28:24',0),(874,74,74,74,'2012-11-16 14:34:44','1986-12-22 14:18:54',0),(875,75,75,75,'1993-07-26 23:34:23','1996-03-15 09:45:40',0),(876,76,76,76,'1970-03-17 00:28:19','1974-06-14 12:03:53',0),(877,77,77,77,'2017-10-12 01:46:42','1980-04-01 01:59:30',0),(878,78,78,78,'2006-06-26 23:24:04','2013-07-19 12:23:36',0),(879,79,79,79,'2006-05-11 12:41:35','1985-12-10 11:28:35',0),(880,80,80,80,'1978-12-05 15:44:02','2004-08-14 09:52:07',0),(881,81,81,81,'2015-08-02 02:07:50','1984-05-04 16:13:56',0),(882,82,82,82,'1978-10-26 21:28:07','1978-12-15 18:25:21',0),(883,83,83,83,'1991-10-23 03:01:55','1975-01-17 09:39:17',0),(884,84,84,84,'1982-06-21 13:43:28','2010-04-15 06:29:03',0),(885,85,85,85,'1973-01-19 15:37:54','2008-11-28 05:09:23',0),(886,86,86,86,'1975-01-22 11:16:47','2019-02-28 03:56:52',0),(887,87,87,87,'2005-02-19 07:39:44','2017-10-09 09:55:14',0),(888,88,88,88,'1981-04-20 00:03:56','1984-08-09 21:54:48',0),(889,89,89,89,'1990-09-25 07:36:07','1976-05-01 00:22:21',0),(890,90,90,90,'2002-11-20 00:52:52','1977-02-19 15:04:09',0),(891,91,91,91,'1989-11-24 08:48:16','1998-10-25 22:18:17',0),(892,92,92,92,'1986-06-08 05:41:40','1975-03-23 11:49:41',0),(893,93,93,93,'1986-12-24 23:51:00','1997-11-13 22:58:41',0),(894,94,94,94,'1989-07-14 13:56:30','1999-03-30 22:42:10',0),(895,95,95,95,'2009-07-21 14:06:05','1996-03-10 10:12:25',0),(896,96,96,96,'2003-07-04 08:33:12','2008-01-01 21:04:19',0),(897,97,97,97,'2014-06-28 04:17:13','1992-02-24 12:18:59',0),(898,98,98,98,'1981-08-26 07:13:19','2004-06-20 16:50:23',0),(899,99,99,99,'1970-10-24 23:09:53','1971-04-18 01:47:57',0),(900,100,100,100,'2016-04-11 12:38:00','1998-01-03 22:00:03',0),(901,1,1,1,'1980-01-13 21:15:49','1972-12-28 21:34:27',0),(902,2,2,2,'2008-06-18 23:47:23','2008-08-21 21:19:43',0),(903,3,3,3,'2006-02-09 06:18:05','1976-11-26 23:44:32',0),(904,4,4,4,'1975-06-24 01:35:14','2002-03-10 18:57:53',0),(905,5,5,5,'1991-09-06 05:06:52','1992-03-16 23:18:08',0),(906,6,6,6,'2016-05-22 13:48:30','2010-07-15 02:33:23',0),(907,7,7,7,'1983-08-24 02:31:18','1999-02-24 15:07:20',0),(908,8,8,8,'2016-02-21 01:04:44','2007-10-01 11:18:02',0),(909,9,9,9,'1997-06-18 13:07:28','1972-05-05 07:38:06',0),(910,10,10,10,'1975-09-12 23:04:56','1991-03-02 05:38:32',0),(911,11,11,11,'1973-04-18 08:32:52','1987-09-16 09:19:06',0),(912,12,12,12,'1980-05-20 09:38:45','2015-10-16 21:39:26',0),(913,13,13,13,'1995-04-06 05:59:03','1998-01-18 16:36:59',0),(914,14,14,14,'1986-06-11 10:58:00','1976-08-29 07:36:53',0),(915,15,15,15,'2003-06-24 23:29:48','2014-08-23 05:26:49',0),(916,16,16,16,'2003-12-05 22:24:40','1972-10-17 05:24:08',0),(917,17,17,17,'2016-12-13 06:36:25','1995-11-26 19:17:00',0),(918,18,18,18,'2012-04-15 19:04:00','1979-10-11 16:16:52',0),(919,19,19,19,'1986-11-05 19:55:37','2002-02-11 20:27:00',0),(920,20,20,20,'1975-10-27 05:02:27','1982-03-12 17:01:52',0),(921,21,21,21,'1980-09-11 02:25:00','1979-02-13 03:31:08',0),(922,22,22,22,'1974-07-06 01:06:25','2018-04-19 15:21:52',0),(923,23,23,23,'2010-04-06 09:34:06','2004-08-16 23:06:30',0),(924,24,24,24,'1998-04-30 11:30:19','1980-11-04 03:53:41',0),(925,25,25,25,'1974-03-06 20:14:42','1983-08-28 17:25:39',0),(926,26,26,26,'1996-03-08 16:36:20','2017-07-28 15:02:51',0),(927,27,27,27,'2010-03-20 17:48:20','2005-12-07 09:49:14',0),(928,28,28,28,'1980-02-28 13:41:03','2012-10-03 07:55:56',0),(929,29,29,29,'1975-02-24 13:51:50','1990-09-01 10:39:45',0),(930,30,30,30,'2016-10-01 11:24:47','1975-03-20 00:30:31',0),(931,31,31,31,'2011-09-20 10:48:39','2011-05-22 08:33:16',0),(932,32,32,32,'2007-04-02 22:33:05','1976-08-28 04:20:44',0),(933,33,33,33,'2007-05-23 19:02:16','1998-10-02 09:52:04',0),(934,34,34,34,'2008-10-13 15:51:57','1973-05-04 14:25:44',0),(935,35,35,35,'2002-10-10 09:34:05','2005-09-22 19:54:10',0),(936,36,36,36,'1973-11-08 03:59:46','1986-07-25 01:05:30',0),(937,37,37,37,'1973-09-03 16:38:39','1980-11-26 22:04:33',0),(938,38,38,38,'2014-10-11 08:33:29','1999-09-13 04:49:07',0),(939,39,39,39,'2017-10-27 01:29:52','1970-02-05 13:19:19',0),(940,40,40,40,'1995-07-17 18:25:35','1975-11-03 15:32:00',0),(941,41,41,41,'2004-12-23 11:33:37','1986-07-28 21:24:53',0),(942,42,42,42,'1978-08-13 07:16:34','2002-03-20 07:39:08',0),(943,43,43,43,'2010-01-21 07:16:52','1990-09-04 12:11:10',0),(944,44,44,44,'1974-11-07 17:30:57','1992-12-15 18:11:11',0),(945,45,45,45,'1975-05-03 11:09:44','2019-02-08 02:44:53',0),(946,46,46,46,'2019-04-25 13:56:30','1978-03-30 11:00:43',0),(947,47,47,47,'2010-01-16 12:50:36','1971-08-23 16:12:35',0),(948,48,48,48,'2018-01-02 01:29:42','1986-11-02 11:30:19',0),(949,49,49,49,'1990-05-28 11:50:48','1982-07-02 13:22:59',0),(950,50,50,50,'1974-07-20 03:01:05','2004-05-31 00:13:38',0),(951,51,51,51,'2009-02-25 07:34:20','2006-12-26 11:26:47',0),(952,52,52,52,'1991-04-24 08:46:45','1992-09-16 21:31:33',0),(953,53,53,53,'2017-04-27 07:41:17','1991-11-15 22:04:23',0),(954,54,54,54,'2019-01-30 14:33:58','2000-02-10 11:59:42',0),(955,55,55,55,'2015-01-15 01:19:52','1973-06-15 09:00:09',0),(956,56,56,56,'1973-03-10 21:13:30','1988-04-14 21:42:49',0),(957,57,57,57,'1981-02-04 00:20:47','1997-08-22 23:52:47',0),(958,58,58,58,'2003-05-07 13:23:26','2016-04-07 22:36:13',0),(959,59,59,59,'2017-09-05 06:13:46','1981-01-09 22:37:59',0),(960,60,60,60,'1978-04-13 13:04:56','1982-10-16 11:47:51',0),(961,61,61,61,'1998-09-20 15:34:01','2009-12-29 04:58:21',0),(962,62,62,62,'2017-03-14 06:35:19','1992-06-14 10:56:52',0),(963,63,63,63,'1983-02-05 07:24:30','1996-11-05 06:42:27',0),(964,64,64,64,'2002-09-20 14:46:12','2017-07-17 20:58:35',0),(965,65,65,65,'1993-02-16 22:39:41','2008-05-24 05:27:50',0),(966,66,66,66,'2011-08-31 12:44:45','1976-02-23 02:17:54',0),(967,67,67,67,'2010-04-05 05:40:11','1988-02-27 18:33:50',0),(968,68,68,68,'2012-10-22 13:50:04','2009-02-15 00:37:48',0),(969,69,69,69,'1982-03-09 12:58:23','1992-01-30 12:44:54',0),(970,70,70,70,'2012-04-29 13:24:44','1971-03-23 00:30:17',0),(971,71,71,71,'1990-10-08 12:22:10','1993-12-27 10:54:51',0),(972,72,72,72,'1976-01-27 21:34:30','1983-04-30 00:47:29',0),(973,73,73,73,'1994-01-09 12:58:54','1990-02-11 10:34:24',0),(974,74,74,74,'1978-05-20 13:36:44','1980-08-10 09:03:31',0),(975,75,75,75,'1980-05-15 10:33:28','1987-03-04 07:09:23',0),(976,76,76,76,'1994-03-10 23:28:14','1974-10-14 05:37:01',0),(977,77,77,77,'2016-01-20 14:06:47','1974-04-02 15:33:05',0),(978,78,78,78,'2000-09-26 10:53:16','1985-11-18 08:10:45',0),(979,79,79,79,'2002-05-21 07:00:53','2009-11-27 01:22:28',0),(980,80,80,80,'1994-11-25 03:59:36','2003-01-15 15:12:32',0),(981,81,81,81,'2010-07-10 14:31:58','2017-06-30 15:09:20',0),(982,82,82,82,'2004-03-06 16:30:03','1989-09-11 21:43:27',0),(983,83,83,83,'1986-04-08 01:38:19','1996-09-18 05:03:42',0),(984,84,84,84,'1985-04-14 05:59:53','1971-04-25 21:49:05',0),(985,85,85,85,'2014-10-30 10:43:08','2014-03-02 06:08:06',0),(986,86,86,86,'2007-05-22 10:31:26','2002-01-11 10:07:59',0),(987,87,87,87,'2009-04-07 05:53:18','2008-07-05 08:50:37',0),(988,88,88,88,'1993-05-04 19:20:45','1996-11-24 14:56:03',0),(989,89,89,89,'1998-10-27 09:47:53','1992-01-17 08:49:01',0),(990,90,90,90,'2015-09-05 14:15:10','1974-03-24 18:29:10',0),(991,91,91,91,'2004-06-01 21:56:31','2010-12-22 20:12:51',0),(992,92,92,92,'2014-06-25 05:05:17','2001-12-19 13:53:10',0),(993,93,93,93,'2001-11-15 03:07:22','2006-04-01 06:48:47',0),(994,94,94,94,'2000-11-22 04:54:27','1978-06-09 08:46:19',0),(995,95,95,95,'2009-04-03 00:33:28','2005-11-26 00:58:33',0),(996,96,96,96,'2007-11-01 03:00:33','1998-12-15 23:27:10',0),(997,97,97,97,'1978-05-24 17:53:24','1978-01-10 11:05:47',0),(998,98,98,98,'1980-04-24 19:37:21','2017-04-28 12:20:37',0),(999,99,99,99,'1988-10-25 02:06:29','1987-03-22 21:28:15',0),(1000,100,100,100,'2004-05-30 07:16:57','1982-11-23 12:54:41',0);
/*!40000 ALTER TABLE `bookings` ENABLE KEYS */;
UNLOCK TABLES;

--
-- Table structure for table `citys`
--

DROP TABLE IF EXISTS `citys`;
/*!40101 SET @saved_cs_client     = @@character_set_client */;
/*!50503 SET character_set_client = utf8mb4 */;
CREATE TABLE `citys` (
  `id` int(11) NOT NULL AUTO_INCREMENT,
  `name` varchar(150) NOT NULL,
  `descr` varchar(100) DEFAULT NULL,
  PRIMARY KEY (`id`),
  KEY `citys_IDX1` (`id`)
) ENGINE=InnoDB AUTO_INCREMENT=101 DEFAULT CHARSET=utf8mb4 COLLATE=utf8mb4_0900_ai_ci;
/*!40101 SET character_set_client = @saved_cs_client */;

--
-- Dumping data for table `citys`
--

LOCK TABLES `citys` WRITE;
/*!40000 ALTER TABLE `citys` DISABLE KEYS */;
INSERT INTO `citys` VALUES (1,'Wisconsin',NULL),(2,'Ohio',NULL),(3,'Texas',NULL),(4,'Hawaii',NULL),(5,'Ohio',NULL),(6,'Alabama',NULL),(7,'Wyoming',NULL),(8,'Nebraska',NULL),(9,'Arizona',NULL),(10,'Iowa',NULL),(11,'NewMexico',NULL),(12,'Arizona',NULL),(13,'Wyoming',NULL),(14,'Wyoming',NULL),(15,'Ohio',NULL),(16,'Alabama',NULL),(17,'Illinois',NULL),(18,'Oregon',NULL),(19,'Texas',NULL),(20,'Georgia',NULL),(21,'Utah',NULL),(22,'Missouri',NULL),(23,'NewYork',NULL),(24,'Massachusetts',NULL),(25,'Oklahoma',NULL),(26,'Montana',NULL),(27,'Maine',NULL),(28,'SouthDakota',NULL),(29,'Illinois',NULL),(30,'Hawaii',NULL),(31,'Nebraska',NULL),(32,'Pennsylvania',NULL),(33,'Alaska',NULL),(34,'Arizona',NULL),(35,'Massachusetts',NULL),(36,'WestVirginia',NULL),(37,'Delaware',NULL),(38,'Hawaii',NULL),(39,'Georgia',NULL),(40,'NewHampshire',NULL),(41,'Hawaii',NULL),(42,'District of Columbia',NULL),(43,'Indiana',NULL),(44,'Montana',NULL),(45,'Iowa',NULL),(46,'NewMexico',NULL),(47,'Missouri',NULL),(48,'Hawaii',NULL),(49,'Washington',NULL),(50,'NorthDakota',NULL),(51,'Wyoming',NULL),(52,'Delaware',NULL),(53,'Iowa',NULL),(54,'Georgia',NULL),(55,'Washington',NULL),(56,'Alaska',NULL),(57,'Texas',NULL),(58,'SouthCarolina',NULL),(59,'Massachusetts',NULL),(60,'Wyoming',NULL),(61,'Maine',NULL),(62,'Massachusetts',NULL),(63,'Maryland',NULL),(64,'Hawaii',NULL),(65,'Maryland',NULL),(66,'Minnesota',NULL),(67,'Hawaii',NULL),(68,'Virginia',NULL),(69,'NorthCarolina',NULL),(70,'Maine',NULL),(71,'Georgia',NULL),(72,'NewHampshire',NULL),(73,'SouthDakota',NULL),(74,'Hawaii',NULL),(75,'Maine',NULL),(76,'Maryland',NULL),(77,'Maryland',NULL),(78,'Kentucky',NULL),(79,'California',NULL),(80,'SouthCarolina',NULL),(81,'RhodeIsland',NULL),(82,'NorthDakota',NULL),(83,'Idaho',NULL),(84,'Vermont',NULL),(85,'Wisconsin',NULL),(86,'Maryland',NULL),(87,'Virginia',NULL),(88,'Wyoming',NULL),(89,'Mississippi',NULL),(90,'Indiana',NULL),(91,'NorthDakota',NULL),(92,'Hawaii',NULL),(93,'Michigan',NULL),(94,'Maryland',NULL),(95,'District of Columbia',NULL),(96,'Indiana',NULL),(97,'NewMexico',NULL),(98,'Montana',NULL),(99,'NorthDakota',NULL),(100,'Arkansas',NULL);
/*!40000 ALTER TABLE `citys` ENABLE KEYS */;
UNLOCK TABLES;

--
-- Table structure for table `clients`
--

DROP TABLE IF EXISTS `clients`;
/*!40101 SET @saved_cs_client     = @@character_set_client */;
/*!50503 SET character_set_client = utf8mb4 */;
CREATE TABLE `clients` (
  `id` int(11) NOT NULL,
  `name` varchar(150) NOT NULL,
  `sex` int(1) NOT NULL,
  PRIMARY KEY (`id`)
) ENGINE=InnoDB DEFAULT CHARSET=utf8mb4 COLLATE=utf8mb4_0900_ai_ci COMMENT='Клиенты';
/*!40101 SET character_set_client = @saved_cs_client */;

--
-- Dumping data for table `clients`
--

LOCK TABLES `clients` WRITE;
/*!40000 ALTER TABLE `clients` DISABLE KEYS */;
INSERT INTO `clients` VALUES (1,'Kyler Hoeger',0),(2,'Lily Pagac',0),(3,'Emanuel Bartoletti I',0),(4,'Hope Jenkins',0),(5,'Maeve McGlynn II',0),(6,'Odessa Nicolas',0),(7,'Forest Langworth IV',0),(8,'Bria Stracke',0),(9,'Mr. Darrick Murazik',0),(10,'Jovan Corwin',0),(11,'Malcolm Koch',0),(12,'Lizeth Lubowitz',0),(13,'Darlene Schaefer',0),(14,'Felix Morissette',0),(15,'Pink Mayert',0),(16,'Brenna Nicolas',0),(17,'Miss Esmeralda Kerluke II',0),(18,'Duane Klocko',0),(19,'Shawn Bins',0),(20,'Carleton Smitham',0),(21,'Devonte Kuhlman',0),(22,'Jeffery Osinski',0),(23,'Prof. Lonny Funk',0),(24,'Nick Treutel',0),(25,'Prof. Nina Gaylord',0),(26,'Miss Susie Nikolaus',0),(27,'Charley Dach',0),(28,'Schuyler Harris',0),(29,'Mrs. Maida Harvey',0),(30,'Jalyn Dickens',0),(31,'Cayla Barrows',0),(32,'Maritza Rippin',0),(33,'Ray Lakin',0),(34,'Allie Kuhic',0),(35,'Trenton Wolf IV',0),(36,'Kaley Labadie',0),(37,'Theo Schuster',0),(38,'Ms. Alvena Waelchi DVM',0),(39,'Quentin Quitzon',0),(40,'Maiya Halvorson',0),(41,'Cyril Turner',0),(42,'Beaulah Lowe DDS',0),(43,'Dorcas Wilkinson',0),(44,'Antoinette Durgan',0),(45,'Lance Bins',0),(46,'Ms. Thalia Lesch',0),(47,'Rylee Vandervort Sr.',0),(48,'Miss Jody Boyer DVM',0),(49,'Maxine Langworth',0),(50,'Francesco Schumm',0),(51,'Janick Powlowski IV',0),(52,'Nya Altenwerth',0),(53,'Kyra Goodwin',0),(54,'Oleta Waelchi',0),(55,'Pansy Will',0),(56,'Terrance Schiller',0),(57,'Elisha Boyle DDS',0),(58,'Glenda Roberts',0),(59,'Benedict Osinski',0),(60,'Ron Gusikowski',0),(61,'Mrs. Carolanne Sawayn',0),(62,'Victor Dare',0),(63,'Eliane Lubowitz',0),(64,'Abdullah Cummings',0),(65,'Prof. Citlalli Kuphal',0),(66,'Dereck Kassulke DDS',0),(67,'Clint Pfeffer',0),(68,'Stephany Zulauf',0),(69,'Monica Muller',0),(70,'Jerel Pagac',0),(71,'Jamal Nicolas',0),(72,'Imogene Ruecker',0),(73,'Maximillia Hauck',0),(74,'Damaris Parker',0),(75,'Jack Torphy',0),(76,'Clementine Lockman',0),(77,'Maxine Gutkowski',0),(78,'Lourdes Torphy',0),(79,'Demarcus Rippin',0),(80,'Dr. Casper Herzog MD',0),(81,'Reginald Blanda',0),(82,'Cleveland Bechtelar MD',0),(83,'Woodrow Nader Sr.',0),(84,'Maxime Dickinson',0),(85,'Thea Wilkinson',0),(86,'Felicita O\'Kon',0),(87,'Prof. Noe Labadie',0),(88,'Elyssa Collins',0),(89,'Courtney Bayer',0),(90,'Bailey Stamm',0),(91,'Laurel Rosenbaum',0),(92,'Cleve Senger',0),(93,'Prof. Austen Koch',0),(94,'Miss Leonor Upton',0),(95,'Amiya Wyman',0),(96,'Dell Zemlak',0),(97,'Carolyne Herman',0),(98,'Citlalli Franecki',0),(99,'Gabriella McGlynn',0),(100,'Dr. Ezekiel Moore',0);
/*!40000 ALTER TABLE `clients` ENABLE KEYS */;
UNLOCK TABLES;

--
-- Table structure for table `currency`
--

DROP TABLE IF EXISTS `currency`;
/*!40101 SET @saved_cs_client     = @@character_set_client */;
/*!50503 SET character_set_client = utf8mb4 */;
CREATE TABLE `currency` (
  `id` int(4) NOT NULL AUTO_INCREMENT,
  `name` varchar(150) NOT NULL,
  `descr` varchar(150) NOT NULL,
  `multiplicity` decimal(10,3) DEFAULT NULL,
  PRIMARY KEY (`id`)
) ENGINE=InnoDB AUTO_INCREMENT=4 DEFAULT CHARSET=utf8mb4 COLLATE=utf8mb4_0900_ai_ci;
/*!40101 SET character_set_client = @saved_cs_client */;

--
-- Dumping data for table `currency`
--

LOCK TABLES `currency` WRITE;
/*!40000 ALTER TABLE `currency` DISABLE KEYS */;
INSERT INTO `currency` VALUES (1,'rub','',NULL),(2,'usd','',NULL),(3,'eur','',NULL);
/*!40000 ALTER TABLE `currency` ENABLE KEYS */;
UNLOCK TABLES;

--
-- Table structure for table `exchange`
--

DROP TABLE IF EXISTS `exchange`;
/*!40101 SET @saved_cs_client     = @@character_set_client */;
/*!50503 SET character_set_client = utf8mb4 */;
CREATE TABLE `exchange` (
  `currency_id` int(4) NOT NULL,
  `currency_base_id` int(4) NOT NULL,
  `date` datetime NOT NULL,
  `value` decimal(10,3) DEFAULT NULL,
  PRIMARY KEY (`currency_id`,`currency_base_id`,`date`),
  KEY `exchange_fk2` (`currency_base_id`),
  CONSTRAINT `exchange_fk` FOREIGN KEY (`currency_id`) REFERENCES `currency` (`id`),
  CONSTRAINT `exchange_fk2` FOREIGN KEY (`currency_base_id`) REFERENCES `currency` (`id`)
) ENGINE=InnoDB DEFAULT CHARSET=utf8mb4 COLLATE=utf8mb4_0900_ai_ci;
/*!40101 SET character_set_client = @saved_cs_client */;

--
-- Dumping data for table `exchange`
--

LOCK TABLES `exchange` WRITE;
/*!40000 ALTER TABLE `exchange` DISABLE KEYS */;
INSERT INTO `exchange` VALUES (1,1,'1973-04-24 07:42:40',NULL),(1,1,'1973-06-26 08:29:59',NULL),(1,1,'1976-02-17 13:50:06',NULL),(1,1,'1976-05-25 13:57:11',NULL),(1,1,'1977-12-21 07:53:24',NULL),(1,1,'1979-06-29 00:28:20',NULL),(1,1,'1980-09-13 11:14:03',NULL),(1,1,'1980-10-25 18:00:45',NULL),(1,1,'1980-11-11 03:56:13',NULL),(1,1,'1983-11-26 12:38:19',NULL),(1,1,'1984-05-05 02:32:44',NULL),(1,1,'1985-07-05 00:14:04',NULL),(1,1,'1995-06-04 23:52:09',NULL),(1,1,'1999-01-22 03:32:31',NULL),(1,1,'2000-07-17 08:33:54',NULL),(1,1,'2001-02-19 07:43:34',NULL),(1,1,'2001-06-22 20:10:00',NULL),(1,1,'2001-09-06 01:43:47',NULL),(1,1,'2001-09-08 03:42:20',NULL),(1,1,'2002-08-27 11:06:48',NULL),(1,1,'2003-01-26 22:33:17',NULL),(1,1,'2004-02-14 20:15:59',NULL),(1,1,'2004-11-13 13:53:10',NULL),(1,1,'2006-06-05 15:38:42',NULL),(1,1,'2007-08-01 22:41:08',NULL),(1,1,'2007-08-23 11:06:13',NULL),(1,1,'2011-06-16 17:45:38',NULL),(1,1,'2011-12-17 00:41:29',NULL),(1,1,'2012-03-24 14:01:24',NULL),(1,1,'2012-05-30 17:50:15',NULL),(1,1,'2014-04-14 14:38:15',NULL),(1,1,'2015-04-23 23:11:38',NULL),(1,1,'2017-09-09 08:29:15',NULL),(1,1,'2018-02-04 12:56:11',NULL),(2,2,'1972-11-21 17:45:42',NULL),(2,2,'1973-08-01 16:04:31',NULL),(2,2,'1974-01-02 10:14:18',NULL),(2,2,'1976-08-04 02:07:02',NULL),(2,2,'1978-04-14 04:18:18',NULL),(2,2,'1978-06-19 06:49:14',NULL),(2,2,'1983-03-28 11:02:33',NULL),(2,2,'1985-09-23 04:52:21',NULL),(2,2,'1986-11-27 15:26:52',NULL),(2,2,'1987-02-08 16:23:17',NULL),(2,2,'1987-08-22 07:17:09',NULL),(2,2,'1988-02-02 18:29:55',NULL),(2,2,'1989-09-20 22:00:32',NULL),(2,2,'1989-09-24 14:56:14',NULL),(2,2,'1991-05-26 09:03:13',NULL),(2,2,'1991-09-18 13:29:44',NULL),(2,2,'1994-02-16 16:18:27',NULL),(2,2,'1995-08-29 08:00:58',NULL),(2,2,'1996-11-18 00:58:29',NULL),(2,2,'2000-03-17 12:19:17',NULL),(2,2,'2001-09-29 08:41:50',NULL),(2,2,'2001-10-21 05:42:27',NULL),(2,2,'2002-11-08 08:38:29',NULL),(2,2,'2003-09-25 13:27:51',NULL),(2,2,'2004-11-01 11:25:33',NULL),(2,2,'2006-09-23 02:24:03',NULL),(2,2,'2007-08-12 18:08:34',NULL),(2,2,'2008-01-13 05:23:41',NULL),(2,2,'2008-07-27 02:55:48',NULL),(2,2,'2008-10-16 21:44:37',NULL),(2,2,'2009-09-22 06:54:25',NULL),(2,2,'2010-02-17 18:18:48',NULL),(2,2,'2017-05-27 06:37:58',NULL),(3,3,'1971-12-23 04:46:06',NULL),(3,3,'1976-03-14 13:25:21',NULL),(3,3,'1976-04-01 05:57:11',NULL),(3,3,'1976-12-21 11:36:02',NULL),(3,3,'1978-03-08 16:16:14',NULL),(3,3,'1984-09-20 22:44:28',NULL),(3,3,'1985-04-24 14:32:47',NULL),(3,3,'1985-06-07 07:40:15',NULL),(3,3,'1986-01-28 18:06:48',NULL),(3,3,'1987-01-05 19:12:02',NULL),(3,3,'1987-05-23 01:42:30',NULL),(3,3,'1991-08-30 03:04:53',NULL),(3,3,'1992-08-02 19:03:02',NULL),(3,3,'1996-06-16 14:59:25',NULL),(3,3,'1997-02-14 07:02:43',NULL),(3,3,'1998-05-05 08:35:06',NULL),(3,3,'1998-07-08 07:31:26',NULL),(3,3,'2001-07-04 14:32:07',NULL),(3,3,'2003-05-05 10:24:16',NULL),(3,3,'2004-10-08 20:25:31',NULL),(3,3,'2004-11-28 03:01:26',NULL),(3,3,'2006-05-19 19:39:45',NULL),(3,3,'2006-09-29 13:03:48',NULL),(3,3,'2008-11-17 05:39:12',NULL),(3,3,'2008-11-26 00:39:46',NULL),(3,3,'2011-01-14 14:19:36',NULL),(3,3,'2011-04-21 23:08:17',NULL),(3,3,'2013-09-30 07:18:06',NULL),(3,3,'2014-10-21 08:39:29',NULL),(3,3,'2015-12-31 21:41:10',NULL),(3,3,'2017-06-12 18:18:27',NULL),(3,3,'2017-09-27 11:32:33',NULL),(3,3,'2019-02-16 03:44:17',NULL);
/*!40000 ALTER TABLE `exchange` ENABLE KEYS */;
UNLOCK TABLES;

--
-- Table structure for table `fotos`
--

DROP TABLE IF EXISTS `fotos`;
/*!40101 SET @saved_cs_client     = @@character_set_client */;
/*!50503 SET character_set_client = utf8mb4 */;
CREATE TABLE `fotos` (
  `id` int(11) NOT NULL AUTO_INCREMENT,
  `hotel_id` int(10) NOT NULL,
  `path_size1` varchar(1024) NOT NULL,
  `path_size2` varchar(1024) NOT NULL,
  `path_size_hd` varchar(1024) NOT NULL,
  PRIMARY KEY (`id`),
  KEY `fotos_fk` (`hotel_id`),
  CONSTRAINT `fotos_fk` FOREIGN KEY (`hotel_id`) REFERENCES `hotels` (`id`)
) ENGINE=InnoDB AUTO_INCREMENT=101 DEFAULT CHARSET=utf8mb4 COLLATE=utf8mb4_0900_ai_ci COMMENT='Фото';
/*!40101 SET character_set_client = @saved_cs_client */;

--
-- Dumping data for table `fotos`
--

LOCK TABLES `fotos` WRITE;
/*!40000 ALTER TABLE `fotos` DISABLE KEYS */;
INSERT INTO `fotos` VALUES (1,1,'http://lorempixel.com/640/480/','http://lorempixel.com/640/480/','/b57877fca580f1a7c9093c1beacd06a9.jpg'),(2,2,'http://lorempixel.com/640/480/','http://lorempixel.com/640/480/','/17804836ec7e0726d3a6b194a6cf0dd7.jpg'),(3,3,'http://lorempixel.com/640/480/','http://lorempixel.com/640/480/','/24cff08642219052307b8209456ae979.jpg'),(4,4,'http://lorempixel.com/640/480/','http://lorempixel.com/640/480/','/5a4b1bda0e6ed7988ddf221ab43e76b4.jpg'),(5,5,'http://lorempixel.com/640/480/','http://lorempixel.com/640/480/','/fbf66ceffc1966f673f07ca6f8d7e95f.jpg'),(6,6,'http://lorempixel.com/640/480/','http://lorempixel.com/640/480/','/775317e7b12b51d5d423beda08e1c5a3.jpg'),(7,7,'http://lorempixel.com/640/480/','http://lorempixel.com/640/480/','/6c1067d91e1063cc0e8ea88fa597b4f2.jpg'),(8,8,'http://lorempixel.com/640/480/','http://lorempixel.com/640/480/','/f80ee4c2b10088e1a17cfc04e34caac8.jpg'),(9,9,'http://lorempixel.com/640/480/','http://lorempixel.com/640/480/','/343786fcffb061cc9af9ec2bc94137f1.jpg'),(10,10,'http://lorempixel.com/640/480/','http://lorempixel.com/640/480/','/478df62daeb2a2b2d44f57feb4d4dd11.jpg'),(11,11,'http://lorempixel.com/640/480/','http://lorempixel.com/640/480/','/902511c297d26d95f327c589b6342be0.jpg'),(12,12,'http://lorempixel.com/640/480/','http://lorempixel.com/640/480/','/b4ea959e28c93adfa93f16406ca9cf7c.jpg'),(13,13,'http://lorempixel.com/640/480/','http://lorempixel.com/640/480/','/5cc228021f9a9d9c99ce7324ced6d600.jpg'),(14,14,'http://lorempixel.com/640/480/','http://lorempixel.com/640/480/','/d641499626d1a7ad8ed5a26add59b61a.jpg'),(15,15,'http://lorempixel.com/640/480/','http://lorempixel.com/640/480/','/ad0fed391faba8ee7e3375f2269cd739.jpg'),(16,16,'http://lorempixel.com/640/480/','http://lorempixel.com/640/480/','/64e01f5807b494894e4d52ef2293d031.jpg'),(17,17,'http://lorempixel.com/640/480/','http://lorempixel.com/640/480/','/92a4c69a181018275eb622b77751aa35.jpg'),(18,18,'http://lorempixel.com/640/480/','http://lorempixel.com/640/480/','/6565fc5dd5392e170d066d3b18469007.jpg'),(19,19,'http://lorempixel.com/640/480/','http://lorempixel.com/640/480/','/a15fb552746cc364e3ee257e088356cf.jpg'),(20,20,'http://lorempixel.com/640/480/','http://lorempixel.com/640/480/','/579aa476c8570dd8f8d439ba72c4e4f8.jpg'),(21,21,'http://lorempixel.com/640/480/','http://lorempixel.com/640/480/','/d39420bb36399d2d2d0cf32b2ccdff20.jpg'),(22,22,'http://lorempixel.com/640/480/','http://lorempixel.com/640/480/','/86649eb13fb9caac048bd66ba599d8db.jpg'),(23,23,'http://lorempixel.com/640/480/','http://lorempixel.com/640/480/','/855e7e53df5080658e6c6068f8228855.jpg'),(24,24,'http://lorempixel.com/640/480/','http://lorempixel.com/640/480/','/cef3ba7bf5b209cda67a242eaa37cdd9.jpg'),(25,25,'http://lorempixel.com/640/480/','http://lorempixel.com/640/480/','/58b97544223dd19b235c48a897167295.jpg'),(26,26,'http://lorempixel.com/640/480/','http://lorempixel.com/640/480/','/8f6c4e949d93d5597be7eee42b10ca7f.jpg'),(27,27,'http://lorempixel.com/640/480/','http://lorempixel.com/640/480/','/b675622062ac3716a288a847bd8d9008.jpg'),(28,28,'http://lorempixel.com/640/480/','http://lorempixel.com/640/480/','/e8070b7116092ba15c99a6a4312f11f2.jpg'),(29,29,'http://lorempixel.com/640/480/','http://lorempixel.com/640/480/','/53fa7838394607ee57ba2fddcb4a450e.jpg'),(30,30,'http://lorempixel.com/640/480/','http://lorempixel.com/640/480/','/5c3f01bc7d85d45df234c21584dc4093.jpg'),(31,31,'http://lorempixel.com/640/480/','http://lorempixel.com/640/480/','/2ed404ac41f8ba220d30da36da89eed9.jpg'),(32,32,'http://lorempixel.com/640/480/','http://lorempixel.com/640/480/','/fe7ff4a9154768097d98d1f774e84591.jpg'),(33,33,'http://lorempixel.com/640/480/','http://lorempixel.com/640/480/','/38b2f9536074c8f53bd94a23108d2596.jpg'),(34,34,'http://lorempixel.com/640/480/','http://lorempixel.com/640/480/','/54f2858d1354511fd4699c5886adbd12.jpg'),(35,35,'http://lorempixel.com/640/480/','http://lorempixel.com/640/480/','/44ceb05a88c1873874533b5255d41bb3.jpg'),(36,36,'http://lorempixel.com/640/480/','http://lorempixel.com/640/480/','/43ccb5e4618b9e7b3218b967a7c85492.jpg'),(37,37,'http://lorempixel.com/640/480/','http://lorempixel.com/640/480/','/b33e68dcdf417e609122b26a0d265241.jpg'),(38,38,'http://lorempixel.com/640/480/','http://lorempixel.com/640/480/','/bd02738c3c80ceb807c3cba32a1d3bdc.jpg'),(39,39,'http://lorempixel.com/640/480/','http://lorempixel.com/640/480/','/6e10f76131c1312b0967e375b8a45f69.jpg'),(40,40,'http://lorempixel.com/640/480/','http://lorempixel.com/640/480/','/8e077aef24c6b00b587809478aebbfcf.jpg'),(41,41,'http://lorempixel.com/640/480/','http://lorempixel.com/640/480/','/eee08cfbc3660475cc743f544869bbee.jpg'),(42,42,'http://lorempixel.com/640/480/','http://lorempixel.com/640/480/','/df6954ed9d5d817f9300fbdbcbbd6f76.jpg'),(43,43,'http://lorempixel.com/640/480/','http://lorempixel.com/640/480/','/75126cd37a46a406bed2c6036a97fc72.jpg'),(44,44,'http://lorempixel.com/640/480/','http://lorempixel.com/640/480/','/9b752913a7c1ae7eef2eb8240ebca33e.jpg'),(45,45,'http://lorempixel.com/640/480/','http://lorempixel.com/640/480/','/53e8c975df825d30b056aea7d457d908.jpg'),(46,46,'http://lorempixel.com/640/480/','http://lorempixel.com/640/480/','/d3ef0ba2177f9efae07745cdec62ce4f.jpg'),(47,47,'http://lorempixel.com/640/480/','http://lorempixel.com/640/480/','/6c08aced3d643527566f9acc47af5b6e.jpg'),(48,48,'http://lorempixel.com/640/480/','http://lorempixel.com/640/480/','/2cba720d16522790fadcaaa1eee3094d.jpg'),(49,49,'http://lorempixel.com/640/480/','http://lorempixel.com/640/480/','/342c800a36c54f503787bd356c9b98da.jpg'),(50,50,'http://lorempixel.com/640/480/','http://lorempixel.com/640/480/','/00637a64ac5d3c95220f3d13df817829.jpg'),(51,51,'http://lorempixel.com/640/480/','http://lorempixel.com/640/480/','/e44e41ddd2feeeae62f4f0166685e6ac.jpg'),(52,52,'http://lorempixel.com/640/480/','http://lorempixel.com/640/480/','/c56b62ede38c81f52425d35c98789ea2.jpg'),(53,53,'http://lorempixel.com/640/480/','http://lorempixel.com/640/480/','/435df11003f051062253f1434191d28e.jpg'),(54,54,'http://lorempixel.com/640/480/','http://lorempixel.com/640/480/','/ed0adde054ba4673a98f48e7bce2b845.jpg'),(55,55,'http://lorempixel.com/640/480/','http://lorempixel.com/640/480/','/eb2a90be5e09875ae01b73c3005b1dba.jpg'),(56,56,'http://lorempixel.com/640/480/','http://lorempixel.com/640/480/','/402d6ae328d7d7e3d0f72b2ef4d4c7d6.jpg'),(57,57,'http://lorempixel.com/640/480/','http://lorempixel.com/640/480/','/508b2bdf32215459289da98552c67b98.jpg'),(58,58,'http://lorempixel.com/640/480/','http://lorempixel.com/640/480/','/ddf54570440e90680866060739e91813.jpg'),(59,59,'http://lorempixel.com/640/480/','http://lorempixel.com/640/480/','/37d3f31e3bfa54597b8dec2ef31c3c12.jpg'),(60,60,'http://lorempixel.com/640/480/','http://lorempixel.com/640/480/','/a78b447d0bb81b64911df52bdd0b389d.jpg'),(61,61,'http://lorempixel.com/640/480/','http://lorempixel.com/640/480/','/92240d798ba694c0fe57f885a6217b79.jpg'),(62,62,'http://lorempixel.com/640/480/','http://lorempixel.com/640/480/','/84afddb50097f202646b48d378cb580b.jpg'),(63,63,'http://lorempixel.com/640/480/','http://lorempixel.com/640/480/','/1a3af13a512291d0b4602ada9ebf1880.jpg'),(64,64,'http://lorempixel.com/640/480/','http://lorempixel.com/640/480/','/6b587e1ac2df9eee0c1234814e881b82.jpg'),(65,65,'http://lorempixel.com/640/480/','http://lorempixel.com/640/480/','/ad424811db0430829a558e82cf0ffd3d.jpg'),(66,66,'http://lorempixel.com/640/480/','http://lorempixel.com/640/480/','/f4c724ed5a607a8b4db3ca0d4d585603.jpg'),(67,67,'http://lorempixel.com/640/480/','http://lorempixel.com/640/480/','/68052b5e7e87ed01a64ef88808c69862.jpg'),(68,68,'http://lorempixel.com/640/480/','http://lorempixel.com/640/480/','/cfd54be92a7f12703a5a4021567f703d.jpg'),(69,69,'http://lorempixel.com/640/480/','http://lorempixel.com/640/480/','/dbdf3c03592dece1814078057c22db9d.jpg'),(70,70,'http://lorempixel.com/640/480/','http://lorempixel.com/640/480/','/e18c6b8f95c59ed6082264d997451e15.jpg'),(71,71,'http://lorempixel.com/640/480/','http://lorempixel.com/640/480/','/2cfa35fbf3a910dd35f453d95bd3e5dc.jpg'),(72,72,'http://lorempixel.com/640/480/','http://lorempixel.com/640/480/','/172decb0a28650e124606a3d53a49a8b.jpg'),(73,73,'http://lorempixel.com/640/480/','http://lorempixel.com/640/480/','/1c4050c82c73b9c365e7b549952e86ce.jpg'),(74,74,'http://lorempixel.com/640/480/','http://lorempixel.com/640/480/','/b0b0dea11014b3e36325c149f110779b.jpg'),(75,75,'http://lorempixel.com/640/480/','http://lorempixel.com/640/480/','/1d9ff7340fde1de868ad99abe5c99350.jpg'),(76,76,'http://lorempixel.com/640/480/','http://lorempixel.com/640/480/','/57c414ddf9a0c551d8a1ae20a3f9e399.jpg'),(77,77,'http://lorempixel.com/640/480/','http://lorempixel.com/640/480/','/c5cd490c67e0056b908b2e06e0e0318a.jpg'),(78,78,'http://lorempixel.com/640/480/','http://lorempixel.com/640/480/','/f1b8f48402d99e5524b61cf4963ec7f2.jpg'),(79,79,'http://lorempixel.com/640/480/','http://lorempixel.com/640/480/','/edff5d399e545835503a2785650dd97f.jpg'),(80,80,'http://lorempixel.com/640/480/','http://lorempixel.com/640/480/','/877e46945787a7e37fd0e52f18343504.jpg'),(81,81,'http://lorempixel.com/640/480/','http://lorempixel.com/640/480/','/08672fcbbff1c316b9bf707b3a3d3929.jpg'),(82,82,'http://lorempixel.com/640/480/','http://lorempixel.com/640/480/','/69a2cbbbed50b3e2e90bcdfc012ba464.jpg'),(83,83,'http://lorempixel.com/640/480/','http://lorempixel.com/640/480/','/dfaeb06e343b2e616a535d341e262380.jpg'),(84,84,'http://lorempixel.com/640/480/','http://lorempixel.com/640/480/','/a95ceac938de7adaf8f129a73097aeb1.jpg'),(85,85,'http://lorempixel.com/640/480/','http://lorempixel.com/640/480/','/b591d68a832da1e577341792c623b669.jpg'),(86,86,'http://lorempixel.com/640/480/','http://lorempixel.com/640/480/','/c3125d2bb2a872479c406402061b6b7d.jpg'),(87,87,'http://lorempixel.com/640/480/','http://lorempixel.com/640/480/','/eade55543dd0c37cff5b5664e6505853.jpg'),(88,88,'http://lorempixel.com/640/480/','http://lorempixel.com/640/480/','/207330701f6e7384fb7b0957f0e5dc98.jpg'),(89,89,'http://lorempixel.com/640/480/','http://lorempixel.com/640/480/','/550519bb9b4813ad8e1c1ca185c75309.jpg'),(90,90,'http://lorempixel.com/640/480/','http://lorempixel.com/640/480/','/e084783cb1500c2976ec158e248ae09e.jpg'),(91,91,'http://lorempixel.com/640/480/','http://lorempixel.com/640/480/','/07e15b3c2b38f0634d49f66a8336b6ed.jpg'),(92,92,'http://lorempixel.com/640/480/','http://lorempixel.com/640/480/','/3701896fe8940d5f50af3759351892d2.jpg'),(93,93,'http://lorempixel.com/640/480/','http://lorempixel.com/640/480/','/d0f29207ebd343791f4647ae23b8adf9.jpg'),(94,94,'http://lorempixel.com/640/480/','http://lorempixel.com/640/480/','/bcb65507066912fea42cb075f9a3f440.jpg'),(95,95,'http://lorempixel.com/640/480/','http://lorempixel.com/640/480/','/bff2f2391af526d85039319ba8c236cf.jpg'),(96,96,'http://lorempixel.com/640/480/','http://lorempixel.com/640/480/','/2e23cb7833c6b42ec7ac1af500e71ae6.jpg'),(97,97,'http://lorempixel.com/640/480/','http://lorempixel.com/640/480/','/8055b0c270c7489c36faa9201d4da4ee.jpg'),(98,98,'http://lorempixel.com/640/480/','http://lorempixel.com/640/480/','/bf54391b12acbdfd024f38e2bb33b605.jpg'),(99,99,'http://lorempixel.com/640/480/','http://lorempixel.com/640/480/','/b94ced7b1121a4f8278c3079668383d0.jpg'),(100,100,'http://lorempixel.com/640/480/','http://lorempixel.com/640/480/','/2dc6f4391843d89b9393470d00a3c80c.jpg');
/*!40000 ALTER TABLE `fotos` ENABLE KEYS */;
UNLOCK TABLES;

--
-- Table structure for table `hotel_types`
--

DROP TABLE IF EXISTS `hotel_types`;
/*!40101 SET @saved_cs_client     = @@character_set_client */;
/*!50503 SET character_set_client = utf8mb4 */;
CREATE TABLE `hotel_types` (
  `id` int(2) NOT NULL AUTO_INCREMENT,
  `name` varchar(150) NOT NULL,
  PRIMARY KEY (`id`)
) ENGINE=InnoDB AUTO_INCREMENT=6 DEFAULT CHARSET=utf8mb4 COLLATE=utf8mb4_0900_ai_ci;
/*!40101 SET character_set_client = @saved_cs_client */;

--
-- Dumping data for table `hotel_types`
--

LOCK TABLES `hotel_types` WRITE;
/*!40000 ALTER TABLE `hotel_types` DISABLE KEYS */;
INSERT INTO `hotel_types` VALUES (1,'apartment'),(2,'condo'),(3,'motel'),(4,'hostel'),(5,'apartment');
/*!40000 ALTER TABLE `hotel_types` ENABLE KEYS */;
UNLOCK TABLES;

--
-- Table structure for table `hotels`
--

DROP TABLE IF EXISTS `hotels`;
/*!40101 SET @saved_cs_client     = @@character_set_client */;
/*!50503 SET character_set_client = utf8mb4 */;
CREATE TABLE `hotels` (
  `id` int(11) NOT NULL AUTO_INCREMENT,
  `name` varchar(150) NOT NULL,
  `descr` varchar(100) DEFAULT NULL,
  `stars` int(1) DEFAULT NULL,
  `hotel_type` int(2) DEFAULT NULL,
  `city_id` int(11) NOT NULL,
  PRIMARY KEY (`id`),
  KEY `hotels_fk` (`hotel_type`),
  KEY `hotels_IDX1` (`id`),
  KEY `hotels_IDX2` (`city_id`),
  CONSTRAINT `hotels_fk` FOREIGN KEY (`hotel_type`) REFERENCES `hotel_types` (`id`),
  CONSTRAINT `hotels_fk2` FOREIGN KEY (`city_id`) REFERENCES `citys` (`id`)
) ENGINE=InnoDB AUTO_INCREMENT=101 DEFAULT CHARSET=utf8mb4 COLLATE=utf8mb4_0900_ai_ci;
/*!40101 SET character_set_client = @saved_cs_client */;

--
-- Dumping data for table `hotels`
--

LOCK TABLES `hotels` WRITE;
/*!40000 ALTER TABLE `hotels` DISABLE KEYS */;
INSERT INTO `hotels` VALUES (1,'Mante-Maggio',NULL,7,NULL,1),(2,'Beatty, Cassin and Zboncak',NULL,3,NULL,2),(3,'Larson, Rodriguez and Baumbach',NULL,7,NULL,3),(4,'Schultz-Wuckert',NULL,6,NULL,4),(5,'Romaguera LLC',NULL,9,NULL,5),(6,'Tremblay, Bailey and Glover',NULL,9,NULL,6),(7,'Murazik-Lockman',NULL,6,NULL,7),(8,'Upton-Parisian',NULL,7,NULL,8),(9,'Funk, Kohler and Harvey',NULL,9,NULL,9),(10,'Streich, Stamm and Legros',NULL,6,NULL,10),(11,'Cummerata, Daniel and Auer',NULL,6,NULL,11),(12,'White PLC',NULL,8,NULL,12),(13,'Hermiston PLC',NULL,9,NULL,13),(14,'Quigley Group',NULL,6,NULL,14),(15,'Willms Inc',NULL,5,NULL,15),(16,'Rempel Ltd',NULL,7,NULL,16),(17,'Kuphal-Bechtelar',NULL,8,NULL,17),(18,'Lowe and Sons',NULL,7,NULL,18),(19,'Kohler, Schulist and McDermott',NULL,8,NULL,19),(20,'Batz Inc',NULL,6,NULL,20),(21,'Koss-Champlin',NULL,6,NULL,21),(22,'Buckridge Group',NULL,1,NULL,22),(23,'Nitzsche, Armstrong and Stanton',NULL,9,NULL,23),(24,'Borer-Heidenreich',NULL,1,NULL,24),(25,'Rath Ltd',NULL,7,NULL,25),(26,'Doyle-Dickinson',NULL,5,NULL,26),(27,'Lemke-Hoppe',NULL,1,NULL,27),(28,'Russel PLC',NULL,3,NULL,28),(29,'Moore-D\'Amore',NULL,3,NULL,29),(30,'Upton-Brakus',NULL,9,NULL,30),(31,'Lemke and Sons',NULL,8,NULL,31),(32,'Kozey, Schroeder and Price',NULL,1,NULL,32),(33,'Strosin-White',NULL,4,NULL,33),(34,'Glover, Schroeder and Koss',NULL,7,NULL,34),(35,'Lind, O\'Kon and Wiegand',NULL,2,NULL,35),(36,'Lueilwitz-O\'Kon',NULL,6,NULL,36),(37,'Klocko-White',NULL,3,NULL,37),(38,'Wolf Group',NULL,8,NULL,38),(39,'Langosh, Kessler and Bruen',NULL,2,NULL,39),(40,'Bartoletti, Leffler and Hackett',NULL,6,NULL,40),(41,'Nader, Moore and Purdy',NULL,1,NULL,41),(42,'Cormier, Green and Kris',NULL,6,NULL,42),(43,'Nienow Ltd',NULL,2,NULL,43),(44,'Rau-Rolfson',NULL,5,NULL,44),(45,'Rolfson Group',NULL,7,NULL,45),(46,'Pfannerstill, Mann and Watsica',NULL,3,NULL,46),(47,'Simonis, Balistreri and Dietrich',NULL,4,NULL,47),(48,'Cartwright Inc',NULL,9,NULL,48),(49,'Howe, Schmidt and Green',NULL,1,NULL,49),(50,'Hermiston Group',NULL,1,NULL,50),(51,'Hyatt, Stracke and Eichmann',NULL,6,NULL,51),(52,'Hyatt, Carroll and Mohr',NULL,3,NULL,52),(53,'Murazik, Hartmann and Lind',NULL,9,NULL,53),(54,'Torphy Inc',NULL,1,NULL,54),(55,'Schneider Inc',NULL,9,NULL,55),(56,'Lockman PLC',NULL,8,NULL,56),(57,'Blanda Ltd',NULL,9,NULL,57),(58,'Parisian-Ritchie',NULL,3,NULL,58),(59,'Jakubowski and Sons',NULL,9,NULL,59),(60,'O\'Connell, Hirthe and Barton',NULL,3,NULL,60),(61,'Hettinger-Emmerich',NULL,9,NULL,61),(62,'Flatley, O\'Reilly and Moore',NULL,5,NULL,62),(63,'Reilly-Gerlach',NULL,3,NULL,63),(64,'Altenwerth-Larkin',NULL,3,NULL,64),(65,'Swift, Schuppe and Labadie',NULL,8,NULL,65),(66,'Thiel, Stokes and Eichmann',NULL,7,NULL,66),(67,'Littel, Ratke and Herman',NULL,8,NULL,67),(68,'Baumbach, Hodkiewicz and Daugherty',NULL,1,NULL,68),(69,'Oberbrunner, Hansen and Nolan',NULL,4,NULL,69),(70,'Hirthe and Sons',NULL,9,NULL,70),(71,'Beahan-Dibbert',NULL,3,NULL,71),(72,'Weissnat Group',NULL,4,NULL,72),(73,'Wuckert, Koepp and Watsica',NULL,9,NULL,73),(74,'Hyatt-Roob',NULL,7,NULL,74),(75,'Daugherty-Homenick',NULL,9,NULL,75),(76,'Wuckert-King',NULL,6,NULL,76),(77,'Terry-Swaniawski',NULL,4,NULL,77),(78,'Runolfsson LLC',NULL,5,NULL,78),(79,'Torp-Roob',NULL,4,NULL,79),(80,'Yost Ltd',NULL,7,NULL,80),(81,'Rippin, Schroeder and Vandervort',NULL,1,NULL,81),(82,'Schneider-Runte',NULL,5,NULL,82),(83,'Farrell and Sons',NULL,9,NULL,83),(84,'O\'Reilly Ltd',NULL,1,NULL,84),(85,'Kuhic-Sawayn',NULL,4,NULL,85),(86,'Marvin, Grant and Thiel',NULL,4,NULL,86),(87,'Schinner, Cartwright and Koelpin',NULL,6,NULL,87),(88,'Bernier, Anderson and Lang',NULL,2,NULL,88),(89,'Hauck, Maggio and Zieme',NULL,5,NULL,89),(90,'Littel Inc',NULL,4,NULL,90),(91,'Predovic-Nikolaus',NULL,3,NULL,91),(92,'Stehr-Osinski',NULL,1,NULL,92),(93,'Bartell, Kulas and Koepp',NULL,9,NULL,93),(94,'Welch-Fisher',NULL,1,NULL,94),(95,'Brakus-Murazik',NULL,1,NULL,95),(96,'Armstrong PLC',NULL,7,NULL,96),(97,'Yost-Maggio',NULL,2,NULL,97),(98,'Prosacco Group',NULL,9,NULL,98),(99,'Schumm-Runolfsson',NULL,9,NULL,99),(100,'Shanahan Group',NULL,1,NULL,100);
/*!40000 ALTER TABLE `hotels` ENABLE KEYS */;
UNLOCK TABLES;

--
-- Table structure for table `lessors`
--

DROP TABLE IF EXISTS `lessors`;
/*!40101 SET @saved_cs_client     = @@character_set_client */;
/*!50503 SET character_set_client = utf8mb4 */;
CREATE TABLE `lessors` (
  `id` int(11) NOT NULL AUTO_INCREMENT,
  `name` varchar(150) NOT NULL,
  `descr` varchar(150) NOT NULL,
  `role` enum('director','staff') DEFAULT NULL,
  `hotel_id` int(11) NOT NULL,
  PRIMARY KEY (`id`),
  KEY `lessor_fk` (`hotel_id`),
  CONSTRAINT `lessor_fk` FOREIGN KEY (`hotel_id`) REFERENCES `hotels` (`id`)
) ENGINE=InnoDB AUTO_INCREMENT=101 DEFAULT CHARSET=utf8mb4 COLLATE=utf8mb4_0900_ai_ci;
/*!40101 SET character_set_client = @saved_cs_client */;

--
-- Dumping data for table `lessors`
--

LOCK TABLES `lessors` WRITE;
/*!40000 ALTER TABLE `lessors` DISABLE KEYS */;
INSERT INTO `lessors` VALUES (1,'Morar PLC','','staff',1),(2,'O\'Hara LLC','','director',2),(3,'Grant PLC','','staff',3),(4,'Cummings Group','','staff',4),(5,'Powlowski LLC','','director',5),(6,'Walter-Glover','','director',6),(7,'Nolan, Will and Klein','','staff',7),(8,'Ondricka-Cassin','','director',8),(9,'Beatty Ltd','','director',9),(10,'Larkin-Koelpin','','staff',10),(11,'O\'Connell-Senger','','director',11),(12,'Brekke, Reinger and Schinner','','staff',12),(13,'Parisian Inc','','staff',13),(14,'Koepp, Deckow and Prohaska','','staff',14),(15,'Homenick-Schumm','','staff',15),(16,'Rath, Hessel and Koch','','staff',16),(17,'Reinger, Botsford and Quitzon','','staff',17),(18,'Streich, Frami and Cummerata','','director',18),(19,'Conroy, Zemlak and Beer','','director',19),(20,'Robel, Bergnaum and Breitenberg','','staff',20),(21,'Littel, Witting and Schroeder','','director',21),(22,'Schinner-Kiehn','','director',22),(23,'Will Group','','director',23),(24,'Moore Inc','','staff',24),(25,'Treutel-Friesen','','staff',25),(26,'Hyatt, Farrell and Sanford','','director',26),(27,'Langworth PLC','','staff',27),(28,'Fisher, Smitham and Borer','','director',28),(29,'Jacobs-Kuvalis','','director',29),(30,'Baumbach, Donnelly and Koss','','staff',30),(31,'Feest PLC','','staff',31),(32,'Wiza and Sons','','staff',32),(33,'Kerluke Inc','','director',33),(34,'McLaughlin Ltd','','staff',34),(35,'Schmidt Group','','staff',35),(36,'Marvin-Predovic','','staff',36),(37,'Kessler-Kautzer','','staff',37),(38,'Welch, Strosin and Kunze','','director',38),(39,'Koelpin Inc','','staff',39),(40,'Schulist-Schimmel','','staff',40),(41,'Botsford PLC','','staff',41),(42,'Heidenreich, Hammes and Koss','','staff',42),(43,'Johns-Koepp','','staff',43),(44,'Cassin-Bogan','','staff',44),(45,'Kutch, Johnston and Kuphal','','director',45),(46,'Beier, Miller and Larkin','','staff',46),(47,'Nikolaus-Bode','','staff',47),(48,'Gutmann-Collins','','director',48),(49,'Senger, Jenkins and Cronin','','staff',49),(50,'Botsford, Watsica and Muller','','staff',50),(51,'Rau-Lowe','','staff',51),(52,'Ernser-Roberts','','director',52),(53,'Pfeffer-Thiel','','staff',53),(54,'Klein, McCullough and Blick','','staff',54),(55,'Romaguera Group','','staff',55),(56,'Lehner, Bosco and Goodwin','','staff',56),(57,'Boyer Ltd','','staff',57),(58,'Ruecker, King and Beier','','director',58),(59,'Streich Ltd','','director',59),(60,'Beahan Group','','staff',60),(61,'Boyer-Barton','','director',61),(62,'Durgan-Gleason','','director',62),(63,'Luettgen-Will','','staff',63),(64,'Herman, Bailey and Oberbrunner','','director',64),(65,'Bartell, Lueilwitz and Sawayn','','director',65),(66,'Larkin, Harber and Cartwright','','director',66),(67,'Shanahan-Walker','','staff',67),(68,'Gleason Ltd','','director',68),(69,'Roob, Auer and Johnson','','staff',69),(70,'Emard, Koch and Pollich','','director',70),(71,'Murray PLC','','staff',71),(72,'Hane, Kautzer and Davis','','director',72),(73,'Paucek, Cole and Ward','','staff',73),(74,'Bednar and Sons','','staff',74),(75,'Kunde-Quigley','','director',75),(76,'Ernser Inc','','staff',76),(77,'Daniel PLC','','director',77),(78,'Balistreri-Emmerich','','director',78),(79,'Hauck, O\'Keefe and Gottlieb','','staff',79),(80,'Jones-Heidenreich','','staff',80),(81,'Hand-Morar','','director',81),(82,'Hyatt and Sons','','director',82),(83,'Herzog, Buckridge and Hintz','','staff',83),(84,'Predovic Inc','','staff',84),(85,'Keebler-Rempel','','staff',85),(86,'Hartmann LLC','','staff',86),(87,'Heller, Roob and Moore','','director',87),(88,'Jacobi, Lockman and Labadie','','director',88),(89,'Gorczany-Ryan','','staff',89),(90,'Windler-Greenfelder','','director',90),(91,'Toy, Marvin and Gibson','','staff',91),(92,'Bode, Feil and Olson','','staff',92),(93,'Predovic, Metz and Lakin','','director',93),(94,'Bradtke, Klein and Stracke','','staff',94),(95,'Stokes, Fahey and Jacobs','','staff',95),(96,'Schroeder-Schaden','','director',96),(97,'Feeney-Sporer','','director',97),(98,'Hauck-King','','director',98),(99,'Yundt LLC','','director',99),(100,'Rogahn-Beatty','','staff',100);
/*!40000 ALTER TABLE `lessors` ENABLE KEYS */;
UNLOCK TABLES;

--
-- Table structure for table `locations`
--

DROP TABLE IF EXISTS `locations`;
/*!40101 SET @saved_cs_client     = @@character_set_client */;
/*!50503 SET character_set_client = utf8mb4 */;
CREATE TABLE `locations` (
  `hotel_id` int(10) NOT NULL,
  `adr` varchar(1024) NOT NULL,
  `latitude` decimal(9,6) NOT NULL,
  `longitude` decimal(9,6) NOT NULL,
  PRIMARY KEY (`hotel_id`),
  CONSTRAINT `locations_fk` FOREIGN KEY (`hotel_id`) REFERENCES `hotels` (`id`)
) ENGINE=InnoDB DEFAULT CHARSET=utf8mb4 COLLATE=utf8mb4_0900_ai_ci;
/*!40101 SET character_set_client = @saved_cs_client */;

--
-- Dumping data for table `locations`
--

LOCK TABLES `locations` WRITE;
/*!40000 ALTER TABLE `locations` DISABLE KEYS */;
INSERT INTO `locations` VALUES (1,'7984 Swaniawski Spurs Apt. 579\nBrakusport, MA 44306',999.999999,999.999999),(2,'247 Ron Causeway\nEast Juliusport, SC 78758-4893',10.388445,999.999999),(3,'661 Erik Divide\nWest Elwinland, OH 55715',36.680000,999.999999),(4,'32997 Pollich Park Suite 526\nEliview, SC 55493',999.999999,138.938136),(5,'7979 Garrick Street\nSouth Virginiastad, LA 38132-7863',0.899520,999.999999),(6,'327 Paucek Cape\nWest Kaia, MN 29213',999.999999,0.000000),(7,'181 Gleichner Points\nWest Willie, DE 83714',0.000000,1.460359),(8,'938 Schulist Junctions Suite 869\nJensenmouth, IN 23628',95.049989,999.999999),(9,'6156 Amelie Harbor Apt. 298\nBrisashire, AZ 42428-3236',999.999999,999.999999),(10,'79890 Hills Shores\nShieldsfort, DE 22884',999.999999,999.999999),(11,'38232 Toy Lodge\nLenorabury, SD 63450',586.880000,999.999999),(12,'27108 Berge Ranch Apt. 023\nWest Howardhaven, FL 59220-2079',999.999999,0.000000),(13,'09934 Juana Fort Suite 473\nSchadenshire, CO 89467',187.677270,999.999999),(14,'3053 Brekke Park Apt. 460\nJuliochester, MI 19919-4085',999.999999,818.836708),(15,'79481 Thaddeus Forge Apt. 396\nFisherstad, RI 62688-6748',999.999999,389.231800),(16,'498 Annamae Shoals Apt. 031\nBoyerfurt, PA 74585',34.800000,3.300000),(17,'083 Carroll Oval\nPort Micah, OK 81633',999.999999,999.999999),(18,'935 Ricky Drive\nPort Lora, MA 09363',0.877600,999.999999),(19,'783 D\'Amore Lane Apt. 881\nLawsonport, RI 62957-0340',999.999999,999.999999),(20,'821 Reinhold Ferry Apt. 819\nSchowalterview, CA 80403',999.999999,999.999999),(21,'07492 Trevor Manor Suite 401\nPaucekchester, MO 81820-5425',0.000000,999.999999),(22,'4004 Willard Light\nDeanmouth, AR 04079',999.999999,0.000000),(23,'20501 Miller Plain Apt. 745\nPort Freida, MA 20519',0.000000,41.900000),(24,'27756 Lempi Causeway Apt. 752\nNorth Jeanneborough, WY 59481',999.999999,999.999999),(25,'47390 DuBuque Course Apt. 809\nParisianburgh, HI 61610-6340',999.999999,999.999999),(26,'602 Corrine Corner Suite 171\nGageport, CA 62129',999.999999,0.000000),(27,'010 DuBuque Pines Suite 686\nTerrymouth, RI 54795-1344',729.181100,999.999999),(28,'30227 Green Club\nNorth Busterstad, TN 87267-1828',999.999999,0.000000),(29,'348 Bartoletti Corner\nEast Jamel, IL 61242-6224',8.392400,999.999999),(30,'29124 Murray Branch\nAriborough, FL 85573',999.999999,999.999999),(31,'724 Elvera Ways\nPort Marlee, NY 61439',35.451200,0.000000),(32,'6700 Linnie Trafficway Apt. 459\nPourosmouth, NJ 45733',999.999999,999.999999),(33,'3753 Ben Islands Suite 888\nSawaynbury, NH 18732',999.999999,999.999999),(34,'28181 Eula Freeway Suite 062\nNorth Stonehaven, NH 77928',999.999999,0.000000),(35,'5457 Beahan Islands Apt. 124\nSusanachester, ME 94295-6259',999.999999,999.999999),(36,'23649 Barbara Knoll\nLake Myashire, MD 31960-8290',999.999999,140.939617),(37,'847 Abdiel Tunnel Suite 445\nDerekburgh, MI 16284-8116',999.999999,999.999999),(38,'48261 Delphine Vista\nNorth Constance, SC 91585-4188',999.999999,122.231349),(39,'9752 Zita Knolls Suite 772\nLockmanborough, MD 72389-9284',999.999999,67.000000),(40,'61041 Everardo Passage Suite 549\nKatelynport, MO 98691-4280',223.677859,70.374600),(41,'92125 Adam River\nKingland, WI 55540',999.999999,47.095000),(42,'11121 Destany Gateway Suite 176\nJalynburgh, MA 12851-2024',0.000000,40.726000),(43,'021 Scottie Inlet\nNew Maudemouth, FL 11821',0.000000,4.770000),(44,'895 Tess Islands\nNoeliahaven, SC 15938',999.999999,999.999999),(45,'1222 Kayla Course\nPort Dwightside, TN 66757',5.693828,0.000000),(46,'6887 Olson Tunnel\nMcClurefurt, MA 10206',34.717373,999.999999),(47,'79129 Powlowski Cove Apt. 960\nDorthaborough, VA 08980-9626',999.999999,999.999999),(48,'8297 Providenci Drive Apt. 885\nLake Litzy, AK 10574-2528',999.999999,999.999999),(49,'360 Weimann Junctions\nMelvinhaven, WV 19496',999.999999,39.000000),(50,'588 Torp Burg Suite 972\nClaudburgh, GA 89833',2.000000,999.999999),(51,'3053 Lester Overpass Apt. 230\nEast Breanamouth, PA 18543',66.394250,999.999999),(52,'268 Bernhard Turnpike\nBrandynmouth, CA 94524-9226',11.821400,999.999999),(53,'494 Terry Viaduct Suite 872\nJadenview, NM 64553-1236',999.999999,999.999999),(54,'460 Ward Path\nSydnimouth, AL 99231-9462',999.999999,999.999999),(55,'70610 Sarina Ramp Apt. 937\nCarrollshire, MI 81604-3158',999.999999,999.999999),(56,'46242 Swaniawski Forest\nLeolabury, UT 01738',730.723883,3.164000),(57,'17980 Penelope Corner\nYundtchester, SC 74200',5.026887,946.029090),(58,'9959 Muller Parks Suite 407\nNorth Gennaro, MS 43051',999.999999,1.977820),(59,'0077 Beer Flats\nNorth Hilario, TX 08884',999.999999,999.999999),(60,'8847 Candido Loaf Suite 827\nKuphalstad, AL 34815',999.999999,1.300000),(61,'0753 Wisozk Roads Suite 034\nKohlerside, GA 21607',541.600000,554.748000),(62,'2838 Mosciski Loop Suite 398\nNew Aryanna, UT 58476-2498',0.359730,999.999999),(63,'87394 Bridgette Ways Suite 392\nTremblayview, IL 35461-8311',0.037560,3.606680),(64,'661 Clementina Neck\nAniyahberg, WY 24559-3682',999.999999,999.999999),(65,'45471 Johnathan Curve\nPort Sydnie, HI 44677-4325',36.610000,999.999999),(66,'881 Luisa Coves Suite 421\nPort Reynoldborough, VA 80833-2997',0.000000,60.500000),(67,'0911 Jacobi Grove\nCarterside, NH 31530-7694',47.246735,76.900000),(68,'6291 Hosea Pass Apt. 244\nSchmelerborough, WY 85036',999.999999,999.999999),(69,'31280 Rollin Way\nKutchberg, IA 02182-4662',999.999999,999.999999),(70,'048 Daugherty Inlet Suite 828\nSouth Breanafort, IL 66984',999.999999,999.999999),(71,'043 Bashirian Islands\nAufderharbury, CO 38856',0.000000,999.999999),(72,'88666 Spinka Pass Apt. 426\nWest Lucio, MT 15190',364.183800,15.411020),(73,'57077 Cole Garden\nLessiehaven, IL 90417',999.999999,999.999999),(74,'51639 Kuphal Squares Apt. 588\nLake Benjaminport, MO 68388-8677',6.174443,0.000000),(75,'610 Schiller Club Apt. 058\nEast Crystel, MD 11795-1534',31.000000,999.999999),(76,'511 Mozelle Bridge Apt. 056\nJeramyberg, SC 39613',1.157069,0.000000),(77,'8483 Kris Bridge Apt. 688\nNorth Leopoldo, TN 50012-3659',999.999999,999.999999),(78,'1784 Doris Light\nWest Jedediah, TX 82505',579.605468,424.353600),(79,'29934 Walsh Gardens Apt. 463\nKamrenmouth, SC 85492',999.999999,999.999999),(80,'7311 Erin Squares Apt. 927\nSchuppeton, AK 82865',999.999999,999.999999),(81,'386 Mavis Rue Suite 786\nNew Coltonburgh, DC 30573-4871',2.678450,0.000000),(82,'513 Roslyn Land\nHudsonberg, MT 95051-0794',999.999999,141.215198),(83,'126 McCullough Well\nWest Elliot, ID 21733-6884',999.999999,999.999999),(84,'2565 Gerhold Pines Apt. 269\nLarkinchester, AK 41586',136.871652,2.830197),(85,'3407 Torphy Gardens Apt. 841\nSouth Berniece, MA 17277',999.999999,0.030000),(86,'066 Doyle Meadows\nLewfort, OH 53780-2445',0.857509,999.999999),(87,'945 Jakob Ports Suite 911\nWindlerchester, NE 31412',999.999999,999.999999),(88,'73191 Auer Lodge Apt. 169\nWhiteberg, RI 81715',999.999999,32.904570),(89,'715 Aletha Dam\nLaviniastad, NJ 78463-5509',999.999999,999.999999),(90,'85306 Zieme Stravenue\nSouth Carmellaland, NV 70796',999.999999,999.999999),(91,'912 Champlin River Apt. 836\nEast Flossiestad, DE 78658-6933',999.999999,4.928315),(92,'79583 Nyasia Vista\nLake Myrtis, MI 65890',0.000000,999.999999),(93,'329 Stark Plaza\nWernerborough, IA 71308-1335',0.000000,999.999999),(94,'062 Weimann Corner\nLittelborough, AR 75520-5218',513.386000,4.600000),(95,'13073 Amy Prairie\nAntoniettashire, IN 54925',999.999999,34.298080),(96,'2580 Gwendolyn Plaza\nPort Reynoldborough, PA 01618-2201',999.999999,999.999999),(97,'3672 Waldo Mountain Suite 606\nNorth Trishaberg, GA 80143',0.000000,999.999999),(98,'46334 Goyette Forges Suite 802\nQuigleyview, AK 51335',999.999999,999.999999),(99,'3491 Kayleigh Parkways Suite 526\nSouth Ilianaton, WV 67539-6441',27.000000,516.755274),(100,'4923 Emma Harbors\nCormierhaven, ME 53906',999.999999,999.999999);
/*!40000 ALTER TABLE `locations` ENABLE KEYS */;
UNLOCK TABLES;

--
-- Table structure for table `messages`
--

DROP TABLE IF EXISTS `messages`;
/*!40101 SET @saved_cs_client     = @@character_set_client */;
/*!50503 SET character_set_client = utf8mb4 */;
CREATE TABLE `messages` (
  `id` int(11) NOT NULL AUTO_INCREMENT,
  `client_id` int(11) NOT NULL,
  `lessor_id` int(11) NOT NULL,
  `type` tinyint(1) NOT NULL,
  `date` datetime NOT NULL,
  `mess` text NOT NULL,
  PRIMARY KEY (`id`),
  KEY `client_fk2` (`client_id`),
  KEY `lessor_fk2` (`lessor_id`),
  CONSTRAINT `client_fk2` FOREIGN KEY (`client_id`) REFERENCES `clients` (`id`),
  CONSTRAINT `lessor_fk2` FOREIGN KEY (`lessor_id`) REFERENCES `lessors` (`id`)
) ENGINE=InnoDB DEFAULT CHARSET=utf8mb4 COLLATE=utf8mb4_0900_ai_ci COMMENT='Переписка';
/*!40101 SET character_set_client = @saved_cs_client */;

--
-- Dumping data for table `messages`
--

LOCK TABLES `messages` WRITE;
/*!40000 ALTER TABLE `messages` DISABLE KEYS */;
/*!40000 ALTER TABLE `messages` ENABLE KEYS */;
UNLOCK TABLES;

--
-- Table structure for table `prices`
--

DROP TABLE IF EXISTS `prices`;
/*!40101 SET @saved_cs_client     = @@character_set_client */;
/*!50503 SET character_set_client = utf8mb4 */;
CREATE TABLE `prices` (
  `id` int(10) NOT NULL AUTO_INCREMENT,
  `hotel_id` int(11) NOT NULL,
  `room_id` int(10) NOT NULL,
  `amount` decimal(15,2) NOT NULL,
  `currency_id` int(4) NOT NULL,
  `date_from` datetime NOT NULL,
  `date_to` datetime NOT NULL,
  `is_mepty` tinyint(1) NOT NULL,
  PRIMARY KEY (`id`,`hotel_id`,`room_id`,`currency_id`),
  KEY `currency_fk` (`currency_id`),
  KEY `hotel_fk` (`hotel_id`),
  KEY `room_fk` (`room_id`),
  KEY `prices_IDX1` (`id`),
  KEY `prices_IDX2` (`hotel_id`),
  KEY `prices_IDX3` (`date_from`,`date_to`,`is_mepty`),
  CONSTRAINT `currency_fk2` FOREIGN KEY (`currency_id`) REFERENCES `currency` (`id`),
  CONSTRAINT `hotel_fk2` FOREIGN KEY (`hotel_id`) REFERENCES `hotels` (`id`),
  CONSTRAINT `room_fk2` FOREIGN KEY (`room_id`) REFERENCES `rooms` (`id`)
) ENGINE=InnoDB AUTO_INCREMENT=1001 DEFAULT CHARSET=utf8mb4 COLLATE=utf8mb4_0900_ai_ci COMMENT='Предложение или прайс';
/*!40101 SET character_set_client = @saved_cs_client */;

--
-- Dumping data for table `prices`
--

LOCK TABLES `prices` WRITE;
/*!40000 ALTER TABLE `prices` DISABLE KEYS */;
INSERT INTO `prices` VALUES (1,1,1,54.00,1,'2010-07-07 16:47:15','1986-04-24 07:35:37',1),(2,2,2,20.00,2,'1971-08-20 06:25:47','1981-10-21 15:48:06',0),(3,3,3,65.00,3,'1981-02-15 00:09:22','1983-09-30 10:55:30',0),(4,4,4,100.00,1,'1980-01-23 16:42:07','2001-05-01 21:18:03',1),(5,5,5,120.00,2,'1982-11-30 20:22:10','1991-10-29 06:31:39',0),(6,6,6,100.00,3,'1987-03-17 06:52:46','2004-08-13 22:41:16',0),(7,7,7,100.00,1,'2004-10-10 07:11:54','1989-06-13 15:42:41',0),(8,8,8,20.00,2,'2015-06-01 09:05:17','1975-09-26 20:39:51',0),(9,9,9,34.00,3,'1976-10-04 05:36:46','1981-04-06 17:09:07',0),(10,10,10,70.00,1,'2004-05-10 04:11:32','1977-05-17 03:49:54',1),(11,11,11,100.00,2,'2010-06-14 20:45:29','1976-07-06 03:55:04',0),(12,12,12,70.00,3,'2011-04-09 03:40:03','2005-10-01 08:31:15',1),(13,13,13,34.00,1,'1976-04-25 06:43:59','1990-03-01 16:21:03',0),(14,14,14,120.00,2,'1995-01-19 20:58:06','1987-12-01 17:03:33',1),(15,15,15,65.00,3,'1985-12-02 20:14:03','2002-08-09 02:46:36',1),(16,16,16,70.00,1,'1993-03-14 11:07:21','2017-04-03 15:51:14',0),(17,17,17,100.00,2,'2002-05-22 03:57:42','1972-02-26 01:38:33',0),(18,18,18,70.00,3,'2000-06-07 11:44:53','1980-06-17 08:16:55',1),(19,19,19,120.00,1,'1976-11-29 19:08:38','2012-05-05 22:54:41',1),(20,20,20,70.00,2,'2005-06-13 16:56:02','2006-11-28 00:36:20',0),(21,21,21,54.00,3,'2004-09-07 15:40:33','2018-09-28 00:25:48',1),(22,22,22,120.00,1,'2018-06-03 14:09:12','2018-08-17 19:40:48',1),(23,23,23,120.00,2,'1985-05-06 17:54:35','1991-03-12 05:12:51',0),(24,24,24,54.00,3,'1981-05-22 11:25:52','2014-05-17 10:50:30',1),(25,25,25,100.00,1,'2017-11-28 12:33:45','1979-04-23 03:23:55',1),(26,26,26,20.00,2,'1976-11-20 15:08:52','1994-09-25 12:16:06',1),(27,27,27,65.00,3,'1985-09-27 05:55:05','2003-08-24 02:18:24',1),(28,28,28,70.00,1,'1990-02-23 17:04:21','1988-01-07 13:05:01',1),(29,29,29,65.00,2,'2019-02-24 06:42:40','1983-01-18 23:25:57',1),(30,30,30,65.00,3,'2017-01-27 03:02:58','2004-12-25 02:45:02',1),(31,31,31,100.00,1,'2009-10-29 21:04:53','1981-07-30 17:03:24',0),(32,32,32,70.00,2,'1987-12-15 16:38:53','1983-07-15 03:35:28',0),(33,33,33,70.00,3,'1980-01-02 20:42:13','1996-10-07 11:24:09',1),(34,34,34,70.00,1,'1992-12-08 09:05:38','2009-01-06 08:00:29',0),(35,35,35,54.00,2,'1971-06-23 07:21:48','2012-01-02 06:07:14',0),(36,36,36,34.00,3,'1993-07-13 02:27:30','2016-02-19 04:44:45',0),(37,37,37,30.00,1,'1992-04-04 05:18:25','1990-07-22 11:49:41',0),(38,38,38,30.00,2,'1992-01-22 21:08:03','2012-03-18 17:35:27',1),(39,39,39,65.00,3,'1990-11-28 02:36:34','1990-08-12 09:19:30',1),(40,40,40,100.00,1,'1982-10-03 23:48:07','1972-12-22 18:52:16',1),(41,41,41,30.00,2,'2017-12-04 12:28:09','1995-07-04 01:49:24',1),(42,42,42,100.00,3,'1976-07-08 23:15:44','1970-08-22 02:29:46',0),(43,43,43,100.00,1,'1971-05-11 02:46:51','2001-04-19 23:29:43',0),(44,44,44,70.00,2,'1983-08-21 14:52:42','1993-08-09 07:19:54',0),(45,45,45,20.00,3,'2004-05-24 16:33:23','2008-07-21 06:00:38',0),(46,46,46,65.00,1,'2006-04-07 10:17:18','2003-10-03 01:27:53',0),(47,47,47,120.00,2,'2015-03-30 20:05:49','2016-04-23 11:50:28',1),(48,48,48,120.00,3,'2013-01-26 13:10:37','1985-05-20 13:12:26',0),(49,49,49,65.00,1,'2019-09-02 01:26:07','2004-05-21 01:23:36',0),(50,50,50,34.00,2,'1987-11-09 04:08:31','2006-06-08 03:50:35',0),(51,51,51,34.00,3,'1997-03-03 10:46:24','1996-03-16 22:24:55',1),(52,52,52,34.00,1,'1999-03-23 11:43:27','1992-08-14 14:04:19',0),(53,53,53,34.00,2,'1994-07-19 14:10:30','2009-08-04 06:41:50',0),(54,54,54,34.00,3,'1993-12-14 13:18:39','1979-04-23 03:53:27',0),(55,55,55,120.00,1,'2013-06-04 23:23:24','2009-12-27 22:23:05',1),(56,56,56,34.00,2,'2016-01-21 17:48:02','1982-10-08 00:53:39',0),(57,57,57,54.00,3,'1997-08-12 06:37:21','1996-09-08 22:16:05',0),(58,58,58,65.00,1,'2017-04-01 12:10:55','1984-11-03 12:09:14',1),(59,59,59,100.00,2,'1976-05-27 23:31:00','2000-10-31 18:22:14',0),(60,60,60,20.00,3,'1992-02-28 20:56:21','1977-10-30 03:30:28',1),(61,61,61,65.00,1,'2017-03-26 18:26:07','1992-09-27 17:09:21',1),(62,62,62,30.00,2,'1970-02-06 18:31:55','2007-09-15 14:22:49',1),(63,63,63,70.00,3,'2012-10-05 04:56:27','1994-10-19 05:08:40',0),(64,64,64,20.00,1,'1997-01-06 04:52:01','1990-07-20 17:34:01',0),(65,65,65,100.00,2,'1991-06-30 06:47:00','1975-09-26 15:18:38',0),(66,66,66,65.00,3,'2005-12-16 12:10:19','1984-01-02 01:40:27',0),(67,67,67,70.00,1,'2002-03-10 22:21:50','2004-04-22 08:33:34',0),(68,68,68,70.00,2,'1998-09-17 17:48:45','2004-01-20 23:58:35',0),(69,69,69,65.00,3,'1999-10-19 00:20:59','2008-11-22 10:51:10',1),(70,70,70,120.00,1,'1983-12-09 23:04:05','1992-06-21 15:27:41',0),(71,71,71,70.00,2,'1980-03-28 16:48:53','1998-04-25 19:55:52',0),(72,72,72,70.00,3,'2018-07-23 23:45:13','1992-08-12 00:07:38',0),(73,73,73,70.00,1,'1980-07-02 23:29:22','1990-08-21 13:41:53',1),(74,74,74,65.00,2,'1975-04-25 15:44:23','2002-10-27 16:29:38',0),(75,75,75,54.00,3,'1980-06-28 12:29:20','1987-05-30 17:01:43',0),(76,76,76,120.00,1,'2010-05-24 08:40:02','2012-07-01 03:42:30',0),(77,77,77,70.00,2,'1992-11-24 03:52:48','2018-05-14 20:07:35',0),(78,78,78,30.00,3,'1972-04-11 14:01:48','1974-07-29 16:41:40',0),(79,79,79,30.00,1,'2006-07-13 00:22:57','1996-03-09 05:00:13',0),(80,80,80,20.00,2,'2003-03-04 18:20:57','1984-07-14 08:20:40',0),(81,81,81,34.00,3,'2007-04-07 06:23:35','1991-03-09 12:30:55',0),(82,82,82,120.00,1,'1982-04-14 02:25:55','1994-09-26 18:31:54',1),(83,83,83,54.00,2,'2015-09-08 16:33:51','1992-04-12 17:30:00',1),(84,84,84,34.00,3,'1990-06-13 17:38:28','2013-02-08 09:55:50',1),(85,85,85,30.00,1,'1990-11-18 15:09:15','1987-03-22 15:53:47',0),(86,86,86,20.00,2,'1974-07-08 10:17:17','1980-04-28 23:35:17',1),(87,87,87,100.00,3,'1974-03-11 08:02:54','2013-08-04 18:25:44',0),(88,88,88,30.00,1,'1999-11-12 04:09:52','1980-07-29 10:31:35',0),(89,89,89,30.00,2,'1977-02-09 12:01:04','1996-06-01 15:49:04',1),(90,90,90,54.00,3,'1994-06-24 00:54:33','2014-12-24 01:16:06',1),(91,91,91,20.00,1,'1984-11-16 09:47:35','1996-05-26 16:02:17',0),(92,92,92,54.00,2,'1972-05-24 10:29:24','1979-09-21 23:11:48',0),(93,93,93,120.00,3,'1989-03-28 17:34:32','2008-05-11 12:28:30',0),(94,94,94,120.00,1,'1978-07-12 22:05:25','1991-10-13 16:03:01',1),(95,95,95,100.00,2,'1990-01-30 07:43:30','2015-11-28 07:03:56',1),(96,96,96,30.00,3,'1984-07-12 12:31:15','1995-10-15 19:22:17',1),(97,97,97,100.00,1,'1986-09-25 20:04:45','2018-12-20 20:40:21',0),(98,98,98,120.00,2,'2004-07-06 01:43:46','2014-07-24 02:46:17',1),(99,99,99,20.00,3,'1993-09-22 04:09:09','2000-08-12 17:53:16',0),(100,100,100,34.00,1,'1980-10-22 04:09:57','1983-05-20 04:19:51',0),(101,1,1,120.00,2,'1990-12-16 10:50:40','2003-01-27 11:40:31',1),(102,2,2,54.00,3,'2019-04-21 19:41:52','1984-04-06 04:40:08',1),(103,3,3,54.00,1,'2017-10-01 10:35:57','1984-11-26 23:20:27',1),(104,4,4,100.00,2,'2014-03-05 10:18:32','2012-07-15 16:55:39',0),(105,5,5,54.00,3,'1994-05-24 12:04:15','1975-12-04 21:20:31',1),(106,6,6,54.00,1,'1989-03-08 15:30:51','2018-01-22 01:14:25',0),(107,7,7,20.00,2,'1978-10-17 23:34:42','1992-07-20 21:20:15',0),(108,8,8,120.00,3,'2004-12-25 03:55:58','1999-03-30 04:22:35',1),(109,9,9,54.00,1,'2009-10-03 02:29:24','1977-10-05 13:06:45',1),(110,10,10,100.00,2,'2002-05-25 15:18:16','2006-07-13 13:18:46',0),(111,11,11,54.00,3,'2009-09-21 22:39:31','1981-01-04 11:08:49',0),(112,12,12,54.00,1,'2015-10-25 01:52:29','1982-06-02 00:28:04',1),(113,13,13,100.00,2,'1975-05-12 17:46:05','1975-03-26 23:28:14',0),(114,14,14,120.00,3,'2013-10-22 00:43:48','2013-09-24 12:46:11',1),(115,15,15,30.00,1,'1976-10-23 00:25:40','1980-07-10 08:38:29',0),(116,16,16,34.00,2,'2014-05-26 22:55:17','1989-06-14 19:07:11',1),(117,17,17,20.00,3,'1984-03-02 03:07:55','1981-12-13 13:50:35',1),(118,18,18,54.00,1,'1993-02-26 06:01:20','2018-10-08 01:52:59',1),(119,19,19,30.00,2,'1994-12-28 23:54:48','1981-09-16 22:41:24',1),(120,20,20,54.00,3,'2017-08-19 02:29:41','2019-09-23 22:56:02',1),(121,21,21,30.00,1,'1971-09-01 09:49:24','1973-09-20 22:12:43',1),(122,22,22,65.00,2,'2001-03-11 11:24:48','2000-09-30 22:41:48',0),(123,23,23,34.00,3,'2013-04-27 14:11:32','1972-02-21 08:12:38',0),(124,24,24,34.00,1,'1977-10-25 21:42:39','1978-02-12 23:10:00',0),(125,25,25,30.00,2,'1979-12-28 13:52:02','2002-02-16 17:12:23',0),(126,26,26,54.00,3,'2018-05-07 22:25:41','1987-06-22 22:15:34',1),(127,27,27,65.00,1,'2016-09-30 00:56:35','1996-01-03 05:09:36',1),(128,28,28,70.00,2,'2018-10-10 09:53:57','1977-02-13 13:13:39',1),(129,29,29,30.00,3,'2002-12-30 20:16:45','1974-11-30 13:33:25',0),(130,30,30,20.00,1,'1972-10-17 11:54:32','1971-02-24 15:44:46',0),(131,31,31,100.00,2,'1995-07-22 08:06:31','1972-08-26 23:22:42',0),(132,32,32,34.00,3,'1987-07-11 08:15:06','1986-03-28 12:29:46',0),(133,33,33,70.00,1,'1986-03-29 14:34:33','1974-02-09 06:11:56',1),(134,34,34,65.00,2,'1991-11-27 21:49:11','1970-04-05 10:15:09',1),(135,35,35,70.00,3,'2006-11-30 05:28:01','2002-06-02 21:34:18',1),(136,36,36,100.00,1,'2016-04-18 06:22:27','2000-09-19 01:08:23',1),(137,37,37,34.00,2,'2018-05-13 18:10:58','1979-11-22 21:03:40',0),(138,38,38,100.00,3,'2007-07-11 08:00:14','2001-12-01 18:12:41',1),(139,39,39,54.00,1,'1984-03-21 01:58:47','1988-02-27 21:14:00',1),(140,40,40,100.00,2,'1999-02-22 20:06:21','2002-06-07 05:47:05',0),(141,41,41,54.00,3,'1976-06-02 19:12:52','2009-04-09 03:54:35',1),(142,42,42,65.00,1,'1977-08-11 03:49:46','2008-10-18 07:00:26',0),(143,43,43,34.00,2,'1982-11-27 13:47:32','1985-05-09 10:29:06',1),(144,44,44,54.00,3,'2000-01-06 22:44:03','1974-02-13 06:34:57',0),(145,45,45,20.00,1,'1984-02-27 03:54:49','1974-10-09 19:23:11',0),(146,46,46,65.00,2,'1979-10-03 19:35:27','1974-10-14 04:04:42',0),(147,47,47,120.00,3,'1987-09-06 23:02:58','1978-09-18 16:08:27',1),(148,48,48,34.00,1,'1993-06-06 05:25:50','1987-06-26 20:08:41',0),(149,49,49,34.00,2,'2008-06-19 02:17:06','1980-09-04 22:46:02',1),(150,50,50,20.00,3,'2006-10-19 10:24:04','1984-12-13 13:49:33',1),(151,51,51,70.00,1,'2017-12-30 01:46:02','2014-12-20 05:51:31',1),(152,52,52,70.00,2,'1980-09-02 08:59:34','2012-07-29 18:17:08',1),(153,53,53,54.00,3,'1985-11-12 05:53:15','1989-09-28 09:01:19',1),(154,54,54,54.00,1,'1985-07-06 21:55:46','2012-09-13 00:33:03',1),(155,55,55,70.00,2,'2019-06-16 06:35:07','1974-04-13 03:34:01',0),(156,56,56,70.00,3,'1987-04-03 09:03:01','1984-12-09 12:43:27',1),(157,57,57,54.00,1,'1985-07-27 01:49:20','1992-01-19 06:09:19',1),(158,58,58,65.00,2,'1985-10-17 23:55:05','1976-10-28 01:02:08',0),(159,59,59,100.00,3,'1988-06-07 22:51:34','2008-02-19 21:06:43',0),(160,60,60,100.00,1,'1987-01-07 03:44:20','1993-07-13 02:18:52',1),(161,61,61,20.00,2,'1994-05-31 05:18:08','2005-11-01 09:06:51',0),(162,62,62,54.00,3,'2008-05-22 18:52:45','2000-02-22 12:52:12',0),(163,63,63,120.00,1,'2012-09-14 09:20:06','1979-05-19 12:42:07',1),(164,64,64,120.00,2,'1992-06-28 05:54:11','1972-02-15 06:04:47',0),(165,65,65,100.00,3,'1977-05-30 15:49:27','1991-09-26 18:40:22',1),(166,66,66,34.00,1,'1982-02-06 23:06:04','1995-07-06 12:39:09',0),(167,67,67,120.00,2,'2013-04-01 17:00:20','1977-02-13 12:47:13',0),(168,68,68,100.00,3,'2014-03-25 22:02:02','1992-11-18 14:05:10',1),(169,69,69,65.00,1,'1973-06-28 00:34:46','2008-03-03 08:33:24',0),(170,70,70,70.00,2,'2009-01-03 02:43:31','1983-07-26 02:20:01',0),(171,71,71,30.00,3,'2016-11-06 02:23:20','2011-08-01 22:53:10',1),(172,72,72,70.00,1,'2007-06-21 05:48:22','1986-09-09 23:35:35',1),(173,73,73,34.00,2,'2005-05-05 21:24:35','2002-10-29 00:25:44',1),(174,74,74,54.00,3,'2000-09-08 05:18:36','1979-06-05 02:25:19',1),(175,75,75,20.00,1,'1979-07-21 15:06:16','2011-10-30 14:08:30',1),(176,76,76,54.00,2,'1990-02-16 23:28:44','1974-09-18 22:12:22',1),(177,77,77,34.00,3,'1977-12-10 01:44:53','1993-02-09 13:01:34',1),(178,78,78,70.00,1,'2000-10-28 06:45:36','1998-01-03 23:19:37',0),(179,79,79,54.00,2,'1986-09-29 04:13:54','1972-09-17 14:11:24',0),(180,80,80,100.00,3,'2010-11-22 10:00:18','1974-11-07 04:51:43',1),(181,81,81,120.00,1,'2018-01-29 01:53:07','1984-04-09 17:31:58',0),(182,82,82,65.00,2,'2015-07-20 18:00:50','2016-07-24 07:14:31',1),(183,83,83,70.00,3,'1997-04-26 15:57:19','1972-01-26 01:37:08',0),(184,84,84,34.00,1,'1987-07-02 18:07:13','2001-10-12 10:18:30',1),(185,85,85,70.00,2,'2017-07-08 10:10:16','2012-10-06 12:31:47',1),(186,86,86,65.00,3,'1982-02-16 14:04:40','1999-02-19 01:07:03',0),(187,87,87,120.00,1,'2010-01-27 06:20:22','2008-02-10 16:41:39',1),(188,88,88,54.00,2,'1989-06-20 02:48:34','2019-01-26 19:37:32',0),(189,89,89,30.00,3,'2014-07-01 20:32:31','1976-04-12 00:44:28',0),(190,90,90,100.00,1,'2012-02-21 21:31:08','2012-02-08 11:38:06',0),(191,91,91,30.00,2,'1987-03-25 14:39:31','1976-05-07 03:28:06',1),(192,92,92,54.00,3,'1975-04-03 17:28:32','1995-02-26 17:03:11',0),(193,93,93,100.00,1,'2019-06-04 00:03:28','2016-02-05 06:57:19',0),(194,94,94,120.00,2,'1999-11-22 17:26:56','2016-05-25 21:02:22',1),(195,95,95,30.00,3,'2002-02-20 03:21:26','1978-12-29 06:50:25',0),(196,96,96,54.00,1,'2001-01-01 21:57:15','1997-09-05 12:21:20',0),(197,97,97,30.00,2,'1990-06-20 19:55:18','2007-07-18 04:16:58',0),(198,98,98,65.00,3,'2012-06-04 20:40:16','2007-04-20 11:16:42',0),(199,99,99,30.00,1,'1973-05-12 10:05:56','1989-01-07 10:41:42',1),(200,100,100,100.00,2,'1971-08-06 16:00:14','1988-08-15 20:04:05',0),(201,1,1,20.00,3,'2003-11-07 21:01:43','2005-09-16 21:41:40',0),(202,2,2,100.00,1,'1978-04-29 16:26:42','2003-07-01 14:24:20',0),(203,3,3,70.00,2,'1977-03-25 10:28:00','2012-12-10 15:42:42',1),(204,4,4,54.00,3,'2016-02-25 14:57:15','2013-04-19 01:42:05',1),(205,5,5,70.00,1,'2010-11-19 03:02:52','2015-12-09 17:43:55',0),(206,6,6,34.00,2,'2018-02-22 00:08:55','2013-12-24 10:31:54',1),(207,7,7,65.00,3,'1983-09-01 20:02:45','1990-05-18 14:25:22',1),(208,8,8,34.00,1,'1974-12-12 09:19:27','1985-08-18 14:24:41',0),(209,9,9,34.00,2,'2002-01-24 13:32:37','1979-04-24 14:05:32',1),(210,10,10,120.00,3,'1986-05-15 11:20:20','1974-04-04 11:41:04',0),(211,11,11,65.00,1,'2017-05-14 02:58:05','2015-09-08 06:24:30',1),(212,12,12,54.00,2,'1980-08-04 00:50:38','1988-05-09 21:35:59',1),(213,13,13,54.00,3,'1990-10-11 12:16:23','2003-02-14 20:24:46',1),(214,14,14,54.00,1,'2009-07-19 04:33:39','1981-12-16 08:56:17',1),(215,15,15,100.00,2,'1997-09-29 16:34:29','1999-11-22 03:03:08',0),(216,16,16,54.00,3,'2013-10-24 00:31:41','1999-06-03 12:31:54',0),(217,17,17,120.00,1,'2016-05-21 16:15:31','1981-12-01 10:30:35',0),(218,18,18,120.00,2,'2006-05-26 03:05:51','1993-05-31 22:34:39',0),(219,19,19,30.00,3,'1988-07-08 11:32:38','1984-07-14 19:40:18',0),(220,20,20,20.00,1,'2001-12-24 00:47:25','2001-01-25 04:46:14',1),(221,21,21,100.00,2,'1999-08-25 22:11:12','1997-04-18 15:36:09',0),(222,22,22,20.00,3,'1983-01-18 07:37:17','1976-11-03 05:00:36',0),(223,23,23,65.00,1,'1979-01-18 17:06:36','1989-07-19 01:10:59',0),(224,24,24,54.00,2,'1974-02-20 20:27:37','2013-08-05 10:48:38',1),(225,25,25,120.00,3,'2009-10-31 23:58:15','2004-12-19 11:16:06',0),(226,26,26,34.00,1,'2019-03-13 08:30:30','2002-01-24 23:01:42',1),(227,27,27,120.00,2,'2015-01-09 18:46:07','2006-11-17 18:33:46',1),(228,28,28,120.00,3,'1989-10-04 15:21:50','1971-09-27 20:17:51',1),(229,29,29,30.00,1,'1980-06-24 13:13:16','1988-10-14 18:00:11',1),(230,30,30,70.00,2,'2001-10-15 00:28:09','1979-01-31 15:52:08',1),(231,31,31,54.00,3,'1974-10-09 11:19:08','1992-08-27 04:19:03',0),(232,32,32,65.00,1,'2010-03-28 04:36:02','2003-03-04 08:12:57',0),(233,33,33,70.00,2,'1986-10-22 05:23:07','1995-04-25 10:36:23',0),(234,34,34,54.00,3,'1989-08-13 01:36:20','1981-10-11 07:42:08',1),(235,35,35,70.00,1,'1994-07-23 14:09:09','2013-06-03 17:02:06',0),(236,36,36,30.00,2,'1976-03-31 19:37:26','2010-11-22 05:43:05',0),(237,37,37,54.00,3,'1985-02-20 15:08:17','2015-01-21 02:22:09',1),(238,38,38,54.00,1,'1977-12-26 18:11:53','2009-08-01 00:19:53',1),(239,39,39,65.00,2,'2014-08-11 07:04:27','2003-04-13 03:28:44',1),(240,40,40,65.00,3,'2011-05-19 21:32:42','2000-12-18 09:04:03',1),(241,41,41,34.00,1,'1980-01-06 23:21:20','2004-08-26 23:26:15',1),(242,42,42,120.00,2,'1981-05-16 12:00:29','2014-01-16 06:33:14',1),(243,43,43,70.00,3,'1991-11-01 03:25:22','2011-06-29 04:41:46',1),(244,44,44,70.00,1,'1989-04-30 07:19:59','2017-03-20 03:45:57',1),(245,45,45,100.00,2,'1996-06-14 08:40:10','1984-01-21 01:31:51',1),(246,46,46,54.00,3,'1998-11-18 17:44:45','1991-05-01 21:03:26',0),(247,47,47,70.00,1,'1982-07-23 16:36:51','1986-09-24 02:43:07',1),(248,48,48,65.00,2,'1992-12-16 15:37:46','1970-07-18 18:03:22',1),(249,49,49,20.00,3,'2003-09-26 11:20:02','2008-12-31 23:22:45',0),(250,50,50,34.00,1,'2013-06-14 02:47:50','2011-12-18 06:11:31',0),(251,51,51,100.00,2,'1978-11-23 13:37:09','2009-02-09 22:42:24',1),(252,52,52,34.00,3,'1986-09-18 01:59:55','1999-03-25 04:08:32',1),(253,53,53,30.00,1,'2016-06-20 11:29:10','1971-01-25 17:27:31',1),(254,54,54,20.00,2,'2010-04-18 01:30:35','2015-01-10 10:53:46',1),(255,55,55,120.00,3,'1979-01-01 00:01:37','1972-06-06 05:47:17',0),(256,56,56,34.00,1,'1978-07-03 07:41:52','1995-07-10 17:52:19',0),(257,57,57,120.00,2,'1998-09-14 13:27:24','1983-05-01 02:30:50',0),(258,58,58,20.00,3,'1988-08-18 02:04:55','2017-02-24 21:14:27',0),(259,59,59,20.00,1,'2013-06-18 16:11:28','1995-05-03 23:00:24',1),(260,60,60,30.00,2,'2004-11-18 13:36:34','2014-02-04 00:21:56',1),(261,61,61,120.00,3,'2010-06-02 11:56:32','2005-10-13 19:10:53',0),(262,62,62,20.00,1,'1978-03-07 06:12:46','1999-12-03 06:41:11',1),(263,63,63,30.00,2,'1970-09-26 10:55:54','2019-03-14 19:40:26',1),(264,64,64,54.00,3,'1977-12-18 18:38:24','1975-02-15 18:50:58',0),(265,65,65,20.00,1,'2004-04-11 21:32:04','1988-12-10 22:19:51',0),(266,66,66,70.00,2,'2017-12-17 07:55:41','2000-11-19 03:37:01',1),(267,67,67,34.00,3,'2008-06-29 05:40:50','1990-10-23 06:58:15',0),(268,68,68,20.00,1,'1978-11-19 04:31:36','1994-05-07 13:16:19',1),(269,69,69,20.00,2,'1971-04-14 23:10:56','2012-08-19 06:58:59',1),(270,70,70,120.00,3,'2016-11-18 08:15:02','1994-07-02 09:46:14',1),(271,71,71,100.00,1,'1972-10-29 05:42:17','1984-06-05 23:39:39',1),(272,72,72,30.00,2,'1998-03-19 06:21:49','1995-07-30 10:30:43',1),(273,73,73,54.00,3,'1997-08-26 07:30:23','1976-06-15 22:05:38',1),(274,74,74,120.00,1,'2015-01-31 13:21:30','2003-05-17 19:26:47',1),(275,75,75,20.00,2,'1990-05-22 17:12:52','1991-11-18 17:01:56',0),(276,76,76,65.00,3,'1982-08-06 17:35:23','2016-03-16 19:01:02',0),(277,77,77,100.00,1,'2000-05-09 23:13:30','1988-08-04 18:57:53',1),(278,78,78,65.00,2,'1998-04-08 17:01:28','2016-04-27 08:53:32',0),(279,79,79,54.00,3,'1973-09-17 20:37:34','2010-08-19 23:30:18',0),(280,80,80,34.00,1,'1999-12-10 13:37:10','1984-04-28 18:44:34',1),(281,81,81,100.00,2,'1979-06-22 01:14:15','1997-11-12 03:34:20',0),(282,82,82,30.00,3,'2014-01-22 10:07:01','2005-03-09 05:03:45',0),(283,83,83,54.00,1,'1986-03-02 01:07:02','1999-12-30 13:53:11',0),(284,84,84,20.00,2,'1983-10-11 00:49:50','1977-10-23 20:53:49',0),(285,85,85,34.00,3,'2005-06-20 09:50:58','1987-02-17 11:16:12',0),(286,86,86,30.00,1,'1993-07-13 20:33:05','1972-02-16 19:09:20',0),(287,87,87,34.00,2,'2019-02-05 18:46:45','1972-01-01 08:21:40',0),(288,88,88,30.00,3,'1997-11-07 05:24:44','1971-04-30 13:01:27',0),(289,89,89,100.00,1,'1979-09-01 20:29:41','1981-01-01 22:18:33',1),(290,90,90,120.00,2,'1984-08-22 08:34:00','1971-12-11 19:48:31',0),(291,91,91,65.00,3,'2007-12-18 23:09:11','1975-01-02 21:41:47',1),(292,92,92,20.00,1,'2007-01-25 08:46:30','1984-04-25 07:58:58',0),(293,93,93,30.00,2,'2001-08-29 17:55:18','2008-06-02 12:11:38',1),(294,94,94,30.00,3,'1988-02-23 12:10:50','1970-10-02 13:45:39',1),(295,95,95,34.00,1,'1993-08-28 16:40:57','1997-07-03 01:38:59',0),(296,96,96,30.00,2,'1978-11-03 14:01:20','1973-11-28 15:03:02',1),(297,97,97,100.00,3,'2005-07-12 07:18:35','2003-02-10 01:40:21',1),(298,98,98,100.00,1,'2004-10-22 23:03:49','1992-03-17 14:14:24',0),(299,99,99,34.00,2,'1986-03-14 12:34:02','2013-08-05 21:25:37',0),(300,100,100,30.00,3,'2019-05-26 16:23:25','1974-03-11 08:54:14',1),(301,1,1,54.00,1,'1985-11-07 15:17:32','1994-03-19 12:55:26',1),(302,2,2,100.00,2,'1991-07-26 04:57:43','1997-06-19 16:07:12',1),(303,3,3,120.00,3,'2008-05-22 18:43:41','2007-10-11 22:39:07',0),(304,4,4,65.00,1,'1987-11-16 05:22:39','1987-07-17 20:53:55',0),(305,5,5,100.00,2,'1995-11-05 11:04:46','1994-05-21 09:14:06',1),(306,6,6,70.00,3,'2011-03-11 01:13:38','2005-06-07 20:37:02',1),(307,7,7,100.00,1,'1979-12-05 06:09:54','2008-03-22 07:49:48',1),(308,8,8,34.00,2,'1971-10-20 12:47:53','1987-03-07 21:02:09',1),(309,9,9,30.00,3,'1998-11-26 08:37:15','2007-01-20 17:31:23',1),(310,10,10,70.00,1,'2008-08-21 19:48:12','1992-03-25 11:27:03',0),(311,11,11,34.00,2,'1972-12-09 19:38:11','1992-03-14 17:02:33',0),(312,12,12,30.00,3,'1999-08-18 17:23:57','2000-07-05 08:02:55',1),(313,13,13,120.00,1,'2016-03-18 03:04:14','1971-11-13 04:48:58',0),(314,14,14,30.00,2,'1985-11-29 01:45:55','2002-02-25 06:44:59',0),(315,15,15,70.00,3,'1980-08-24 09:45:34','1985-04-21 14:15:08',0),(316,16,16,65.00,1,'1982-09-17 13:14:31','1994-03-26 07:52:54',1),(317,17,17,20.00,2,'1994-02-04 05:41:03','1998-11-24 11:54:03',1),(318,18,18,34.00,3,'2000-10-30 06:25:50','1975-10-25 09:04:16',1),(319,19,19,20.00,1,'2000-11-24 23:34:43','1987-06-12 08:29:17',1),(320,20,20,34.00,2,'1973-02-28 08:04:11','1981-10-10 20:48:49',0),(321,21,21,30.00,3,'2004-01-27 01:17:42','1984-06-29 16:58:08',1),(322,22,22,54.00,1,'1977-07-02 03:20:40','2006-12-14 00:39:04',1),(323,23,23,70.00,2,'1971-08-22 07:54:22','2012-05-15 14:35:11',1),(324,24,24,70.00,3,'2009-01-15 08:42:12','1985-04-01 19:09:08',1),(325,25,25,54.00,1,'1971-05-28 13:40:37','1983-02-26 14:47:46',1),(326,26,26,100.00,2,'2013-02-28 03:28:15','2011-01-15 11:59:38',1),(327,27,27,100.00,3,'1994-08-17 01:10:22','1974-11-24 06:41:39',0),(328,28,28,34.00,1,'2009-03-26 10:07:37','1989-03-08 18:34:47',1),(329,29,29,70.00,2,'1982-04-24 18:35:26','1980-10-02 08:58:04',1),(330,30,30,34.00,3,'1995-11-28 02:26:17','2018-04-15 11:29:26',1),(331,31,31,70.00,1,'2002-12-09 07:51:28','1983-01-13 00:59:57',0),(332,32,32,20.00,2,'1990-04-02 10:47:59','2014-08-26 00:39:19',0),(333,33,33,30.00,3,'2010-08-24 16:02:32','1974-10-17 06:06:58',1),(334,34,34,65.00,1,'2015-10-23 22:00:12','1979-01-14 14:24:11',0),(335,35,35,20.00,2,'1976-08-25 16:04:01','2018-06-06 05:27:19',0),(336,36,36,54.00,3,'1976-10-04 10:19:08','2000-06-24 21:34:17',0),(337,37,37,120.00,1,'1981-02-08 16:05:54','1998-02-01 02:24:03',0),(338,38,38,70.00,2,'1980-06-10 14:32:55','1974-10-31 00:27:29',0),(339,39,39,120.00,3,'1972-07-28 15:42:46','1988-10-15 15:08:32',1),(340,40,40,54.00,1,'1996-08-26 04:29:42','2001-05-28 07:36:06',0),(341,41,41,65.00,2,'1999-10-18 16:54:09','2007-05-07 21:01:11',1),(342,42,42,54.00,3,'1999-12-09 12:35:56','1994-11-02 04:57:03',1),(343,43,43,120.00,1,'1997-11-20 04:24:43','2002-10-08 23:22:01',0),(344,44,44,34.00,2,'1995-11-16 02:47:37','2001-05-13 18:32:10',0),(345,45,45,34.00,3,'2005-04-13 20:53:11','1995-07-29 07:20:54',1),(346,46,46,30.00,1,'1986-03-02 04:30:55','2015-07-07 07:06:31',1),(347,47,47,20.00,2,'2009-09-21 13:47:51','1990-10-03 07:13:06',0),(348,48,48,65.00,3,'1981-09-21 03:12:02','1992-01-11 07:23:24',0),(349,49,49,65.00,1,'2011-04-01 11:39:19','1972-04-16 04:21:14',0),(350,50,50,54.00,2,'1976-04-03 01:26:18','2013-07-31 08:41:44',0),(351,51,51,100.00,3,'1971-12-25 06:18:49','2004-08-11 13:27:03',0),(352,52,52,30.00,1,'1999-12-16 00:36:30','2002-11-23 03:17:16',1),(353,53,53,30.00,2,'2002-01-25 15:32:40','1992-01-29 02:04:56',0),(354,54,54,54.00,3,'1977-02-24 01:00:39','1984-01-10 23:30:01',0),(355,55,55,20.00,1,'2004-07-17 03:06:27','1981-07-03 07:24:42',1),(356,56,56,120.00,2,'1989-11-25 02:35:04','1993-07-04 20:02:14',1),(357,57,57,20.00,3,'1981-07-17 10:11:53','2008-03-10 11:24:42',1),(358,58,58,34.00,1,'1988-04-28 23:17:28','1985-05-02 22:53:27',1),(359,59,59,120.00,2,'1996-08-25 21:33:23','2018-10-07 06:05:20',1),(360,60,60,100.00,3,'1993-02-04 01:36:55','1994-03-02 09:08:14',1),(361,61,61,120.00,1,'1978-04-17 12:41:38','1999-03-01 15:39:34',0),(362,62,62,100.00,2,'1977-01-14 02:43:12','1981-06-11 12:08:45',0),(363,63,63,70.00,3,'1999-03-23 12:36:18','1991-03-14 20:45:55',1),(364,64,64,30.00,1,'1982-02-17 11:57:51','1991-01-22 11:12:39',1),(365,65,65,34.00,2,'1970-11-01 13:15:27','1987-11-03 14:47:31',1),(366,66,66,70.00,3,'1980-11-06 12:22:29','1970-10-09 02:30:02',1),(367,67,67,30.00,1,'1990-01-07 20:30:13','1989-03-10 05:48:32',1),(368,68,68,120.00,2,'1996-06-22 13:07:40','1989-05-27 12:35:45',1),(369,69,69,54.00,3,'1974-11-30 00:32:58','2018-09-28 08:08:08',1),(370,70,70,70.00,1,'2016-01-07 22:30:36','1979-12-06 08:30:54',0),(371,71,71,120.00,2,'1985-07-31 05:19:11','2007-01-04 20:31:07',1),(372,72,72,20.00,3,'1971-09-05 10:13:10','1998-05-28 08:25:05',0),(373,73,73,54.00,1,'2005-09-13 21:38:38','2008-09-18 03:23:38',0),(374,74,74,30.00,2,'1987-12-15 00:00:56','1985-01-27 14:21:35',0),(375,75,75,54.00,3,'2000-10-06 22:31:37','1974-10-14 12:39:47',1),(376,76,76,100.00,1,'2000-02-28 04:06:34','2017-05-05 15:30:22',0),(377,77,77,20.00,2,'1974-06-15 02:33:04','1994-11-05 04:44:21',0),(378,78,78,120.00,3,'1978-06-10 23:03:04','2007-03-20 05:05:05',1),(379,79,79,65.00,1,'2004-01-22 22:11:12','2017-07-26 22:16:36',0),(380,80,80,70.00,2,'1970-12-30 01:27:31','1979-08-21 12:38:19',1),(381,81,81,120.00,3,'2001-11-24 12:40:44','1976-08-22 18:31:50',0),(382,82,82,70.00,1,'1978-06-23 17:58:44','1980-11-10 14:50:01',1),(383,83,83,65.00,2,'1977-01-15 09:16:09','2004-01-13 21:42:35',1),(384,84,84,120.00,3,'2006-03-06 15:11:18','1985-04-02 02:40:20',0),(385,85,85,65.00,1,'2012-06-27 10:37:41','2017-04-17 15:12:25',1),(386,86,86,70.00,2,'1999-11-14 15:10:13','1995-10-20 08:18:25',0),(387,87,87,34.00,3,'1994-06-26 01:15:16','1998-03-05 15:32:41',0),(388,88,88,70.00,1,'1995-06-28 11:34:17','1979-05-06 13:35:02',0),(389,89,89,54.00,2,'1984-01-16 07:44:33','1982-01-21 15:27:43',0),(390,90,90,65.00,3,'1984-02-04 07:40:14','1997-11-25 23:45:08',0),(391,91,91,20.00,1,'1983-06-02 02:00:13','2012-07-10 22:00:03',0),(392,92,92,30.00,2,'2005-01-04 23:39:58','2018-12-07 11:12:08',1),(393,93,93,100.00,3,'2017-12-20 18:01:11','1996-06-28 23:38:29',0),(394,94,94,30.00,1,'1970-01-09 17:37:34','1975-02-04 19:34:01',1),(395,95,95,70.00,2,'2014-05-03 04:42:35','2004-07-30 00:42:48',0),(396,96,96,20.00,3,'2001-07-22 11:20:49','2016-12-01 18:51:32',0),(397,97,97,34.00,1,'1986-02-27 04:01:50','1998-03-14 19:33:33',0),(398,98,98,30.00,2,'1983-06-02 06:47:15','2001-05-14 14:58:19',0),(399,99,99,120.00,3,'1992-05-30 01:12:24','2012-07-26 12:01:38',0),(400,100,100,20.00,1,'1991-06-14 23:07:37','1993-01-13 01:13:08',0),(401,1,1,34.00,2,'1980-02-07 11:21:15','1975-04-13 23:30:54',0),(402,2,2,70.00,3,'1982-04-08 02:37:50','1996-08-10 22:45:21',0),(403,3,3,20.00,1,'1988-01-02 12:14:54','2008-02-22 07:09:35',0),(404,4,4,70.00,2,'2007-08-03 12:20:23','1987-03-21 12:27:29',0),(405,5,5,54.00,3,'2005-03-22 13:50:05','1986-10-18 01:20:30',1),(406,6,6,30.00,1,'2007-10-09 22:05:42','1992-02-06 22:51:56',1),(407,7,7,54.00,2,'1988-05-19 14:07:36','1996-08-30 06:17:12',1),(408,8,8,100.00,3,'1982-01-09 15:52:15','1981-10-20 08:26:27',0),(409,9,9,65.00,1,'1975-03-15 08:06:46','1988-07-04 11:12:04',1),(410,10,10,65.00,2,'2011-01-30 22:41:49','1981-07-11 19:33:23',1),(411,11,11,34.00,3,'1986-03-23 20:46:58','2003-02-22 03:04:14',0),(412,12,12,120.00,1,'2012-05-12 08:50:34','2017-02-11 13:15:01',1),(413,13,13,70.00,2,'1993-05-12 14:40:50','1990-08-18 13:08:23',0),(414,14,14,100.00,3,'2018-06-11 03:43:05','1978-04-12 22:08:04',0),(415,15,15,120.00,1,'1987-06-21 12:13:58','1995-06-06 12:43:48',0),(416,16,16,65.00,2,'1971-08-30 07:04:46','1983-05-23 23:53:29',1),(417,17,17,54.00,3,'2002-08-08 09:51:31','1998-09-17 22:11:28',0),(418,18,18,70.00,1,'1995-09-26 13:58:31','2000-10-27 16:57:35',1),(419,19,19,70.00,2,'2013-05-02 08:55:32','1971-06-23 06:36:12',1),(420,20,20,70.00,3,'2009-06-01 16:03:51','1991-08-20 05:05:04',1),(421,21,21,65.00,1,'1970-10-11 03:18:04','1992-10-25 04:42:35',1),(422,22,22,54.00,2,'1970-03-29 12:31:32','1998-11-14 17:45:15',1),(423,23,23,120.00,3,'2005-10-25 09:05:52','2019-01-28 06:50:36',0),(424,24,24,100.00,1,'1980-03-17 04:36:39','2009-03-16 19:19:50',1),(425,25,25,70.00,2,'2015-10-19 01:15:55','2000-02-05 20:09:32',0),(426,26,26,54.00,3,'2014-07-12 13:29:09','2019-06-25 03:09:42',0),(427,27,27,20.00,1,'1990-12-28 05:20:13','1970-02-07 06:27:18',0),(428,28,28,54.00,2,'2007-06-28 15:15:53','1996-10-29 09:14:23',1),(429,29,29,120.00,3,'2011-11-16 22:09:25','2002-01-18 12:42:24',1),(430,30,30,20.00,1,'2019-07-28 22:44:40','2012-04-02 07:20:11',1),(431,31,31,70.00,2,'1998-11-27 00:32:08','1976-08-11 20:32:21',0),(432,32,32,120.00,3,'1994-10-31 20:24:11','1982-05-14 01:15:55',0),(433,33,33,20.00,1,'1984-06-24 13:36:45','2006-04-07 09:04:48',1),(434,34,34,30.00,2,'2003-05-24 21:47:42','1981-07-06 04:07:02',1),(435,35,35,70.00,3,'2005-08-30 01:52:25','1986-08-25 05:37:41',0),(436,36,36,70.00,1,'1991-10-23 02:39:05','1992-03-06 22:12:15',0),(437,37,37,34.00,2,'1983-03-25 12:01:52','1982-07-27 19:52:57',1),(438,38,38,100.00,3,'2012-09-01 20:20:26','2013-09-20 12:04:20',1),(439,39,39,120.00,1,'2004-02-13 03:15:52','1992-06-30 11:03:32',1),(440,40,40,100.00,2,'1982-02-11 12:20:37','1973-01-21 11:36:52',1),(441,41,41,30.00,3,'1981-05-02 17:27:40','1984-05-02 12:34:10',1),(442,42,42,54.00,1,'2014-05-13 15:43:50','1972-04-05 20:07:21',1),(443,43,43,30.00,2,'1986-02-25 05:31:51','1971-05-26 07:29:31',1),(444,44,44,100.00,3,'1973-10-15 07:49:52','2011-08-28 08:15:18',1),(445,45,45,100.00,1,'2016-06-06 09:45:18','1978-12-21 18:43:12',0),(446,46,46,20.00,2,'1976-03-18 07:37:14','1980-12-17 14:40:20',1),(447,47,47,70.00,3,'2006-03-13 00:08:27','2016-12-31 13:31:04',0),(448,48,48,100.00,1,'1979-08-04 22:12:40','2003-08-28 13:33:08',0),(449,49,49,70.00,2,'1972-07-12 01:59:39','2002-05-29 03:34:26',0),(450,50,50,54.00,3,'1994-05-18 20:48:19','2010-01-23 15:53:05',0),(451,51,51,70.00,1,'1992-07-09 15:58:40','1989-09-14 22:31:38',1),(452,52,52,70.00,2,'1975-03-20 02:12:01','2019-06-18 20:39:59',1),(453,53,53,120.00,3,'1997-09-16 14:42:43','2014-11-17 14:09:53',0),(454,54,54,30.00,1,'1977-04-04 17:21:02','1972-03-20 00:44:42',1),(455,55,55,120.00,2,'2013-06-10 05:13:51','2010-08-24 17:58:40',0),(456,56,56,34.00,3,'1973-01-29 19:10:54','1996-05-12 10:11:52',1),(457,57,57,65.00,1,'2001-09-13 13:14:03','2007-12-27 10:49:24',1),(458,58,58,100.00,2,'2017-04-25 11:30:59','2004-12-08 17:18:34',0),(459,59,59,34.00,3,'2003-09-30 22:07:25','1974-07-29 06:23:03',0),(460,60,60,65.00,1,'1972-11-05 11:08:33','1979-06-01 21:42:31',1),(461,61,61,34.00,2,'2001-10-29 00:34:02','1986-05-09 10:37:14',1),(462,62,62,54.00,3,'1988-06-12 19:50:02','2013-05-23 00:15:02',0),(463,63,63,120.00,1,'1991-01-04 03:03:30','1989-08-07 16:20:32',1),(464,64,64,65.00,2,'2015-07-17 13:20:18','1981-12-01 12:20:22',0),(465,65,65,30.00,3,'1974-08-26 10:56:35','1979-02-04 01:03:58',0),(466,66,66,70.00,1,'1989-05-20 10:11:08','1970-11-10 08:11:31',0),(467,67,67,70.00,2,'1989-10-14 08:54:56','1994-12-14 23:59:26',0),(468,68,68,34.00,3,'1977-04-11 13:15:56','1971-09-04 23:35:36',0),(469,69,69,70.00,1,'1973-07-19 07:34:49','1980-07-23 23:45:20',0),(470,70,70,20.00,2,'1978-09-16 18:46:52','1971-07-29 20:34:12',0),(471,71,71,34.00,3,'2002-03-14 05:00:38','2017-11-21 07:34:55',0),(472,72,72,120.00,1,'1974-07-28 00:24:35','1992-02-18 01:42:50',1),(473,73,73,100.00,2,'2010-10-21 13:24:35','2009-01-02 15:16:51',1),(474,74,74,30.00,3,'1971-07-28 15:17:54','1987-12-17 20:56:12',1),(475,75,75,100.00,1,'1990-11-30 10:56:24','1997-05-31 23:11:14',1),(476,76,76,100.00,2,'2002-11-14 09:26:52','1981-05-28 10:26:04',1),(477,77,77,120.00,3,'1979-09-22 00:43:08','1973-10-23 04:33:53',0),(478,78,78,120.00,1,'2014-11-27 19:26:15','2015-09-09 18:06:23',1),(479,79,79,30.00,2,'1992-07-04 23:29:28','1996-07-16 20:24:42',1),(480,80,80,120.00,3,'1995-06-08 17:38:19','1996-07-14 19:22:15',1),(481,81,81,120.00,1,'2009-05-29 16:57:08','1994-05-08 05:02:16',1),(482,82,82,20.00,2,'2015-02-25 05:22:57','1971-04-15 07:27:14',0),(483,83,83,70.00,3,'2008-05-07 12:52:30','2003-06-06 04:37:19',0),(484,84,84,20.00,1,'1970-02-02 05:08:32','2016-07-08 16:06:30',1),(485,85,85,20.00,2,'2018-06-16 13:03:22','2004-03-06 19:22:13',1),(486,86,86,100.00,3,'1983-07-13 23:39:59','1996-04-28 09:16:05',1),(487,87,87,30.00,1,'2007-01-03 10:02:10','2010-12-09 15:17:02',1),(488,88,88,100.00,2,'2000-12-16 20:53:11','2017-09-21 03:23:24',0),(489,89,89,100.00,3,'2012-04-10 13:21:52','2008-01-30 19:06:45',1),(490,90,90,100.00,1,'2000-05-25 09:20:14','1986-10-27 16:09:23',1),(491,91,91,34.00,2,'2010-07-20 19:01:28','1985-11-28 16:02:27',1),(492,92,92,54.00,3,'1989-07-15 02:49:13','2012-04-11 06:20:26',1),(493,93,93,70.00,1,'1986-01-12 01:07:54','1997-07-28 14:55:29',1),(494,94,94,54.00,2,'1976-06-01 13:29:38','1979-01-19 04:31:33',0),(495,95,95,54.00,3,'1982-04-08 10:46:40','2001-01-10 23:05:14',1),(496,96,96,70.00,1,'2007-09-28 05:34:47','2017-11-03 02:14:14',0),(497,97,97,30.00,2,'1996-02-29 17:27:19','2000-06-26 23:13:30',1),(498,98,98,70.00,3,'2011-12-15 07:16:17','2008-12-30 01:38:08',1),(499,99,99,20.00,1,'1990-11-24 11:38:57','2001-12-06 05:33:13',1),(500,100,100,34.00,2,'1984-10-10 18:44:44','1970-03-21 02:45:21',0),(501,1,1,34.00,3,'1987-08-15 04:27:20','2003-10-16 18:38:36',0),(502,2,2,34.00,1,'1994-05-18 06:02:16','2000-06-06 16:34:13',1),(503,3,3,34.00,2,'1984-05-17 17:05:20','2015-11-21 20:30:41',0),(504,4,4,20.00,3,'1990-10-06 09:23:51','1999-04-03 09:31:21',0),(505,5,5,54.00,1,'1992-05-25 04:43:35','1998-09-25 14:41:40',0),(506,6,6,65.00,2,'1986-09-02 00:39:01','2011-01-11 00:39:49',1),(507,7,7,20.00,3,'1978-02-16 09:50:05','2019-09-16 12:29:08',0),(508,8,8,70.00,1,'2017-03-11 04:43:55','1985-10-13 13:04:22',0),(509,9,9,34.00,2,'2003-07-28 23:02:49','1987-02-26 15:21:39',1),(510,10,10,30.00,3,'2016-09-30 00:19:08','1974-02-23 12:01:23',1),(511,11,11,20.00,1,'1998-01-22 21:03:31','1993-04-09 07:54:08',1),(512,12,12,34.00,2,'1984-11-04 12:54:58','1971-10-28 04:08:20',0),(513,13,13,34.00,3,'2018-01-07 18:00:51','1984-04-28 13:48:36',1),(514,14,14,54.00,1,'1991-09-21 07:58:18','1997-11-11 07:08:49',1),(515,15,15,20.00,2,'1994-03-22 18:48:36','1982-09-22 07:19:19',1),(516,16,16,20.00,3,'2011-08-07 12:59:22','1998-12-27 05:35:33',0),(517,17,17,30.00,1,'2014-02-09 13:28:21','2017-10-03 18:05:09',1),(518,18,18,20.00,2,'1991-11-04 19:37:20','2008-02-15 15:10:04',1),(519,19,19,65.00,3,'1976-02-22 11:46:45','1990-03-09 14:32:02',0),(520,20,20,120.00,1,'1972-07-09 16:22:53','1981-01-07 13:45:49',1),(521,21,21,20.00,2,'2011-03-07 04:12:37','1979-07-14 14:13:10',1),(522,22,22,100.00,3,'2005-04-22 17:43:31','2002-01-11 05:53:41',0),(523,23,23,20.00,1,'2009-11-12 23:35:36','1976-12-05 17:01:49',0),(524,24,24,20.00,2,'2000-09-03 15:39:00','1990-06-26 21:26:42',1),(525,25,25,65.00,3,'1993-10-27 06:38:53','1995-11-01 21:24:15',0),(526,26,26,30.00,1,'2004-04-23 06:04:03','1987-06-05 12:52:58',0),(527,27,27,120.00,2,'1971-08-02 01:27:05','1973-06-17 21:23:08',0),(528,28,28,30.00,3,'2000-01-09 18:50:28','1989-08-11 06:01:19',0),(529,29,29,54.00,1,'2003-09-09 01:32:07','1990-11-22 17:45:16',1),(530,30,30,20.00,2,'2012-05-22 03:19:53','1980-12-17 09:13:15',1),(531,31,31,100.00,3,'1971-08-30 04:06:58','1983-07-01 18:14:01',1),(532,32,32,100.00,1,'1979-08-14 12:07:35','2007-12-04 01:12:42',0),(533,33,33,30.00,2,'2013-11-14 10:21:30','1985-02-20 03:07:58',1),(534,34,34,100.00,3,'2014-08-13 05:05:27','2004-10-28 08:42:32',0),(535,35,35,20.00,1,'1970-08-26 23:55:57','1994-07-31 09:21:33',1),(536,36,36,120.00,2,'2013-12-31 18:44:18','1997-02-25 20:18:06',1),(537,37,37,54.00,3,'2016-04-11 19:43:49','1993-02-09 18:16:44',0),(538,38,38,120.00,1,'2010-04-20 04:01:46','2008-12-01 21:00:37',1),(539,39,39,65.00,2,'1973-02-05 11:18:59','2017-06-14 19:40:31',0),(540,40,40,70.00,3,'1971-05-08 17:09:40','2005-01-21 16:17:34',0),(541,41,41,34.00,1,'2018-06-10 17:00:36','1980-02-13 00:45:50',1),(542,42,42,54.00,2,'2017-05-14 01:20:16','1973-06-24 15:33:30',1),(543,43,43,120.00,3,'1971-11-26 19:49:53','2005-04-06 19:11:43',0),(544,44,44,34.00,1,'1998-10-31 23:14:34','2005-08-12 18:03:19',0),(545,45,45,30.00,2,'1984-07-22 03:34:15','2006-01-01 21:22:10',1),(546,46,46,54.00,3,'1982-11-12 21:51:26','2016-05-21 04:21:31',0),(547,47,47,34.00,1,'2014-12-14 04:49:01','1975-07-30 23:13:39',1),(548,48,48,20.00,2,'1997-12-28 21:13:11','1986-02-16 20:00:10',1),(549,49,49,70.00,3,'1980-03-07 02:45:59','1985-09-21 19:12:52',1),(550,50,50,30.00,1,'1999-04-29 10:09:31','2002-09-16 01:33:34',1),(551,51,51,20.00,2,'1981-08-23 15:14:14','1995-08-24 01:52:52',1),(552,52,52,65.00,3,'1990-09-17 09:39:48','2009-04-24 09:52:46',1),(553,53,53,30.00,1,'2011-04-10 00:34:34','1996-07-02 16:38:31',0),(554,54,54,120.00,2,'1982-11-09 05:01:10','1977-08-10 08:08:14',0),(555,55,55,120.00,3,'2013-01-30 05:31:09','1984-12-05 22:51:29',1),(556,56,56,100.00,1,'1994-09-27 09:26:24','1983-11-24 12:27:41',0),(557,57,57,54.00,2,'1996-03-10 22:51:53','1982-12-22 17:15:20',1),(558,58,58,65.00,3,'1971-07-29 07:34:10','1996-03-22 22:41:55',1),(559,59,59,65.00,1,'1997-06-11 04:44:16','1993-02-05 02:32:46',1),(560,60,60,65.00,2,'1976-07-13 07:36:15','2009-03-04 19:24:36',1),(561,61,61,20.00,3,'1985-02-16 06:15:13','1982-09-05 04:52:56',1),(562,62,62,120.00,1,'1991-02-01 17:28:59','2017-12-05 21:03:52',0),(563,63,63,65.00,2,'1988-02-13 05:58:14','1971-07-23 21:17:28',1),(564,64,64,30.00,3,'2019-09-03 18:57:04','1992-09-20 23:57:37',1),(565,65,65,20.00,1,'2012-01-31 15:32:24','1991-02-21 12:44:10',0),(566,66,66,65.00,2,'1976-08-03 10:29:57','2000-05-12 11:26:16',0),(567,67,67,100.00,3,'1993-12-26 19:13:27','1976-01-18 22:51:09',0),(568,68,68,70.00,1,'1979-12-28 23:29:36','1980-09-19 00:57:47',1),(569,69,69,54.00,2,'2018-05-06 01:41:07','2011-08-02 22:16:46',1),(570,70,70,70.00,3,'2013-11-19 03:31:03','2015-01-14 23:04:37',0),(571,71,71,20.00,1,'1977-05-28 10:26:06','1999-06-23 15:43:37',1),(572,72,72,34.00,2,'2007-05-07 04:12:50','2012-01-23 20:54:47',0),(573,73,73,20.00,3,'1990-10-04 21:00:15','1974-10-30 09:10:52',0),(574,74,74,70.00,1,'1979-03-10 08:38:10','1991-06-12 22:36:38',0),(575,75,75,70.00,2,'2000-05-19 14:16:53','2000-12-31 00:53:52',1),(576,76,76,100.00,3,'1994-12-28 00:17:06','1982-07-10 14:25:55',0),(577,77,77,54.00,1,'2006-02-11 08:11:39','2006-12-26 18:55:59',0),(578,78,78,30.00,2,'1989-12-28 17:23:11','2008-08-29 08:57:57',1),(579,79,79,70.00,3,'2004-04-22 09:57:34','1979-09-17 23:20:55',1),(580,80,80,20.00,1,'1979-09-17 09:12:19','1984-12-10 16:57:19',1),(581,81,81,65.00,2,'2008-08-24 21:27:40','2014-06-26 20:32:02',1),(582,82,82,30.00,3,'2000-05-01 06:30:06','1995-01-24 02:30:04',0),(583,83,83,54.00,1,'1988-10-25 23:57:13','1992-06-30 03:39:04',0),(584,84,84,30.00,2,'1997-02-08 01:40:45','2015-05-15 11:16:13',1),(585,85,85,100.00,3,'1985-04-04 02:45:47','1995-02-06 19:50:11',1),(586,86,86,20.00,1,'1980-02-09 03:02:55','2005-05-15 06:26:10',1),(587,87,87,65.00,2,'1982-01-15 18:14:08','1992-04-11 21:25:05',1),(588,88,88,30.00,3,'2019-03-17 17:40:15','1990-08-13 07:21:29',0),(589,89,89,34.00,1,'1996-06-06 07:27:33','1979-01-03 20:00:03',1),(590,90,90,120.00,2,'1981-12-26 18:37:41','2010-08-18 23:10:29',0),(591,91,91,120.00,3,'1971-05-11 04:57:30','1987-11-04 08:36:39',1),(592,92,92,120.00,1,'1989-10-19 17:32:27','1973-04-22 03:50:38',1),(593,93,93,20.00,2,'1997-03-15 12:38:08','1978-04-27 21:00:51',1),(594,94,94,65.00,3,'1971-05-22 01:44:25','2005-09-11 08:20:05',0),(595,95,95,70.00,1,'2017-03-15 08:22:58','1994-07-29 17:10:36',0),(596,96,96,120.00,2,'1992-07-05 21:07:24','2019-05-01 05:55:29',1),(597,97,97,65.00,3,'2000-12-11 19:44:52','2010-11-04 01:43:26',1),(598,98,98,65.00,1,'2000-12-02 04:28:30','2000-05-20 09:31:12',0),(599,99,99,20.00,2,'2004-08-03 04:29:20','2017-06-03 23:33:16',1),(600,100,100,120.00,3,'1981-02-10 07:03:35','1972-08-25 20:14:48',1),(601,1,1,70.00,1,'1993-06-15 19:55:07','2005-04-06 13:41:13',0),(602,2,2,100.00,2,'1993-03-31 22:24:07','1974-06-02 07:02:56',1),(603,3,3,30.00,3,'1991-03-19 23:46:48','1973-12-01 13:24:33',1),(604,4,4,100.00,1,'2013-01-07 05:30:14','1991-11-14 09:02:57',1),(605,5,5,65.00,2,'2005-04-29 18:09:31','1972-08-14 09:42:15',0),(606,6,6,120.00,3,'2001-04-27 03:01:27','2006-10-31 12:36:58',1),(607,7,7,30.00,1,'2005-06-14 18:00:41','1976-01-31 15:52:46',0),(608,8,8,100.00,2,'1973-04-09 18:35:33','2012-09-06 22:16:21',1),(609,9,9,20.00,3,'2009-02-10 00:47:06','1981-09-12 13:51:27',0),(610,10,10,20.00,1,'2013-06-12 04:37:50','2002-11-09 08:36:20',1),(611,11,11,34.00,2,'1982-01-15 13:59:21','2002-12-16 16:26:10',1),(612,12,12,20.00,3,'2003-10-26 11:33:09','1980-08-25 23:20:04',1),(613,13,13,70.00,1,'1998-04-27 02:08:46','1982-04-01 08:15:53',1),(614,14,14,20.00,2,'2001-12-23 22:57:12','1986-06-25 09:35:57',1),(615,15,15,20.00,3,'1996-11-03 11:20:05','2004-03-20 22:37:11',0),(616,16,16,30.00,1,'1984-09-17 15:39:16','1971-05-07 15:31:02',1),(617,17,17,30.00,2,'1972-06-09 08:14:55','2011-12-12 21:57:38',0),(618,18,18,20.00,3,'1990-12-28 02:24:45','2002-11-21 05:47:17',0),(619,19,19,65.00,1,'2010-06-05 08:31:22','1979-03-07 17:22:53',1),(620,20,20,70.00,2,'1970-10-25 05:11:30','1974-07-21 03:04:09',1),(621,21,21,30.00,3,'1998-09-11 07:56:18','2013-07-18 03:33:42',1),(622,22,22,34.00,1,'1995-01-12 07:35:00','1980-02-02 08:20:52',0),(623,23,23,65.00,2,'2007-01-24 02:49:51','1986-11-18 22:49:00',0),(624,24,24,34.00,3,'1976-12-20 14:18:48','2018-08-14 18:58:43',1),(625,25,25,65.00,1,'2013-07-24 22:33:33','2012-11-04 13:54:27',1),(626,26,26,120.00,2,'1973-07-16 04:46:00','1983-06-25 00:01:25',0),(627,27,27,20.00,3,'1995-05-21 11:27:48','2004-01-08 09:57:25',1),(628,28,28,54.00,1,'1990-09-14 04:39:54','1970-07-12 22:43:56',0),(629,29,29,54.00,2,'2013-07-27 18:11:21','1980-10-02 22:05:05',1),(630,30,30,20.00,3,'2017-12-08 04:48:25','2019-05-09 04:44:57',0),(631,31,31,20.00,1,'1978-06-16 15:57:25','2013-06-05 12:22:53',1),(632,32,32,100.00,2,'1978-04-19 08:58:05','1977-05-11 14:44:07',1),(633,33,33,70.00,3,'2001-04-12 07:58:25','2004-09-30 06:37:08',1),(634,34,34,65.00,1,'2016-07-05 09:15:51','2001-07-04 03:32:21',0),(635,35,35,100.00,2,'2006-08-14 16:31:34','1974-06-08 17:54:05',0),(636,36,36,120.00,3,'1992-06-07 10:51:17','2002-07-19 23:53:16',1),(637,37,37,120.00,1,'1984-11-27 07:37:54','2015-04-26 16:40:19',1),(638,38,38,20.00,2,'1982-02-04 12:30:05','2006-03-07 04:02:29',0),(639,39,39,30.00,3,'1985-07-10 13:46:29','2013-08-12 01:09:17',1),(640,40,40,54.00,1,'2005-01-25 22:56:39','2009-06-14 00:58:00',0),(641,41,41,100.00,2,'1994-09-22 00:06:08','1977-04-29 02:52:16',1),(642,42,42,100.00,3,'2011-07-01 22:11:44','1984-02-10 12:14:45',0),(643,43,43,120.00,1,'2007-11-03 12:24:04','2011-07-29 04:38:55',0),(644,44,44,65.00,2,'2015-08-12 06:38:58','2004-12-13 20:17:21',1),(645,45,45,70.00,3,'2017-09-27 06:09:31','1977-08-29 07:42:51',1),(646,46,46,34.00,1,'2000-08-06 16:57:48','1970-01-20 18:32:42',0),(647,47,47,100.00,2,'2017-01-22 04:06:25','2007-08-26 14:25:55',0),(648,48,48,120.00,3,'1985-04-09 12:04:35','1973-10-10 03:14:23',1),(649,49,49,30.00,1,'2001-05-12 03:58:02','2018-12-19 10:58:48',1),(650,50,50,30.00,2,'2009-05-10 23:07:41','1985-07-29 15:43:27',0),(651,51,51,70.00,3,'2005-06-22 12:58:47','1988-02-23 19:30:30',1),(652,52,52,54.00,1,'1999-06-01 23:30:51','1973-08-30 19:49:32',0),(653,53,53,54.00,2,'2010-08-24 02:57:28','2008-05-15 07:02:29',1),(654,54,54,54.00,3,'1970-11-17 15:31:51','1988-11-20 01:01:06',0),(655,55,55,30.00,1,'1995-06-07 00:10:18','1972-10-14 17:54:35',1),(656,56,56,70.00,2,'1972-07-08 16:57:31','1991-06-20 16:00:56',0),(657,57,57,120.00,3,'1987-12-04 06:39:07','1979-10-06 06:20:42',0),(658,58,58,120.00,1,'1989-11-14 23:34:06','1972-06-14 22:50:54',0),(659,59,59,70.00,2,'1990-01-11 22:09:49','1973-03-05 15:06:40',1),(660,60,60,20.00,3,'1975-10-11 01:13:50','2005-07-03 15:29:38',0),(661,61,61,100.00,1,'1993-10-17 15:29:46','1998-08-14 10:05:06',0),(662,62,62,54.00,2,'1972-11-24 07:20:05','2014-08-17 22:48:41',1),(663,63,63,65.00,3,'1973-07-24 21:36:34','1988-01-30 03:16:30',1),(664,64,64,54.00,1,'2016-06-07 13:58:29','1999-06-16 21:27:01',1),(665,65,65,20.00,2,'1985-08-05 17:28:16','1985-06-12 23:25:45',0),(666,66,66,34.00,3,'1971-11-18 19:36:23','2002-06-28 12:17:47',0),(667,67,67,100.00,1,'1976-01-21 05:06:14','1997-07-19 10:10:00',0),(668,68,68,30.00,2,'1987-02-01 07:49:36','1993-12-26 02:22:23',1),(669,69,69,20.00,3,'1996-01-09 08:49:33','1994-08-18 13:57:22',1),(670,70,70,30.00,1,'2018-08-16 12:28:50','1987-09-07 09:19:29',0),(671,71,71,100.00,2,'1974-08-28 08:16:03','1975-10-10 19:32:42',1),(672,72,72,100.00,3,'2004-08-13 19:20:33','1973-03-15 10:20:23',0),(673,73,73,20.00,1,'1985-05-02 17:13:50','1971-11-30 03:15:09',0),(674,74,74,70.00,2,'1998-01-08 04:15:51','1985-01-04 02:35:12',0),(675,75,75,120.00,3,'2002-12-09 14:27:42','2004-08-15 22:21:35',0),(676,76,76,54.00,1,'2012-06-11 18:22:42','1985-05-22 15:47:48',1),(677,77,77,100.00,2,'2008-01-19 07:22:15','1984-10-05 02:13:41',1),(678,78,78,70.00,3,'1994-07-22 01:13:48','2006-01-28 23:24:50',0),(679,79,79,34.00,1,'1970-01-25 07:59:36','1987-07-12 22:14:37',1),(680,80,80,54.00,2,'2003-12-26 19:32:45','2001-01-30 05:34:39',0),(681,81,81,100.00,3,'2019-06-13 17:50:30','2001-07-06 23:23:33',1),(682,82,82,70.00,1,'1987-10-25 07:17:25','1970-09-11 06:19:23',1),(683,83,83,65.00,2,'1977-09-21 11:07:52','1986-11-30 07:54:36',1),(684,84,84,34.00,3,'1981-10-20 15:57:02','1975-11-07 01:26:56',1),(685,85,85,54.00,1,'2002-10-26 11:11:22','1976-06-20 19:39:51',1),(686,86,86,120.00,2,'2011-04-08 10:37:44','1990-06-13 04:57:35',0),(687,87,87,70.00,3,'1976-03-05 15:08:05','2002-05-28 01:59:24',1),(688,88,88,120.00,1,'1999-02-06 18:30:26','1989-07-12 17:54:48',1),(689,89,89,54.00,2,'1970-06-26 10:20:19','2007-11-11 09:41:30',1),(690,90,90,30.00,3,'2017-10-02 21:57:50','1990-04-24 21:30:54',1),(691,91,91,30.00,1,'1996-05-01 18:09:58','2004-11-16 17:45:30',0),(692,92,92,54.00,2,'2000-07-26 03:52:22','2014-09-17 16:43:24',0),(693,93,93,34.00,3,'2016-09-27 18:40:32','1983-04-20 09:37:53',0),(694,94,94,70.00,1,'2006-01-29 04:53:40','1982-08-10 07:50:28',0),(695,95,95,30.00,2,'2011-02-07 19:03:10','1994-09-09 02:31:15',0),(696,96,96,30.00,3,'2016-03-26 21:05:37','1974-06-06 10:16:05',1),(697,97,97,20.00,1,'2012-05-13 13:12:47','2012-10-03 12:16:01',1),(698,98,98,20.00,2,'2010-07-23 21:19:12','2012-07-21 16:51:08',0),(699,99,99,20.00,3,'1983-06-30 03:45:13','2004-03-17 21:03:03',1),(700,100,100,100.00,1,'1974-01-04 12:30:33','1997-12-11 02:38:33',1),(701,1,1,20.00,2,'1973-05-19 07:02:31','1970-09-17 14:36:24',1),(702,2,2,65.00,3,'2015-01-26 11:42:43','2019-02-19 02:21:22',1),(703,3,3,70.00,1,'2011-08-21 10:28:40','1995-08-28 23:50:41',0),(704,4,4,100.00,2,'2014-12-12 15:56:35','1975-03-27 22:28:19',0),(705,5,5,34.00,3,'1976-08-08 01:37:05','1977-05-21 14:54:02',0),(706,6,6,70.00,1,'2013-03-06 19:49:01','2004-09-11 11:45:49',1),(707,7,7,34.00,2,'1993-02-04 06:47:59','1974-10-02 23:28:36',1),(708,8,8,20.00,3,'1970-08-27 11:01:11','2011-11-26 17:42:39',1),(709,9,9,54.00,1,'2000-08-29 17:58:26','1991-11-21 05:33:16',0),(710,10,10,54.00,2,'2003-09-04 00:05:30','1994-10-22 02:59:03',1),(711,11,11,65.00,3,'2014-08-12 11:10:29','1988-12-25 19:59:12',1),(712,12,12,120.00,1,'1984-06-27 01:34:41','1995-07-27 09:56:53',1),(713,13,13,100.00,2,'1977-02-18 15:08:00','1999-09-19 14:10:30',1),(714,14,14,34.00,3,'1992-02-17 02:31:54','1997-01-12 05:47:27',0),(715,15,15,120.00,1,'2017-12-31 02:01:03','2005-05-19 00:33:36',1),(716,16,16,70.00,2,'2018-01-13 02:29:37','2017-04-02 21:15:22',1),(717,17,17,30.00,3,'2001-04-25 23:49:36','1991-10-28 23:24:48',0),(718,18,18,34.00,1,'1976-01-01 12:14:48','1990-05-31 23:34:49',0),(719,19,19,30.00,2,'2006-09-19 20:47:11','1988-09-13 09:23:51',0),(720,20,20,34.00,3,'2006-09-06 08:58:17','2011-05-24 23:31:23',1),(721,21,21,70.00,1,'1983-04-22 01:51:14','2003-07-15 15:08:35',1),(722,22,22,65.00,2,'1988-07-28 20:21:33','2006-05-24 15:34:30',1),(723,23,23,70.00,3,'1996-12-23 12:06:34','1996-11-13 04:27:38',0),(724,24,24,100.00,1,'2017-02-19 22:36:34','2007-10-21 01:06:18',0),(725,25,25,70.00,2,'1973-01-11 09:34:30','2012-12-08 23:11:49',0),(726,26,26,65.00,3,'2012-07-31 17:49:17','2011-08-07 06:55:15',1),(727,27,27,120.00,1,'2003-07-22 12:09:04','2012-02-17 04:40:55',0),(728,28,28,65.00,2,'2012-04-29 09:23:51','1992-03-31 09:58:09',1),(729,29,29,54.00,3,'2000-08-05 18:18:03','2014-11-15 04:50:33',0),(730,30,30,65.00,1,'2013-01-09 21:06:16','1995-05-17 13:08:27',1),(731,31,31,65.00,2,'1973-07-23 03:59:50','1982-02-18 14:57:55',0),(732,32,32,70.00,3,'2010-02-11 05:52:54','2008-06-13 22:21:12',1),(733,33,33,120.00,1,'2017-09-25 23:40:58','1995-06-01 03:49:34',0),(734,34,34,100.00,2,'2017-02-11 22:12:28','1991-07-22 12:08:45',1),(735,35,35,65.00,3,'2013-11-21 20:23:21','2002-08-29 13:59:11',0),(736,36,36,20.00,1,'2007-02-23 15:07:38','2008-06-20 07:35:05',0),(737,37,37,30.00,2,'1999-07-20 14:22:41','2012-06-04 04:09:01',0),(738,38,38,70.00,3,'2018-02-11 06:29:01','1982-11-29 05:10:45',1),(739,39,39,20.00,1,'2011-02-15 21:14:18','1982-02-08 04:48:54',0),(740,40,40,30.00,2,'2009-11-15 17:03:54','2011-11-12 22:32:39',1),(741,41,41,100.00,3,'1996-09-18 21:35:23','1997-06-19 21:16:12',1),(742,42,42,120.00,1,'1981-03-28 06:15:17','2013-12-24 00:43:39',1),(743,43,43,20.00,2,'2007-11-23 04:04:10','1972-01-08 11:14:49',1),(744,44,44,100.00,3,'1996-11-19 01:15:19','2000-02-25 05:51:41',0),(745,45,45,20.00,1,'2004-05-02 10:01:19','1981-10-20 23:19:29',1),(746,46,46,65.00,2,'2007-12-23 18:54:33','2012-01-19 06:29:08',0),(747,47,47,65.00,3,'1975-12-01 18:52:00','1998-12-16 13:34:39',1),(748,48,48,70.00,1,'1993-11-29 01:25:07','1982-04-21 06:54:22',1),(749,49,49,20.00,2,'2018-01-18 10:14:03','2016-05-21 18:04:24',1),(750,50,50,20.00,3,'1983-12-22 06:05:57','2015-10-18 06:12:35',0),(751,51,51,30.00,1,'1998-03-14 11:41:30','2007-05-04 06:19:09',1),(752,52,52,65.00,2,'2014-12-12 07:47:22','1995-01-13 00:58:04',1),(753,53,53,34.00,3,'2000-12-16 04:17:43','1980-03-02 01:45:49',0),(754,54,54,30.00,1,'2018-12-06 03:27:03','1980-06-12 22:24:38',1),(755,55,55,30.00,2,'2002-12-06 08:47:56','2007-04-14 03:56:09',0),(756,56,56,70.00,3,'2003-06-19 06:57:05','2003-07-28 16:59:01',0),(757,57,57,20.00,1,'1992-02-26 18:32:52','1995-05-04 16:16:08',0),(758,58,58,65.00,2,'2016-11-26 18:08:10','2000-08-27 14:22:49',0),(759,59,59,30.00,3,'2001-04-04 08:26:05','1983-12-09 12:35:10',1),(760,60,60,70.00,1,'1994-11-28 09:32:58','1974-01-24 09:48:36',1),(761,61,61,70.00,2,'2016-11-02 16:53:07','1991-10-08 08:00:24',1),(762,62,62,54.00,3,'2014-08-29 14:14:32','2005-09-10 13:43:40',1),(763,63,63,20.00,1,'2017-07-16 23:59:31','1983-10-25 18:08:53',1),(764,64,64,120.00,2,'1992-08-21 14:29:02','2000-05-05 17:19:07',1),(765,65,65,20.00,3,'1978-12-04 17:41:19','1992-09-30 03:38:27',0),(766,66,66,100.00,1,'1970-05-19 18:47:09','1988-05-08 21:26:02',0),(767,67,67,65.00,2,'2000-01-19 19:54:10','1985-06-13 23:14:22',1),(768,68,68,30.00,3,'1994-06-18 05:35:30','2018-09-27 08:22:23',1),(769,69,69,100.00,1,'2006-04-18 12:29:11','1982-11-26 16:31:32',1),(770,70,70,30.00,2,'2003-05-24 04:39:47','2013-01-29 14:19:54',0),(771,71,71,120.00,3,'2015-07-07 04:18:28','1976-03-06 03:05:35',0),(772,72,72,54.00,1,'1975-10-17 02:57:25','1970-07-01 08:34:35',1),(773,73,73,70.00,2,'1982-09-11 12:19:55','2015-05-08 22:06:25',0),(774,74,74,30.00,3,'1980-02-02 14:05:39','1985-12-07 04:54:18',0),(775,75,75,34.00,1,'2000-10-19 03:22:38','1974-02-03 03:23:04',1),(776,76,76,30.00,2,'1990-12-14 07:01:55','1998-08-27 05:26:45',1),(777,77,77,20.00,3,'1985-05-24 17:01:11','1985-06-14 00:06:22',1),(778,78,78,100.00,1,'2018-06-10 11:46:07','1995-01-11 09:52:33',0),(779,79,79,30.00,2,'2003-04-06 21:00:36','2010-12-08 14:07:56',1),(780,80,80,100.00,3,'2001-10-06 02:50:35','1989-10-11 09:59:05',0),(781,81,81,54.00,1,'1991-08-22 11:21:34','1990-03-22 08:42:31',1),(782,82,82,30.00,2,'1986-06-17 10:07:47','1996-06-06 00:40:51',1),(783,83,83,65.00,3,'2012-06-11 21:51:42','1987-07-19 20:28:37',1),(784,84,84,20.00,1,'1998-05-03 04:37:50','1985-03-04 22:01:47',1),(785,85,85,65.00,2,'2001-03-26 08:47:01','1973-05-02 21:53:21',1),(786,86,86,30.00,3,'2000-08-09 09:20:51','1997-09-10 15:51:54',0),(787,87,87,70.00,1,'1985-11-21 04:15:31','2000-04-22 09:37:40',1),(788,88,88,70.00,2,'1990-06-08 15:15:40','1991-02-16 01:55:14',1),(789,89,89,54.00,3,'1985-09-20 21:41:38','2005-09-14 16:38:37',0),(790,90,90,54.00,1,'1987-04-26 03:44:11','1997-09-09 08:11:18',1),(791,91,91,34.00,2,'1970-10-27 06:34:32','1983-10-24 12:14:17',1),(792,92,92,70.00,3,'2003-08-29 09:57:13','1970-12-18 14:45:55',0),(793,93,93,34.00,1,'1995-11-11 06:44:49','1972-02-12 04:13:49',1),(794,94,94,34.00,2,'2009-10-10 13:17:16','1987-05-19 08:07:49',1),(795,95,95,34.00,3,'1979-08-15 17:15:25','2012-11-06 01:17:56',1),(796,96,96,100.00,1,'1974-05-13 22:26:51','1990-06-05 23:00:40',1),(797,97,97,20.00,2,'2002-03-12 02:06:50','2015-10-17 00:18:14',0),(798,98,98,30.00,3,'1975-03-23 05:21:18','2009-04-01 05:01:06',0),(799,99,99,20.00,1,'1980-11-08 01:04:48','1975-07-15 16:34:31',0),(800,100,100,54.00,2,'2017-08-26 15:29:13','2000-07-20 18:23:20',0),(801,1,1,30.00,3,'2002-10-12 09:42:22','1990-12-25 13:09:30',1),(802,2,2,54.00,1,'1982-06-15 22:33:30','2000-03-12 17:21:12',1),(803,3,3,100.00,2,'1997-01-13 00:08:45','1998-07-31 20:16:52',1),(804,4,4,100.00,3,'1970-12-08 08:33:03','1988-02-28 16:02:47',0),(805,5,5,20.00,1,'1970-10-18 15:38:23','2014-06-07 17:59:12',1),(806,6,6,65.00,2,'1981-06-09 02:32:50','2001-08-16 02:15:49',1),(807,7,7,65.00,3,'1973-10-16 14:42:52','1972-02-25 06:19:55',0),(808,8,8,70.00,1,'2004-11-17 09:32:27','1999-07-22 15:47:09',0),(809,9,9,54.00,2,'2006-05-05 11:20:10','1993-08-22 22:45:05',1),(810,10,10,30.00,3,'1990-06-12 00:06:49','2009-08-22 16:55:33',0),(811,11,11,120.00,1,'1974-08-21 09:45:43','1979-06-15 11:41:41',0),(812,12,12,100.00,2,'1982-12-18 16:18:45','2018-07-14 07:58:55',1),(813,13,13,34.00,3,'2001-04-08 19:54:12','2018-10-14 23:43:38',0),(814,14,14,65.00,1,'1972-04-10 19:38:01','1995-04-12 20:23:55',0),(815,15,15,70.00,2,'2008-01-01 23:36:29','2003-04-28 10:18:37',0),(816,16,16,100.00,3,'2012-04-15 00:01:39','1998-01-02 19:07:55',0),(817,17,17,30.00,1,'2015-04-12 22:49:45','2011-04-08 08:01:09',1),(818,18,18,34.00,2,'1998-01-21 02:07:23','2010-04-16 20:27:24',0),(819,19,19,20.00,3,'1980-11-07 17:25:04','1993-06-15 02:15:39',1),(820,20,20,30.00,1,'1999-02-17 03:52:17','1997-03-21 06:28:11',1),(821,21,21,54.00,2,'1987-07-04 23:36:32','2009-01-01 23:03:45',1),(822,22,22,54.00,3,'1991-02-02 13:54:45','1983-07-31 02:07:04',1),(823,23,23,34.00,1,'1970-10-20 12:54:51','2019-03-21 02:20:29',1),(824,24,24,20.00,2,'1984-07-19 13:12:40','1980-12-04 01:14:49',0),(825,25,25,20.00,3,'1988-09-23 19:54:41','1974-06-21 03:45:35',1),(826,26,26,70.00,1,'2015-07-01 11:30:25','2006-02-01 20:48:14',0),(827,27,27,70.00,2,'1972-06-03 06:53:54','1974-06-20 21:40:07',0),(828,28,28,65.00,3,'1979-08-12 20:53:21','1980-12-10 13:07:48',0),(829,29,29,34.00,1,'2010-05-17 08:45:24','2008-01-01 23:22:52',1),(830,30,30,34.00,2,'2006-02-13 23:48:47','2009-10-20 05:12:45',0),(831,31,31,54.00,3,'2007-01-15 09:09:40','1974-10-19 16:32:42',0),(832,32,32,30.00,1,'1981-04-17 23:13:15','2017-07-26 10:51:26',1),(833,33,33,70.00,2,'1976-06-07 11:54:40','2004-01-04 04:42:21',1),(834,34,34,34.00,3,'1977-09-19 11:18:03','1974-05-04 16:52:30',0),(835,35,35,70.00,1,'2016-05-28 00:46:51','2012-12-11 21:44:42',1),(836,36,36,100.00,2,'2008-12-11 13:42:18','1987-05-29 20:19:09',1),(837,37,37,120.00,3,'1974-09-25 07:28:00','2015-10-26 17:36:14',1),(838,38,38,54.00,1,'1976-05-01 04:35:53','2013-07-19 10:28:33',0),(839,39,39,54.00,2,'1978-02-25 08:41:43','1986-09-08 04:25:46',0),(840,40,40,30.00,3,'1974-03-04 06:15:29','1985-05-27 07:27:18',0),(841,41,41,34.00,1,'1974-03-16 01:17:14','2000-02-07 01:24:13',1),(842,42,42,65.00,2,'1978-12-04 13:20:44','1976-12-02 09:38:44',1),(843,43,43,20.00,3,'1978-05-20 16:53:56','2004-07-11 17:58:19',0),(844,44,44,20.00,1,'1983-02-23 13:59:13','1978-01-24 02:46:31',0),(845,45,45,54.00,2,'1976-08-10 03:06:10','2016-04-24 09:20:49',1),(846,46,46,20.00,3,'1978-12-17 02:26:26','1986-03-18 09:35:11',0),(847,47,47,70.00,1,'1999-04-10 01:33:32','2002-01-19 21:47:26',0),(848,48,48,120.00,2,'2009-09-22 15:08:07','1996-08-30 17:12:05',0),(849,49,49,65.00,3,'2014-04-29 08:23:39','1998-02-24 01:35:52',1),(850,50,50,65.00,1,'1991-11-10 17:55:35','1982-04-01 17:35:49',1),(851,51,51,100.00,2,'1988-02-18 11:59:44','2014-05-13 09:18:11',0),(852,52,52,120.00,3,'1988-05-28 12:37:16','2009-11-03 22:55:26',1),(853,53,53,30.00,1,'1978-06-20 20:08:21','1981-06-26 06:43:34',1),(854,54,54,120.00,2,'1985-03-20 19:35:19','1978-01-23 05:07:25',1),(855,55,55,120.00,3,'2016-02-27 21:25:08','1981-10-18 03:50:50',0),(856,56,56,100.00,1,'1980-08-29 12:23:40','1981-07-21 05:26:20',0),(857,57,57,30.00,2,'1998-07-02 10:47:54','2001-10-14 10:06:25',0),(858,58,58,70.00,3,'2009-01-01 22:59:23','2016-12-05 07:14:10',0),(859,59,59,34.00,1,'1985-12-10 03:33:37','2016-03-15 18:43:57',1),(860,60,60,100.00,2,'2014-10-22 02:40:03','1979-02-15 13:14:23',0),(861,61,61,65.00,3,'2013-11-02 11:45:21','2011-03-13 08:14:40',0),(862,62,62,70.00,1,'1985-05-13 17:53:29','1984-11-08 02:34:12',1),(863,63,63,30.00,2,'1981-01-03 22:21:06','1995-02-12 16:12:35',1),(864,64,64,30.00,3,'2018-07-01 10:12:40','2003-08-08 21:28:09',1),(865,65,65,20.00,1,'1972-07-16 00:06:36','1980-11-10 13:49:02',1),(866,66,66,54.00,2,'1995-02-19 05:33:45','1991-05-24 03:07:34',1),(867,67,67,120.00,3,'2011-01-05 10:05:05','1996-05-23 05:07:46',1),(868,68,68,54.00,1,'1999-06-25 09:54:35','2004-08-14 08:25:19',0),(869,69,69,65.00,2,'2003-01-19 16:15:05','1990-06-19 21:29:18',1),(870,70,70,34.00,3,'1998-09-27 11:11:27','1999-03-03 11:59:47',1),(871,71,71,34.00,1,'1978-03-14 12:30:00','1993-11-30 18:38:09',0),(872,72,72,30.00,2,'1977-12-25 06:04:50','1989-04-25 18:14:00',1),(873,73,73,54.00,3,'1978-01-07 16:41:21','2011-07-18 11:37:43',1),(874,74,74,120.00,1,'1972-11-27 23:47:13','1980-02-06 11:40:49',0),(875,75,75,30.00,2,'2001-05-01 03:04:04','1976-10-29 16:30:58',1),(876,76,76,100.00,3,'1996-08-10 14:07:41','2012-09-25 17:35:42',0),(877,77,77,120.00,1,'1980-07-07 11:39:59','1983-11-24 09:08:04',1),(878,78,78,34.00,2,'1993-06-07 13:21:56','1987-10-31 05:04:50',0),(879,79,79,30.00,3,'2007-09-06 11:08:43','1987-08-04 15:17:37',1),(880,80,80,20.00,1,'1976-11-05 09:56:40','1971-10-18 10:33:57',1),(881,81,81,54.00,2,'1995-08-09 16:58:31','2019-04-01 13:25:36',1),(882,82,82,65.00,3,'2015-01-08 13:20:53','2002-05-14 18:17:31',1),(883,83,83,34.00,1,'1999-05-15 00:04:51','2008-05-09 13:48:36',1),(884,84,84,20.00,2,'2019-03-04 08:03:21','1972-01-02 05:44:21',1),(885,85,85,65.00,3,'1990-02-19 12:13:19','1973-04-14 13:12:37',0),(886,86,86,120.00,1,'2007-07-19 04:50:14','2013-12-04 11:52:24',0),(887,87,87,120.00,2,'1991-11-23 13:41:39','1974-11-30 17:47:10',1),(888,88,88,20.00,3,'2017-01-12 06:03:47','1989-05-20 20:10:45',0),(889,89,89,20.00,1,'1979-06-07 05:06:37','1994-01-12 12:17:39',1),(890,90,90,120.00,2,'1993-08-22 01:27:37','2008-10-25 23:53:24',0),(891,91,91,65.00,3,'1990-07-28 14:38:30','1979-05-25 23:10:24',0),(892,92,92,70.00,1,'1985-07-23 16:58:13','1982-09-15 03:39:01',0),(893,93,93,54.00,2,'1989-11-01 09:27:57','2006-07-08 19:20:46',1),(894,94,94,20.00,3,'1977-09-24 04:41:53','1999-07-07 16:57:48',0),(895,95,95,120.00,1,'2001-01-24 11:18:09','1979-12-08 16:41:17',1),(896,96,96,70.00,2,'2009-08-22 06:54:48','2004-07-03 01:28:57',1),(897,97,97,70.00,3,'1971-02-24 11:43:02','2017-10-20 13:43:38',0),(898,98,98,120.00,1,'1997-06-11 10:47:13','1970-10-02 12:09:49',1),(899,99,99,34.00,2,'1970-07-01 00:52:02','2019-02-17 04:50:15',0),(900,100,100,30.00,3,'2002-10-23 23:56:08','2009-01-28 12:19:42',0),(901,1,1,70.00,1,'1996-03-30 01:52:37','1972-01-23 21:32:31',1),(902,2,2,20.00,2,'2000-08-09 15:08:50','2014-01-17 07:18:36',0),(903,3,3,65.00,3,'2018-03-02 09:46:25','2008-11-06 18:35:30',1),(904,4,4,34.00,1,'2016-08-02 05:25:55','1984-08-25 23:09:34',1),(905,5,5,30.00,2,'2003-07-06 08:09:20','2015-05-21 01:29:10',1),(906,6,6,20.00,3,'1972-04-28 12:33:55','2011-01-04 05:06:38',0),(907,7,7,120.00,1,'1982-12-31 00:13:57','2009-08-26 07:24:37',0),(908,8,8,34.00,2,'1971-02-09 16:37:13','1976-10-24 08:59:28',1),(909,9,9,30.00,3,'1972-08-02 19:37:45','2005-12-27 11:08:19',0),(910,10,10,120.00,1,'1974-01-01 02:05:39','1971-03-27 22:34:36',1),(911,11,11,20.00,2,'2004-08-18 13:33:40','1984-04-16 11:57:14',0),(912,12,12,70.00,3,'1998-09-11 21:20:50','1989-07-31 07:42:44',1),(913,13,13,65.00,1,'1982-12-24 18:06:33','2003-02-18 06:26:28',1),(914,14,14,100.00,2,'1997-03-31 07:54:07','1977-04-25 02:56:33',0),(915,15,15,20.00,3,'1975-08-26 08:46:38','2010-12-17 17:20:55',0),(916,16,16,65.00,1,'1995-01-24 05:07:18','1998-08-25 17:38:35',0),(917,17,17,20.00,2,'1979-07-09 06:14:38','1988-01-04 15:08:20',0),(918,18,18,65.00,3,'1996-12-15 09:27:42','1989-05-31 13:39:18',0),(919,19,19,120.00,1,'2001-01-16 05:37:56','1997-03-03 04:34:40',1),(920,20,20,54.00,2,'2014-09-07 16:00:24','1974-08-13 20:31:21',0),(921,21,21,120.00,3,'2017-09-11 14:30:44','1997-05-03 06:50:33',0),(922,22,22,70.00,1,'1995-10-24 11:05:34','2001-09-15 04:00:43',1),(923,23,23,65.00,2,'2005-05-20 21:33:08','1972-05-21 20:18:19',0),(924,24,24,65.00,3,'2012-04-06 23:58:38','1993-03-24 01:50:52',1),(925,25,25,120.00,1,'2009-04-03 16:44:01','1977-07-08 23:21:44',1),(926,26,26,30.00,2,'2006-04-07 03:47:32','1980-09-12 21:18:49',0),(927,27,27,70.00,3,'1998-04-08 19:31:24','1993-09-18 02:46:11',0),(928,28,28,65.00,1,'2002-09-24 00:45:01','1977-02-10 02:33:43',1),(929,29,29,100.00,2,'2017-04-06 19:07:01','1970-07-02 00:14:16',0),(930,30,30,54.00,3,'2006-02-15 03:19:42','1992-09-24 09:28:24',0),(931,31,31,65.00,1,'2015-08-13 22:30:08','2008-11-30 02:44:49',0),(932,32,32,70.00,2,'2012-12-15 06:38:27','2003-05-06 18:38:22',1),(933,33,33,65.00,3,'2004-05-05 09:01:44','2009-10-06 01:22:09',1),(934,34,34,100.00,1,'1990-07-01 19:13:03','1981-08-29 21:50:23',0),(935,35,35,100.00,2,'1996-01-07 17:19:14','2010-05-19 09:16:35',0),(936,36,36,20.00,3,'2002-05-06 23:34:57','2009-11-29 22:31:10',1),(937,37,37,34.00,1,'1999-08-24 03:52:34','2002-10-12 03:47:18',1),(938,38,38,54.00,2,'2008-12-14 14:33:48','1975-12-19 18:15:53',1),(939,39,39,70.00,3,'2011-03-29 14:50:06','1999-07-10 01:15:36',1),(940,40,40,65.00,1,'1983-03-30 15:04:13','1973-11-30 22:11:35',1),(941,41,41,20.00,2,'1984-08-29 22:20:58','2018-01-15 14:53:02',0),(942,42,42,34.00,3,'1989-08-09 13:10:16','1984-05-15 06:08:15',1),(943,43,43,120.00,1,'1992-04-23 03:49:03','1980-01-11 12:38:00',0),(944,44,44,70.00,2,'2016-02-29 13:04:51','1981-05-01 03:17:21',0),(945,45,45,65.00,3,'2008-09-09 22:11:04','1973-01-03 19:46:22',0),(946,46,46,120.00,1,'2004-12-16 01:32:14','1989-03-30 03:40:41',0),(947,47,47,54.00,2,'1982-09-22 07:42:25','2007-08-15 11:56:01',0),(948,48,48,20.00,3,'1997-08-03 23:09:06','1991-08-27 17:53:13',0),(949,49,49,100.00,1,'2003-11-10 15:41:12','1997-04-25 13:32:33',0),(950,50,50,65.00,2,'1975-01-22 07:19:45','2009-09-17 17:47:35',0),(951,51,51,70.00,3,'1998-07-03 13:26:09','2003-11-10 16:07:27',0),(952,52,52,20.00,1,'1995-03-22 07:24:39','1982-02-18 18:01:29',1),(953,53,53,54.00,2,'1985-07-14 13:57:35','2007-05-02 12:37:12',0),(954,54,54,34.00,3,'2002-10-01 21:13:20','1983-12-08 17:03:35',0),(955,55,55,100.00,1,'2017-05-26 00:08:17','1973-09-30 13:29:00',0),(956,56,56,70.00,2,'1992-06-12 22:51:43','1985-02-01 13:57:51',0),(957,57,57,20.00,3,'2015-02-05 03:06:34','1988-09-21 12:27:03',1),(958,58,58,65.00,1,'1982-07-09 11:05:04','2011-04-30 06:43:11',1),(959,59,59,100.00,2,'1987-06-03 19:04:00','1976-07-24 10:09:43',0),(960,60,60,120.00,3,'1978-03-16 04:19:19','1975-10-08 16:09:56',0),(961,61,61,54.00,1,'1986-04-24 18:33:10','2017-12-24 18:38:28',1),(962,62,62,65.00,2,'1990-08-31 13:34:07','1986-08-23 16:12:18',0),(963,63,63,54.00,3,'1985-08-04 18:08:14','1976-12-05 00:37:47',0),(964,64,64,100.00,1,'1992-01-08 17:28:06','1991-08-27 23:25:48',1),(965,65,65,65.00,2,'1994-02-15 15:18:49','1980-06-03 20:44:15',1),(966,66,66,120.00,3,'2009-10-05 09:59:26','1982-10-16 11:08:53',1),(967,67,67,100.00,1,'1999-09-02 01:23:38','2015-03-27 03:16:02',1),(968,68,68,100.00,2,'1984-12-25 20:51:48','1992-10-31 15:17:47',0),(969,69,69,30.00,3,'1973-06-01 07:06:27','1977-09-02 09:04:47',1),(970,70,70,120.00,1,'1985-10-25 02:48:26','1975-05-05 18:46:02',0),(971,71,71,30.00,2,'1981-01-25 19:30:13','2002-11-22 04:32:44',1),(972,72,72,120.00,3,'1998-09-26 14:10:28','2014-04-11 14:53:29',0),(973,73,73,70.00,1,'2013-11-14 04:42:41','1980-05-07 06:22:36',1),(974,74,74,65.00,2,'1977-05-19 14:08:41','1989-08-08 17:25:45',1),(975,75,75,20.00,3,'2005-10-12 13:55:19','2007-12-04 05:46:57',1),(976,76,76,30.00,1,'1986-12-12 01:50:02','2011-05-12 08:55:37',0),(977,77,77,20.00,2,'2012-02-21 15:59:32','1997-08-14 09:55:22',1),(978,78,78,70.00,3,'1981-04-03 01:47:45','1993-11-04 20:33:25',0),(979,79,79,70.00,1,'2001-12-28 06:08:23','1981-03-21 01:19:35',1),(980,80,80,70.00,2,'1982-02-17 11:29:25','1985-01-10 02:29:08',1),(981,81,81,100.00,3,'1977-01-30 13:44:13','1988-05-16 04:11:10',0),(982,82,82,120.00,1,'1970-04-06 03:58:35','2005-02-21 03:06:31',0),(983,83,83,54.00,2,'1989-06-26 00:47:58','1979-06-19 16:11:24',0),(984,84,84,100.00,3,'1986-06-22 11:12:14','2016-01-01 18:29:00',0),(985,85,85,120.00,1,'1983-03-24 13:49:11','2018-05-17 04:08:17',0),(986,86,86,34.00,2,'1977-03-02 07:46:26','1987-08-04 16:21:52',1),(987,87,87,34.00,3,'2003-01-14 21:01:33','1989-06-13 14:32:50',0),(988,88,88,30.00,1,'2000-09-21 18:07:57','2009-12-05 00:39:49',0),(989,89,89,54.00,2,'2016-04-09 09:36:28','2007-02-04 02:46:12',1),(990,90,90,120.00,3,'1998-08-05 21:44:20','1998-10-17 03:34:37',0),(991,91,91,30.00,1,'1982-08-14 07:19:45','2010-08-28 00:57:50',1),(992,92,92,34.00,2,'1980-08-10 06:25:11','1984-08-19 11:47:43',0),(993,93,93,30.00,3,'1984-09-14 05:03:02','2003-05-08 16:10:52',1),(994,94,94,20.00,1,'2019-07-21 11:25:46','2009-02-20 06:17:31',0),(995,95,95,34.00,2,'2006-07-13 08:21:43','2017-10-13 08:07:21',0),(996,96,96,54.00,3,'2010-12-18 02:57:15','2000-05-23 06:24:06',0),(997,97,97,30.00,1,'2009-06-06 19:44:44','1975-07-27 05:33:58',0),(998,98,98,20.00,2,'1979-04-07 09:49:31','1987-02-24 01:42:50',1),(999,99,99,65.00,3,'2007-03-28 08:25:16','2011-12-28 11:06:30',1),(1000,100,100,65.00,1,'1995-01-02 13:01:50','1977-01-16 06:37:55',0);
/*!40000 ALTER TABLE `prices` ENABLE KEYS */;
UNLOCK TABLES;
/*!50003 SET @saved_cs_client      = @@character_set_client */ ;
/*!50003 SET @saved_cs_results     = @@character_set_results */ ;
/*!50003 SET @saved_col_connection = @@collation_connection */ ;
/*!50003 SET character_set_client  = utf8mb4 */ ;
/*!50003 SET character_set_results = utf8mb4 */ ;
/*!50003 SET collation_connection  = utf8mb4_0900_ai_ci */ ;
/*!50003 SET @saved_sql_mode       = @@sql_mode */ ;
/*!50003 SET sql_mode              = 'ONLY_FULL_GROUP_BY,STRICT_TRANS_TABLES,NO_ZERO_IN_DATE,NO_ZERO_DATE,ERROR_FOR_DIVISION_BY_ZERO,NO_ENGINE_SUBSTITUTION' */ ;
DELIMITER ;;
/*!50003 CREATE*/ /*!50017 DEFINER=`admin`@`%`*/ /*!50003 TRIGGER `tr_date_cor` BEFORE INSERT ON `prices` FOR EACH ROW set NEW.date_from = DATE_FORMAT(NEW.date_from,'%Y-%m-%d 14-00-00')
and NEW.date_to = DATE_FORMAT(NEW.date_to,'%Y-%m-%d 12-00-00') */;;
DELIMITER ;
/*!50003 SET sql_mode              = @saved_sql_mode */ ;
/*!50003 SET character_set_client  = @saved_cs_client */ ;
/*!50003 SET character_set_results = @saved_cs_results */ ;
/*!50003 SET collation_connection  = @saved_col_connection */ ;

--
-- Table structure for table `responses`
--

DROP TABLE IF EXISTS `responses`;
/*!40101 SET @saved_cs_client     = @@character_set_client */;
/*!50503 SET character_set_client = utf8mb4 */;
CREATE TABLE `responses` (
  `id` int(11) NOT NULL,
  `hotel_id` int(10) NOT NULL,
  `text` text NOT NULL,
  `star` int(1) NOT NULL,
  PRIMARY KEY (`id`,`hotel_id`),
  KEY `responses_fk` (`hotel_id`),
  CONSTRAINT `responses_fk` FOREIGN KEY (`hotel_id`) REFERENCES `hotels` (`id`)
) ENGINE=InnoDB DEFAULT CHARSET=utf8mb4 COLLATE=utf8mb4_0900_ai_ci COMMENT='Отзывы';
/*!40101 SET character_set_client = @saved_cs_client */;

--
-- Dumping data for table `responses`
--

LOCK TABLES `responses` WRITE;
/*!40000 ALTER TABLE `responses` DISABLE KEYS */;
/*!40000 ALTER TABLE `responses` ENABLE KEYS */;
UNLOCK TABLES;

--
-- Table structure for table `rooms`
--

DROP TABLE IF EXISTS `rooms`;
/*!40101 SET @saved_cs_client     = @@character_set_client */;
/*!50503 SET character_set_client = utf8mb4 */;
CREATE TABLE `rooms` (
  `id` int(11) NOT NULL AUTO_INCREMENT,
  `hotel_id` int(10) NOT NULL,
  `num_of_rooms` int(2) NOT NULL,
  `ref1` tinyint(1) NOT NULL,
  `ref2` tinyint(1) NOT NULL,
  PRIMARY KEY (`id`),
  KEY `rooms_fk` (`hotel_id`),
  KEY `rooms_IDX1` (`id`,`hotel_id`),
  CONSTRAINT `rooms_fk` FOREIGN KEY (`hotel_id`) REFERENCES `hotels` (`id`)
) ENGINE=InnoDB AUTO_INCREMENT=101 DEFAULT CHARSET=utf8mb4 COLLATE=utf8mb4_0900_ai_ci COMMENT='Номер в гостинице';
/*!40101 SET character_set_client = @saved_cs_client */;

--
-- Dumping data for table `rooms`
--

LOCK TABLES `rooms` WRITE;
/*!40000 ALTER TABLE `rooms` DISABLE KEYS */;
INSERT INTO `rooms` VALUES (1,1,4,0,0),(2,2,8,0,0),(3,3,8,0,0),(4,4,2,0,0),(5,5,6,0,0),(6,6,6,0,0),(7,7,2,0,0),(8,8,3,0,0),(9,9,8,0,0),(10,10,1,0,0),(11,11,6,0,0),(12,12,6,0,0),(13,13,5,0,0),(14,14,4,0,0),(15,15,1,0,0),(16,16,4,0,0),(17,17,8,0,0),(18,18,3,0,0),(19,19,8,0,0),(20,20,3,0,0),(21,21,2,0,0),(22,22,9,0,0),(23,23,0,0,0),(24,24,0,0,0),(25,25,4,0,0),(26,26,3,0,0),(27,27,9,0,0),(28,28,4,0,0),(29,29,9,0,0),(30,30,0,0,0),(31,31,8,0,0),(32,32,2,0,0),(33,33,9,0,0),(34,34,2,0,0),(35,35,6,0,0),(36,36,8,0,0),(37,37,0,0,0),(38,38,5,0,0),(39,39,5,0,0),(40,40,1,0,0),(41,41,1,0,0),(42,42,1,0,0),(43,43,1,0,0),(44,44,8,0,0),(45,45,7,0,0),(46,46,4,0,0),(47,47,2,0,0),(48,48,7,0,0),(49,49,0,0,0),(50,50,1,0,0),(51,51,5,0,0),(52,52,4,0,0),(53,53,9,0,0),(54,54,0,0,0),(55,55,4,0,0),(56,56,0,0,0),(57,57,4,0,0),(58,58,0,0,0),(59,59,9,0,0),(60,60,3,0,0),(61,61,4,0,0),(62,62,5,0,0),(63,63,5,0,0),(64,64,8,0,0),(65,65,4,0,0),(66,66,9,0,0),(67,67,8,0,0),(68,68,4,0,0),(69,69,6,0,0),(70,70,8,0,0),(71,71,5,0,0),(72,72,8,0,0),(73,73,1,0,0),(74,74,5,0,0),(75,75,0,0,0),(76,76,9,0,0),(77,77,8,0,0),(78,78,9,0,0),(79,79,5,0,0),(80,80,8,0,0),(81,81,4,0,0),(82,82,2,0,0),(83,83,8,0,0),(84,84,5,0,0),(85,85,5,0,0),(86,86,1,0,0),(87,87,4,0,0),(88,88,2,0,0),(89,89,6,0,0),(90,90,1,0,0),(91,91,5,0,0),(92,92,4,0,0),(93,93,8,0,0),(94,94,4,0,0),(95,95,1,0,0),(96,96,4,0,0),(97,97,2,0,0),(98,98,5,0,0),(99,99,7,0,0),(100,100,3,0,0);
/*!40000 ALTER TABLE `rooms` ENABLE KEYS */;
UNLOCK TABLES;

--
-- Temporary view structure for view `v_bookings`
--

DROP TABLE IF EXISTS `v_bookings`;
/*!50001 DROP VIEW IF EXISTS `v_bookings`*/;
SET @saved_cs_client     = @@character_set_client;
/*!50503 SET character_set_client = utf8mb4 */;
/*!50001 CREATE VIEW `v_bookings` AS SELECT 
 1 AS `client`,
 1 AS `hotel`,
 1 AS `room`,
 1 AS `date_from`,
 1 AS `date_to`,
 1 AS `is_paid`*/;
SET character_set_client = @saved_cs_client;

--
-- Temporary view structure for view `v_price`
--

DROP TABLE IF EXISTS `v_price`;
/*!50001 DROP VIEW IF EXISTS `v_price`*/;
SET @saved_cs_client     = @@character_set_client;
/*!50503 SET character_set_client = utf8mb4 */;
/*!50001 CREATE VIEW `v_price` AS SELECT 
 1 AS `id`,
 1 AS `city`,
 1 AS `hotel`,
 1 AS `room`,
 1 AS `ref1`,
 1 AS `ref2`,
 1 AS `amount`,
 1 AS `date_from`,
 1 AS `date_to`,
 1 AS `is_mepty`*/;
SET character_set_client = @saved_cs_client;

--
-- Final view structure for view `v_bookings`
--

/*!50001 DROP VIEW IF EXISTS `v_bookings`*/;
/*!50001 SET @saved_cs_client          = @@character_set_client */;
/*!50001 SET @saved_cs_results         = @@character_set_results */;
/*!50001 SET @saved_col_connection     = @@collation_connection */;
/*!50001 SET character_set_client      = utf8mb4 */;
/*!50001 SET character_set_results     = utf8mb4 */;
/*!50001 SET collation_connection      = utf8mb4_0900_ai_ci */;
/*!50001 CREATE ALGORITHM=UNDEFINED */
/*!50013 DEFINER=`admin`@`%` SQL SECURITY DEFINER */
/*!50001 VIEW `v_bookings` AS select `c`.`name` AS `client`,`h`.`name` AS `hotel`,`r`.`num_of_rooms` AS `room`,`my_b`.`date_from` AS `date_from`,`my_b`.`date_to` AS `date_to`,`my_b`.`it_is_paid` AS `is_paid` from (((`bookings` `my_b` join `clients` `c` on((`my_b`.`client_id` = `c`.`id`))) join `hotels` `h` on((`my_b`.`hotel_id` = `h`.`id`))) join `rooms` `r` on(((`my_b`.`room_id` = `r`.`id`) and (`my_b`.`hotel_id` = `r`.`hotel_id`)))) */;
/*!50001 SET character_set_client      = @saved_cs_client */;
/*!50001 SET character_set_results     = @saved_cs_results */;
/*!50001 SET collation_connection      = @saved_col_connection */;

--
-- Final view structure for view `v_price`
--

/*!50001 DROP VIEW IF EXISTS `v_price`*/;
/*!50001 SET @saved_cs_client          = @@character_set_client */;
/*!50001 SET @saved_cs_results         = @@character_set_results */;
/*!50001 SET @saved_col_connection     = @@collation_connection */;
/*!50001 SET character_set_client      = utf8mb4 */;
/*!50001 SET character_set_results     = utf8mb4 */;
/*!50001 SET collation_connection      = utf8mb4_0900_ai_ci */;
/*!50001 CREATE ALGORITHM=UNDEFINED */
/*!50013 DEFINER=`admin`@`%` SQL SECURITY DEFINER */
/*!50001 VIEW `v_price` AS select `p`.`id` AS `id`,`c`.`name` AS `city`,`h`.`name` AS `hotel`,`r`.`num_of_rooms` AS `room`,`r`.`ref1` AS `ref1`,`r`.`ref2` AS `ref2`,`p`.`amount` AS `amount`,`p`.`date_from` AS `date_from`,`p`.`date_to` AS `date_to`,`p`.`is_mepty` AS `is_mepty` from (((`prices` `p` join `hotels` `h` on((`p`.`hotel_id` = `h`.`id`))) join `rooms` `r` on(((`p`.`room_id` = `r`.`id`) and (`r`.`hotel_id` = `p`.`hotel_id`)))) join `citys` `c` on((`c`.`id` = `h`.`city_id`))) */;
/*!50001 SET character_set_client      = @saved_cs_client */;
/*!50001 SET character_set_results     = @saved_cs_results */;
/*!50001 SET collation_connection      = @saved_col_connection */;
/*!40103 SET TIME_ZONE=@OLD_TIME_ZONE */;

/*!40101 SET SQL_MODE=@OLD_SQL_MODE */;
/*!40014 SET FOREIGN_KEY_CHECKS=@OLD_FOREIGN_KEY_CHECKS */;
/*!40014 SET UNIQUE_CHECKS=@OLD_UNIQUE_CHECKS */;
/*!40101 SET CHARACTER_SET_CLIENT=@OLD_CHARACTER_SET_CLIENT */;
/*!40101 SET CHARACTER_SET_RESULTS=@OLD_CHARACTER_SET_RESULTS */;
/*!40101 SET COLLATION_CONNECTION=@OLD_COLLATION_CONNECTION */;
/*!40111 SET SQL_NOTES=@OLD_SQL_NOTES */;

-- Dump completed on 2019-09-26 18:03:39
